headword,pos,level,sentence,source_grammar_lesson_id
twenty,number,A1,What kind of apples are those? They are twenty.,23
glasses,noun,A1,Where are my glasses?,20
six,number,A1,Has the girl got six books?,17
many,pronoun,A1,Do many eat breakfast?,50
listen,verb,A1,What have you got to listen to?,13
Mr./Mr,noun,A1,He is Mr. Smith.,66
city,noun,A1,What kind of city is this?,23
build,verb,A1,It isn't a sandcastle we build.,3
the,determiner,A1,Let's not eat the cake yet.,48
lot,adverb,A1,Who is it? - It's a lot of people.,9
sing,verb,A1,That's a bird. The bird can sing.,16
seventy,number,A1,What colour shirts do seventy people wear?,54
would,modal auxiliary,A1,Where would you like to go?,61
bar,noun,A1,There are no bars on the door.,40
airplane/aeroplane,noun,A1,This is an airplane.,9
yellow,adjective,A1,Where does the sun shine? It shines on a yellow car.,61
finish,noun,A1,This is the end. The end is a finish.,16
p.m./P.M./pm/PM,adverb,A1,She calls me at 8 p.m.,46
kitchen,noun,A1,She shows me the kitchen.,46
snow,noun,A1,They give me snow.,46
stylist,noun,B2,She had always been a talented stylist.,151
illness,noun,B1,His illness prevented him from attending the meeting.,129
fellow,noun,B1,My old fellow fixed the bike last week.,117
syllabic,adjective,C2,I will be able to learn the syllabic structure of the new language.,141
derelict,noun,C2,Some derelict lay abandoned by the roadside.,171
well-organized/well-organised,adjective,B2,Your presentation will be well-organized by the team.,146
CD,noun,A1,He doesn't listen to a CD.,58
well-built,adjective,B2,The **well-built** athlete fought bravely for the championship.,149
host,noun,A2,The host may not enter without an invitation.,97
improper,adjective,B1,He **washed** his hands with improper soap.,114
initial,noun,B1,The teacher corrected the initial.,114
staple,noun,C1,This office can't function without a proper staple remover.,85
thirteen,number,A1,Are there thirteen apples in the bag?,41
bravery,noun,B2,His bravery was seen by everyone.,151
decide,verb,A2,"We must decide soon, mustn't we?",95
main course,noun,A2,Can I have the main course now?,86
caravan,noun,B2,The old caravan had cost them a fortune to restore.,148
specification,noun,C1,Has the architect got the detailed specification for the new bridge?,17
protagonist,noun,C1,"The protagonist, having already *seen* the danger, *flew* from the collapsing tower.",155
quarrel,noun,B2,We try to avoid any sort of quarrel.,169
principle,noun,B1,"He didn't agree with that principle, did he?",138
advice,noun,A2,Her advice is the best advice I've ever received.,106
exclude,verb,B2,They excluded the possibility of a last-minute change to the plans.,153
round,preposition,B2,They celebrated the successful completion of the project by going round the town for drinks.,169
deficiently,adverb,C2,Have you noticed if the team has been performing deficiently in recent meetings?,162
worldwide,adjective,B2,The company has just achieved worldwide recognition for its innovative products.,160
axiom,noun,C2,Have you seen that famous mathematician's argument that relies on a controversial axiom?,162
theirs,pronoun,A2,Whose books are those? They look like theirs.,76
justly,adverb,C1,What must be decided justly?,93
sympathetic,adjective,B2,"My colleague has just lost her job, and I feel very sympathetic.",160
counterproductive,adjective,C2,His constant complaining was counterproductive to improving the situation.,164
infringe,verb,B2,The new law could infringe upon citizens' rights if not carefully implemented.,152
crash,noun,B1,The noisy car crash woke me up.,128
percentage,noun,B2,A significant percentage of the work is completed by the intern.,144
recommendation,noun,B2,Do you have any recommendation for a good local restaurant?,172
seedy,adjective,C2,Why was the alley so seedy?,159
faulty,adjective,B2,Some of the equipment in the lab is faulty.,171
remark,verb,B1,Who was it that made that strange remark?,137
dye,noun,B2,What new hair dye have you tried recently?,163
laundry,noun,B2,I've just finished the laundry.,160
affair,noun,A2,Who must organize the party affair?,94
fee,noun,A2,"You can pay the entrance fee, can't you?",89
creativity,noun,A2,My sister's creativity is higher than mine.,106
policewoman,noun,A2,"When the policewoman arrives, she will ask some questions.",103
secret,noun,A2,I will tell you my secret tomorrow.,78
alarm clock,noun,A2,"In case the alarm clock doesn't work, I will set my phone too.",104
shut,verb,A2,I'm shutting the window because it's raining.,70
graduation,noun,B1,My sister celebrated her graduation.,136
compulsory,adjective,B2,Attending the workshop became compulsory for all new employees.,143
pedestal,noun,C2,The trophy will be placed on a marble pedestal.,146
consultancy,noun,C1,My department cannot afford a new external consultancy at this time.,85
campaign,verb,C1,What is it? - It's how they campaign for increased public funding for the arts.,8
evolve,verb,B2,The company's business strategy began to evolve after the new marketing campaign was launched.,155
rhythmic,adjective,B2,Do you hear any rhythmic drumming from the festival?,172
resort,verb,C1,They resorted to drastic measures when negotiations failed.,124
dominantly,adverb,C1,"When the new policy is implemented, it will dominantly affect the company's operational procedures.",103
fit,adjective,A2,This dress is not fit for a party.,85
allege,verb,C1,They allege continuing to obstruct the investigation.,170
neutralization/neutralisation,noun,C1,What have you got to facilitate the neutralization of the acid?,13
direct,verb,B1,She directed the whole project.,127
obsess,verb,B2,He is often said to obsess over details too much.,144
verandah,noun,C1,She decided to repaint the entire verandah herself.,101
mechanical,adjective,B1,The old clock spoke with a mechanical tick.,128
astonished,adjective,B2,We were astonished when we were allowed to enter the backstage area.,142
hardship,noun,B1,We grew stronger after facing much hardship.,130
delicatessen,noun,C2,The freshly baked bread from the delicatessen has been purchased.,166
pendulum,noun,C1,"The ancient clock’s pendulum, having swung for centuries, at last met its stillness.",153
yummy,adjective,B2,She *sang* a *yummy* lullaby to her baby.,152
firmly,adverb,B1,She held the door firmly open for me.,115
graduate,verb,A2,Will you graduate from university next year?,80
anyway,adverb,A2,"Can you help me find my keys, anyway?",86
tranquilize/tranquilise,verb,C2,The vet decided to tranquilise the nervous dog before examining it.,169
kangaroo,noun,B2,A captured kangaroo proved too much to handle for the small zoo.,143
impressionistically,adverb,C2,"The artist painted the landscape impressionistically, capturing the fleeting light and mood.",148
mercy,noun,B2,"The exhausted soldiers pleaded for mercy, hoping their captors would show some leniency.",149
heartwarming/heart-warming,adjective,B2,The donation proved to be a heartwarming gesture from the community.,143
well-known,adjective,A2,You mustn't forget that this is a well-known fact.,91
magnetism,noun,C1,The rock's magnetism can be measured by a specialized device.,147
screenwriter,noun,C1,One screenwriter - many screenwriters,30
encouraging,adjective,B1,Her kind words were very encouraging after the difficult test.,125
raunchy,adjective,C1,The comedian told a rather raunchy joke that amused them.,46
stick,verb,B1,The children stuck their drawings on the fridge.,124
tetchy,adjective,C2,The boss seemed a bit tetchy this morning.,156
clarify,verb,B2,I need to clarify to understand the instructions better.,167
coast,noun,A2,We can see the coast from our window.,84
moss,noun,B1,The old stone wall grew thick with green moss.,121
retrospect,noun,B1,"In retrospect, I wish I had studied harder in school.",135
barbecue,verb,B1,We barbecued sausages at the park last weekend.,128
informal,adjective,B2,Some of their conversations were quite informal.,171
irresistibly,adverb,B2,The scent of freshly baked bread drew the cat irresistibly towards the kitchen.,154
clip,noun,B1,"She was wearing a small, decorative clip in her hair.",122
score,noun,B1,The team achieved a high score in the competition.,124
spot,noun,A1,one spot - five spots,28
delightful,adjective,B1,The sunny afternoon brought a delightful surprise.,129
high,adverb,A2,Who may jump high?,100
filling,noun,B1,He broke off a piece of cake with chocolate filling.,128
good-looking,adjective,A2,"He can be a good-looking actor, can't he?",89
sad,adjective,A1,I am sad today.,24
westward,adverb,B1,The sun sank westward.,131
caffeinate,verb,C2,I have just caffeinated and now I feel ready to go.,160
unmanned,adjective,C1,What colour is the unmanned drone?,22
function,verb,A2,This new app doesn't function as well as the old one.,110
subtitle,noun,B2,The film's complex plot was illuminated by its thoughtful subtitle.,156
theme,noun,B2,"In case you are unsure about the main theme, we can discuss it further.",104
Soviet,noun,B2,Historians continue debating the reasons for the Soviet collapsing.,169
impractical,adjective,B2,"If we tried to build a house entirely out of paper, it would be completely impractical.",139
lead,noun,A2,Who will be the lead in the play?,82
fallen,adjective,B1,The fallen leaves covered the garden path.,119
gradually,adverb,A2,You must eat more vegetables gradually.,90
steel,noun,B1,The sculptor worked with steel.,129
monotony,noun,C1,"In case the relentless monotony of your work starts to get you down, remember that there are always opportunities for a change of pace.",104
hapless,adjective,C2,No hapless tourist could find their way through the dense fog.,173
emotion,noun,B1,That event caused a strong emotion.,127
Miss,noun,A1,Is there a Miss Smith here?,38
shimmer,verb,C2,The lake has just begun to shimmer in the early morning sun.,160
hand,noun,A1,Let's not touch that hand.,48
complimentary,adjective,C1,The hotel offered a complimentary breakfast to all guests who had booked their rooms in advance.,152
mortgage,noun,B2,She enjoys paying off her mortgage each month.,170
lab,noun,B1,She worked in the science lab yesterday.,114
finely,adverb,B2,She has learned to finely balance her demanding career with her family life.,169
plausibility,noun,C1,Is the plausibility of his explanation enough to convince you?,4
nickname,noun,B1,"He had a funny nickname in school, didn't he?",138
breakup,noun,B2,"After a difficult breakup, she found it hard to move on.",152
smokestack,noun,B2,The company has agreed to reduce the emissions from its towering smokestack.,167
big,adjective,A1,How much big cake do you want?,34
consideration,noun,B1,Your careful consideration helped us.,127
exotically,adverb,C1,"One rare bloom, often found exotically in remote rainforests, has twelve petals.",28
corporate,adjective,B2,"If the company had a stronger marketing strategy, the new product would surely achieve better corporate recognition.",139
surprise,noun,A1,I am a surprise.,68
fabulation,noun,C2,Her fabulation was discovered in the museum's archives.,159
late,adverb,A1,Is it too late?,4
sanitary,adjective,B2,The hospital corridor must remain sanitary.,159
wealthy,adjective,B2,Some wealthy investors are interested in funding the new project.,171
dread,verb,B2,What future challenges do you dread?,163
attribute,verb,B2,The team's recent failures cannot be attributed to a single cause.,173
sky,noun,A1,Has the bird got the blue sky?,17
freedom,noun,A2,We are fighting for freedom now.,72
courgette,noun,B1,"Yesterday, my neighbour gave me a huge courgette.",131
specifically,adverb,B2,"If she had remembered to buy ingredients, she would have baked a cake, but she didn't remember to buy them, so she isn't baking one, specifically for the party.",139
hone,noun,B2,"Do you have any sharpening stones, like a hone, to help me with my knives?",172
south,noun,A2,Who is traveling south now?,76
tacit,adjective,C2,"The agreement was tacit, understood without being spoken.",149
batter,noun,C1,The young baseball batter struck out.,116
spa,noun,B2,My back pain was treated at the spa.,159
race,verb,B1,The children raced to the swings.,130
newcomer,noun,B1,The newcomer grew tired after a long journey.,130
remorseful,adjective,C2,The thief felt remorseful after the stolen goods were found.,147
skateboarding,noun,A2,You may try skateboarding at the park.,96
recuperation,noun,C2,"After the surgery, his recuperation had been long but successful.",151
apple,noun,A1,Have you got an apple?,12
editor,noun,A2,Who can help me with my story? The editor can.,88
code,noun,A1,Does the computer use a secret code?,59
contempt,noun,B2,"He will be allowed to leave, but only after showing his contempt for the rules.",142
daytime,noun,B2,"During the daytime, the small seeds that had been planted earlier in the week had sprouted.",155
celebration,noun,A1,Don't spoil the celebration!,44
glide,noun,B1,Did you see the smooth glide of the dancer?,133
ingenuity,noun,C1,The ancient aqueducts were admired for their remarkable ingenuity.,145
antistatic,adjective,B2,The antistatic coating had been applied to prevent any electrical discharge.,155
citywide,adjective,B2,We anticipate citywide celebrations to begin next month.,170
phoenix,noun,B1,The mythical phoenix was a symbol of rebirth and renewal.,122
quotation,noun,B2,I always enjoy finding a perfect quotation to use.,169
tone,noun,A2,I must adopt a friendly tone.,90
complementary,adjective,C1,"The artist's abstract sculptures, often conceived and then hung, possessed a complementary visual weight to the gallery's stark architectural lines.",152
bicycle,noun,A1,It isn't a bicycle.,3
care,verb,B1,She cared for the plants diligently.,118
soldier,noun,A2,The soldier won't fight tomorrow.,79
decrease,noun,B1,There wasn't a significant decrease in sales last quarter.,132
extend,verb,B1,We extended our stay by a week.,118
genetics,noun,B1,The students studied genetics last semester.,117
possession,noun,B1,"She bought the antique vase, a valuable possession.",118
leave,noun,B1,His sudden leave surprised everyone.,131
hotel,noun,A1,Whose room is this in the hotel?,62
defeat,noun,B2,A crushing defeat can be devastating for any team.,147
recipe,noun,B2,My grandmother has a secret recipe for apple pie.,164
boil,verb,A2,"The water will boil soon, won't it?",83
expert,adjective,B2,The team hired an expert consultant to fix the complex software issue.,149
rumination,noun,C2,My past mistakes have been the subject of much rumination.,166
cello,noun,B2,What have you been practicing on the cello lately?,163
armory/armoury,noun,C2,The knights brought their swords from the armory.,149
vividly,adverb,B1,She remembered the day **vividly**.,137
sustainably,adverb,C1,This family has learned to farm their land more sustainably over the years.,24
certain,adjective,A2,You may not enter certain rooms.,97
attach,verb,B1,He attached a note to the report.,126
bizarre,adjective,B2,What a bizarre experience that was.,163
channel,noun,B1,He went through a narrow channel to reach the hidden bay.,122
tide,noun,B1,"The tide went out, revealing many shells on the beach.",130
sportsmanship,noun,B1,He learnt true sportsmanship when he dealt with the unexpected loss.,126
moving,adjective,B2,Her moving speech brought tears to many eyes.,143
essential,adjective,B1,Who made this project successful? The team's collaboration was essential.,136
sense,noun,A2,Can you make sense of this map?,86
curve,noun,B1,She spoke about the unexpected curve the project took.,128
tonight,adverb,A1,What kind of food do you want tonight?,53
olive oil,noun,A2,"In case you need it for your salad, there is some olive oil in the kitchen.",104
judo,noun,B2,Her new club offered judo classes for beginners.,143
elongate,verb,C1,The artist is carefully stretching the clay to elongate the neck of the vase.,71
anticipate,verb,B2,We anticipate receiving your application by the end of the week.,170
reporter,noun,A1,Is it a reporter?,4
bacon,noun,B1,"You didn't cook the bacon this morning, did you?",138
comply,verb,C1,He has got to comply with the new regulations.,14
whole,noun,B1,She bought the whole cake.,118
loom,verb,C1,What has the future got looming over us?,18
knowledgeable,adjective,C1,One colleague was surprisingly knowledgeable about ancient civilizations.,24
successfully,adverb,A2,Who will complete the project successfully?,82
portrayal,noun,C1,The actor's sensitive portrayal of the character meant a lot to the audience.,153
walk,noun,A1,Are there any good walks nearby?,41
agony,noun,B2,"After he fought the relentless infection, the lingering agony was almost unbearable.",149
micro,noun,B2,"If we could manage to get even a micro of funding, we would be able to start the project next week.",139
argue,verb,A2,Must we argue about this again?,92
petty,adjective,B2,There was no petty argument that could ruin their friendship.,173
say,noun,B2,The last say on the matter was given to the manager.,145
shameful,adjective,B1,"That was a shameful thing to do, wasn't it?",138
assumption,noun,B2,My initial assumption was that she had already rung the bell.,152
typically,adverb,B1,Who was typically late for meetings?,137
open,adjective,A1,one door - five doors open,28
editorial,noun,B2,There was no editorial in the newspaper that addressed the local housing crisis.,173
ample,adjective,B2,"The room was so large, with ample space for all the guests to be seated comfortably.",154
worrying,adjective,B2,Is that worrying news being considered?,158
shake,noun,A1,Let's not make a shake.,48
provocatively,adverb,C1,"She spoke provocatively, daring him to respond.",112
chief,noun,B2,The chief architect will be consulted on the new design.,146
divergent,adjective,C1,What divergent paths will technological advancements lead humanity down in the next century?,81
bookmark,noun,B2,My favorite page in the novel is marked with a beautiful leather bookmark.,144
pressure,noun,A2,I will feel a lot of pressure to finish the project on time.,78
improved,adjective,B2,Is the recipe really improved?,158
wet,adjective,A2,We are walking in the wet grass.,72
austerity,noun,C2,The government's austerity measures have cost many jobs.,148
blitz,noun,C2,The team's defensive blitz was a success.,150
wrongly,adverb,B2,She sang the melody wrongly at the audition.,152
undaunted,adjective,C1,"Who can continue their research, undaunted by the initial setbacks?",88
reconcile,verb,C2,We have just reconciled our differences.,160
digitalize/digitalise,verb,C1,"In case the archive materials are not readily accessible, we will need to digitalize them before the exhibition.",104
blame,verb,A2,We are not blaming you for this mistake.,72
retina,noun,B2,Some damage to the retina can be permanent.,171
hasty,adjective,B1,I didn't make a hasty decision.,132
tantrum,noun,C1,His toddler's public tantrum is often attributed to an overabundance of sugary snacks.,144
anchorman,noun,B2,The anchorman will be interviewed by the press.,146
chaos,noun,B1,The old alarm clock broke the morning chaos.,128
digest,noun,B2,Some people find this book a difficult digest.,171
knock,verb,B1,He knocked on the door several times.,121
except,conjunction,A2,"You can bring all your friends, except for Mark, can you?",89
zone,noun,A2,He isn't working in the quiet zone.,73
recycling,noun,B1,I felt good about the recycling program we started.,120
tennis,noun,A1,I haven't got a tennis racket.,11
frigate,noun,B2,The old frigate was finally restored to its former glory.,156
resident,noun,B2,The homeowner admitted allowing the resident to stay longer than agreed.,169
crossroads,noun,B1,"Last year the company stood at a crossroads, but this year it's growing quickly.",125
actual,adjective,B2,The report was seen by the actual manager yesterday.,145
frighten,verb,A2,What will frighten the cat in the dark?,81
ethical,adjective,C1,What has the company got in terms of an ethical framework?,18
critic,noun,B1,The reviewer was a harsh critic of the play.,121
mover,noun,B2,Your furniture will be moved by a professional mover.,146
chili/chilli,noun,A2,This chili isn't as spicy as that chili.,110
mimic,noun,B2,There was no mimic of his distinctive laugh.,173
outrageous,adjective,B2,I've never encountered such an outrageous price for a simple coffee before.,161
material,noun,A2,This is the third material we tried.,113
price,noun,A1,It's a low price.,2
impeccable,adjective,C2,His service record had been impeccable.,153
wage,noun,B2,He brought home a good wage last week.,149
leisure,noun,A2,What can we do in our leisure time?,87
tranquil,adjective,C1,She longed to return to the tranquil solitude of her childhood home.,167
winter,noun,A1,Don't play in the snow in winter.,44
gushingly,adverb,C1,Does she always praise her colleagues gushingly after every minor success?,50
dependent,adjective,B1,He was dependent on his family for support when he first moved out.,122
broadcast,verb,B2,We are allowed to broadcast our own music on this platform.,142
shame,noun,B1,It was a shame they couldn't come.,129
stab,verb,B2,"You've been in a situation where someone tried to stab you, haven't you?",165
verve,noun,C1,She sang the aria with such verve that the audience was spellbound.,152
boldly,adverb,B1,She stepped forward boldly.,127
crossing,noun,B1,The careful crossing of the road took several minutes.,125
bloodstream,noun,B2,The doctor has agreed to monitor the patient's bloodstream closely.,167
angle,noun,B1,He looked at the problem from a different angle yesterday.,125
eighteen,number,A1,Don't eat eighteen apples.,44
upper,adjective,B1,"Yesterday, she painted the upper part of the wall blue.",125
mark-up,noun,C1,The retail store added a significant mark-up on the imported designer goods.,35
quality,adjective,B1,She bought a quality wool coat last winter.,118
cure,noun,B1,The doctors found a cure for the disease.,127
nor,conjunction,B1,"He didn't hurt himself, nor did he break anything.",116
afford,verb,B1,We couldn't afford the expensive tickets last week.,125
tinker,noun,C1,That little tinker must have been rearranging the shed again; all my tools are in the wrong place.,177
level,adjective,B1,Who was the level best player?,137
represent,verb,A2,The teacher must represent the students.,94
smattering,noun,C2,Have you got a smattering of French?,162
danger,noun,A2,What must we avoid? We must avoid the danger.,93
adult,adjective,A2,Will you need adult supervision at the concert?,80
voyage,noun,B1,Did the brave explorers complete their long voyage?,133
rice,noun,A1,Is there rice in the kitchen?,38
honey,noun,A2,What can we put in our tea? We can put some honey.,87
microbe,noun,B2,The sample was carefully examined for any trace of a harmful microbe.,166
trolley,noun,B2,Do you have any spare change for the shopping trolley?,172
telltale,adjective,C1,The telltale smudge on his collar revealed his earlier escapade.,129
misery,noun,B1,The long wait caused him great misery.,115
fall,verb,A2,May I fall asleep now?,98
base,verb,B1,Who was based in London for the meeting?,137
utilization/utilisation,noun,C2,The utilization of new technology has been beneficial for the company.,151
proponent,noun,B2,Some proponents of the new policy believe it will significantly improve the local economy.,171
cold,noun,A1,How much cold do you feel?,34
juror,noun,B2,The final juror was sworn in this morning.,151
marathon,noun,B2,Have you ever run a marathon?,162
willingly,adverb,B2,The lost puppy was willingly taken in by the kind old woman.,159
quarrel,verb,B2,They always seem to quarrel about the smallest things.,167
limit,verb,B1,Did you limit your spending last month?,133
demystify,verb,C2,"With practice, you will be able to demystify even the most complex theories.",141
scientific,adjective,A2,We are doing scientific experiments today.,72
detect,verb,B2,Was the unusual signal detected by the observatory?,158
dissatisfaction,noun,B2,The workers tended to express their dissatisfaction to the management.,168
tiredness,noun,B2,"If I hadn't stayed up so late, my tiredness wouldn't be affecting my concentration so much today.",139
impolite,adjective,B2,It was rather impolite of them to leave without saying goodbye.,167
pitch,verb,B2,He didn't pitch any ideas during the meeting.,173
dutiful,adjective,C1,The diligent student offers his teacher a dutifully prepared report each week.,57
violence,noun,B1,The news reported on past violence.,117
fallacy,noun,C2,I consider believing that is a fallacy.,170
promptly,adverb,B2,She vowed to respond promptly to all customer inquiries.,168
guard,noun,A2,"The guard will watch the door, won't he?",83
curry,noun,A2,"You're cooking curry for dinner, aren't you?",77
gaudy,adjective,B2,Her gaudy dress won't be overlooked at the party.,146
civilization/civilisation,noun,B1,That ancient civilization was very advanced.,137
below,preposition,A1,Is this a sharp pencil below?,7
fit,noun,B2,The unexpected noise sent a fit of shivers down his spine.,153
plot,noun,B2,"If the detective hadn't uncovered the villain's treacherous plot, the city would have been in grave danger.",139
eclectic,noun,C1,Her playlist was a curated eclectic of jazz fusion and obscure 80s synth-pop.,143
fork,noun,A2,Who may use the fork?,100
southeast,adjective,B1,The explorers slept soundly in their southeast camp.,120
injustice,noun,C1,Whose silence contributes to the perpetuation of such injustice?,55
suds,noun,C1,That wasn't the brand of suds I used for the dishes.,134
neither,adverb,B2,"She never felt comfortable with public speaking, and neither did I.",150
billiards,noun,C1,She spoke about her impressive win at the billiards tournament.,128
gold,noun,A2,Where will we find more gold?,81
voluntarily,adverb,C1,The most enthusiastic volunteers participated most voluntarily in the challenging clean-up effort.,106
draft/draught,noun,B2,"You’ve experienced this cold draught before, haven't you?",165
bothersome,adjective,B2,"This persistent noise is quite bothersome, isn't it?",165
inside,adverb,A2,This box is smaller inside than that one.,107
wrack,verb,C2,He will not wrack his brain for an answer.,173
anchored,adjective,C1,This is a securely anchored ship.,5
suck,verb,B2,The kite's fabric had been sucked inside out by the strong wind.,155
kinetic,adjective,C2,What kind of energy were you talking about? The kinetic kind.,163
community,noun,B2,The local community deeply felt the impact of the new factory's closure.,153
shall,modal auxiliary,A2,"If you finish your homework, we shall watch a film.",102
cursor,noun,B2,My friend has accidentally deleted the entire document with a misplaced cursor.,164
unhelpful,adjective,B2,My attempt to fix the computer has been quite unhelpful so far.,160
anthropologist,noun,C1,Don't question the anthropologist's interpretation of the ancient artifact.,44
mad,adjective,A2,He can't be mad at us.,85
section,noun,A1,We are the history section.,67
certify,verb,B2,The building's safety can be certified by a qualified inspector.,147
arithmetic,noun,B1,My little brother struggled with his arithmetic.,136
sightseeing,noun,A2,"After our trip, we will look at the photos from our sightseeing.",105
maliciously,adverb,C2,Have you seen anyone deliberately and maliciously spread rumors?,162
earnings,noun,B2,My investment earnings have stayed consistent this quarter.,148
laptop,noun,B2,My old laptop has finally been replaced.,166
balanced,adjective,B2,The meal was always prepared in a balanced way.,156
boost,verb,B2,Regular exercise has boosted my energy levels.,153
flu,noun,B1,Did you catch the flu last winter?,133
net,adjective,A2,This team's performance wasn't as net positive as we hoped.,110
mature,adjective,B2,The company is now able to produce mature products.,141
initiative,noun,B2,Was that new marketing initiative approved by the board?,158
stair,noun,A2,He walked up the third stair.,113
left,noun,A2,What will be left for us to eat?,81
royalty,noun,B2,The entire estate was left to the **royalty** by the eccentric millionaire.,156
advance,verb,B1,The soldiers advanced cautiously into the unknown territory.,125
tight,adverb,B2,The door was held so tight that I couldn't open it.,148
abstract,adjective,B1,The artist's early work was quite abstract.,126
undress,verb,B1,I undressed quickly before going to bed.,120
exhibitionist,noun,C1,"He was known as a bit of an exhibitionist, always the first to have his talent brought before the adoring crowd.",149
palace,noun,A1,There are palaces in the city.,39
wayward,adjective,C2,The coach has agreed to guide the wayward athlete back to success.,167
household,noun,B1,The whole household slept soundly after the long day.,120
wooded,adjective,C1,It's a beautiful wooded area.,2
zoology,noun,C2,That student has excelled in zoology.,151
world,noun,A1,There is a big world.,36
combine,verb,B1,They combined their efforts to reach the summit.,122
dish,noun,A1,I don't eat that dish.,49
salesperson,noun,B2,Some experienced salesperson can help you find the right product.,171
compute,verb,B2,I have never needed to compute complex mathematical equations for my job.,161
rush,noun,A2,You may not join the rush to the exit.,97
reassure,verb,C1,His constant effort doesn't fail to reassure his worried parents.,58
am,be-verb,A1,Am I a student?,12
employee,noun,B2,Have you spoken to the new employee about their role?,162
fraud,noun,B2,The investigation into the accounting fraud is ongoing.,159
angel,noun,A2,He isn't acting like an angel right now.,73
spire,noun,C2,"You've seen that tall spire before, haven't you?",165
sunset,noun,B1,We awoke to a beautiful sunset.,128
police station,noun,A2,"They are going to the police station, aren't they?",77
doll,noun,A1,How many dolls have you got?,31
glee,noun,B2,The children's faces were *grown* with glee as they unwrapped their presents.,155
coconut,noun,B2,The fresh coconut water has been bottled.,166
diary,noun,A2,I must write in my diary every day.,94
contractually,adverb,C2,Some employees are contractually obligated to work overtime.,171
scandal,noun,B2,The company's latest financial scandal has recently broken.,154
help,noun,A2,What help will you need for the project?,81
hastily,adverb,B2,He was able to finish the report hastily before the deadline.,141
netsurfer/net surfer,noun,B2,The curious netsurfer might be surprised by the amount of misinformation online.,147
appeal,noun,B1,Did the new marketing campaign have a strong appeal to young people?,133
ecologically,adverb,B2,The company's waste can be managed more ecologically.,147
versatile,adjective,C1,What is it? - It's a really versatile kitchen tool.,8
specially,adverb,B1,We bought some flowers specially for your visit.,121
herald,noun,C2,Was there any herald of the coming storm?,172
hurry,verb,A2,"You don't need to hurry, can you?",89
retrospection,noun,C2,"In retrospection, I realize I should have asked for directions sooner.",160
audio,adjective,A2,Are you listening to the audio book?,74
rare,adjective,B1,Who was this rare bird?,137
comic,adjective,A2,This joke isn't as comic as the last one.,110
while,noun,B1,Did you finish the book while you were on holiday?,133
will,modal auxiliary,A1,They will be happy.,67
missing,adjective,A2,The missing child was the second child found.,113
digitalization/digitalisation,noun,C1,"The company is embracing digitalization, isn't it?",65
allot,verb,C2,My teacher will allot more time for homework.,164
hot,adjective,A1,I am hot.,68
colonial,adjective,B2,The old traditions weren't entirely erased by the colonial administration.,157
fuss,noun,B1,She was always making a fuss about nothing.,122
slogan,noun,B1,The team decided on a catchy slogan.,121
burn,noun,A2,My arm can't take another burn.,85
impression,noun,B1,She felt a good impression from the new colleague.,120
cognitive,adjective,C2,The teacher dreamt of better cognitive development for her students.,153
ointment,noun,B2,The persistent rash has finally been treated with a special ointment.,166
ventilate,verb,C1,You may not ventilate the room without my consent.,97
collide,verb,C2,Two cars collided head-on.,149
disregard,noun,B2,The initial warning was met with a complete disregard by the team.,145
unimaginable,adjective,B2,The suffering of the victims was unimaginable.,153
welcome,noun,B2,We gave our new neighbors a warm welcome.,149
spread,verb,B2,The news of the event spread quickly through the town.,149
deliberately,adverb,B2,What did you leave on the table? - I deliberately forgot to pick it up.,163
business,noun,A1,They haven't got much business.,11
eminence,noun,C2,His eminence was recognized everywhere.,159
ship,verb,B1,Did they ship the package on Friday?,133
rhinoceros,noun,B2,I have never seen a rhinoceros in the wild.,161
lonely,adjective,A1,There isn't a lonely person here.,37
muscular,adjective,C1,The athlete who won the gold medal was known for his exceptionally muscular physique.,175
front,noun,A2,You may not stand at the front.,97
memorize/memorise,verb,B1,My brother had to memorize the whole poem for school.,136
reflective,adjective,B2,We will have to be more reflective in our approach to problem-solving.,140
chill,verb,C1,Who must chill tonight?,94
notoriously,adverb,C2,The old café is notoriously difficult to find.,168
inexplicably,adverb,C1,"Where is the book that you were just reading, the one that inexplicably vanished from the table?",20
millionaire,noun,B2,He had always dreamed of becoming a millionaire.,151
reservation,noun,B1,He had a reservation at the hotel for his visit.,122
burgle,verb,B2,The thieves had burgled the jewellery store last night.,149
gruesome,adjective,C1,What kind of sight was that? - It was gruesome.,23
unharried,adjective,C2,Her unharried expression indicated that she hadn't been rushed.,157
structural,adjective,C1,May I request a structural assessment of the building's integrity?,98
bay,noun,A2,Who is barking at the bay?,76
specify,verb,B2,The user must specify the desired color for the paint.,147
mess,verb,B2,The toddlers managed to mess up the entire kitchen in minutes.,167
feed,verb,B1,We fed the dog at lunchtime.,124
proverbial,adjective,C2,He finally solved the proverbial puzzle.,143
lawmaker,noun,B2,Was that proposal supported by any lawmaker?,158
insult,noun,B2,Have you ever received such a public insult?,162
shocking,adjective,B1,We thought the news was shocking.,118
brass,noun,B1,The old door handle was made of polished brass.,125
librarian,noun,B1,The librarian found an old book last week.,119
pack,noun,A2,"You can carry this whole pack, can't you?",89
treat,verb,B2,Have you ever treated yourself to a spa day?,162
radiate,verb,B2,Have you ever felt a room radiate warmth from a friendly smile?,162
sail,verb,B2,The boat was beautifully sailed across the bay.,145
merit,verb,C2,This suggestion merits further investigation by the committee.,159
surgeon,noun,B1,What was the doctor's job? He was a surgeon.,135
ideology,noun,B2,The government has just announced a new policy based on its core ideology.,160
schoolgirl,noun,B2,What kind of adventures has the young schoolgirl been having lately?,163
claustrophobic,adjective,C1,She felt uncomfortably claustrophobic with so few people crammed into the tiny elevator.,32
prize,noun,B1,She spoke about the prize she won.,128
facilitate,verb,B2,The new software will facilitate communication between departments.,143
release,verb,B1,The bird suddenly released from the hunter's hand.,130
latest,adjective,A2,"You're reading the latest book by that author, aren't you?",77
summarily,adverb,C2,The committee summarily dismissed the proposal.,155
firm,verb,C1,We are firming up our travel plans for the summer vacation.,72
pilot,noun,A2,The pilot won't fly the plane tomorrow.,79
everyone,pronoun,A1,How many people are in the room? Everyone is here.,56
bow,verb,B2,The magician bowed low to the audience.,155
depth,noun,B1,We explored the ocean's great depth.,123
heavy,adjective,A1,What heavy coat do you like?,54
strain,verb,B2,"You've been trying to strain the pasta, haven't you?",165
wearisome,adjective,B2,"If the journey wasn't so wearisome, we would have arrived by now.",139
sedate,adjective,C1,"The upcoming gala will be quite sedate, won't it?",83
skeleton,noun,B1,The museum didn't display the dinosaur skeleton.,132
proprietorial,adjective,C2,"She had a proprietorial air, as if she had brought the entire company into existence herself.",149
female,noun,B2,The award has been given to a deserving female.,166
nostalgically,adverb,C2,She looked nostalgically at the old photographs.,148
reenact,verb,C1,Is there a historical event the museum plans to reenact this summer?,38
opposite,noun,B1,He wasn't the opposite of what we expected.,134
surrender,verb,B2,The enemy refused to surrender.,157
landslide,noun,B2,What kind of victory did the election result in? A landslide.,163
pioneer,noun,C1,What colour is the pioneer's flag?,22
bottle,verb,B2,The baby was finally able to bottle feed himself.,159
entrance,noun,A2,Can you show me the main entrance?,86
carelessly,adverb,B1,My brother carelessly dropped the vase.,136
remedial,adjective,C1,The student doesn't need any remedial help with that subject.,58
aspire,verb,B2,Such great achievements are not aspired to by everyone.,157
stray,noun,C1,"The neighbour's tabby cat, a known stray, has been living in our shed for weeks.",164
indignantly,adverb,C2,What did you say indignantly?,163
surname,noun,A2,"When I fill in the form, I will write my surname.",103
greenhouse,noun,B1,My grandfather was a gardener who had a small greenhouse.,122
apartment,noun,A2,My new apartment is smaller than my old one.,106
paternal,adjective,C1,"She's inheriting her paternal grandmother's extensive library, isn't she?",77
suddenly,adverb,B1,He suddenly woke up from a bad dream.,128
wife,noun,A1,Does your wife like coffee?,59
forecast,noun,B1,The weather forecast showed rain.,117
steep,adjective,B1,The hill we climbed was very steep last week.,119
stop,verb,A1,Let them stop crying.,47
sexy,adjective,B2,The vintage car looks really sexy after its restoration.,141
blend,verb,B1,My old clothes didn't blend in with the new style.,134
obscurely,adverb,C1,"Don't speak so obscurely, or we'll never understand your intentions.",44
faction,noun,C1,The discontented faction's demands were ultimately ignored.,159
further,adjective,A2,Can you tell me further details about the plan?,86
excitedly,adverb,B1,She ran excitedly to open the door.,125
curiously,adverb,B1,She curiously rang the old bell.,124
private,adjective,A2,I won't share my private photos online.,79
has,have-verb,A1,A dog has a bone in a small box.,35
revenge,noun,B2,The long-lost brother vowed his revenge would be swift.,147
firm,adjective,B1,He dreamt of a firm grip on his own destiny.,126
crash,verb,B1,The car crash into the wall.,124
disappoint,verb,B1,The bad weather did not disappoint our plans.,120
duty,noun,B1,He felt it was his duty to help.,131
electronically,adverb,B2,Have you sent any documents electronically recently?,172
circulate,verb,C1,There are no rumors allowed to circulate within the office.,40
retailer,noun,B2,The famous fashion retailer had been struggling with online sales for months.,151
indefinite,adjective,C1,"The duration of the project became more indefinite, then the most indefinite part of the entire undertaking.",107
collector,noun,B2,The stamp collector brought out his rarest finds.,149
generally,adverb,B1,People generally spoke with less urgency back then.,128
deposit,noun,B1,She felt a large deposit of sand in her shoe.,120
bean,noun,A1,This is a bean.,9
twist,verb,B1,What did he do with the rope to tie the boat? He decided to twist it.,135
risk,verb,B2,"If she didn't risk her reputation, she wouldn't have gotten the promotion.",139
production,noun,A2,The artist must organize the film production.,94
unfamiliar,adjective,B2,She has chosen to learn an unfamiliar language to expand her career prospects.,167
contract,verb,C1,Can you contract a specific muscle group on demand?,86
manufacture,verb,B2,The goods have now been manufactured in our new factory.,166
temper,noun,B1,He lost his temper yesterday.,125
boxer,noun,B2,The champion boxer was cheered loudly by the crowd.,156
paradise,noun,B1,We found our own little paradise last summer.,119
discredit,verb,B2,Have you seen any reports that try to discredit his findings?,162
trial,noun,B2,Has anyone mentioned the new product trial?,172
upon,preposition,A2,The tallest building stands upon the hill.,106
surprised,adjective,A2,Can you be surprised by the news?,86
antidote,noun,C2,Her kind words were an antidote to his bad mood.,159
microscope,noun,B2,They haven't got a microscope for the science project.,11
diving,noun,B1,My first time diving felt amazing.,117
bombing,noun,B2,The country will have to deal with the aftermath of the bombing.,140
enormous,adjective,A2,He is painting an enormous picture.,71
handball,noun,B1,Who was playing handball?,137
toilet,noun,A1,She showed me the toilet.,46
oddity,noun,C1,She may overlook this particular oddity in his behavior.,96
prefect,noun,B2,The prefect's duties were carefully explained to the new student.,156
hook,noun,B2,I've never experienced such a compelling story that really had me on the hook.,161
fearsome,adjective,B2,The shadows in the forest will be made more fearsome by the moon's absence.,146
mogul,noun,B2,The tech mogul was granted permission to build his new headquarters.,142
third person,noun,B2,Your request will be handled by a third person.,146
commodity,noun,C2,This precious metal has long been considered a valuable commodity.,166
being,noun,A2,I am enjoying this being a relaxing afternoon.,70
competitive,adjective,B1,She sang a competitive song at the talent show.,124
shoplift,verb,B2,Have you ever witnessed anyone shoplift in that store?,162
obstacle,noun,B1,My doubt was an obstacle that we dealt with.,126
fourteen,number,A1,Whose books are those fourteen?,55
blurb,noun,C2,I have just finished reading the book's blurb.,160
practice,noun,A1,There is a lot of practice for me.,36
meditation,noun,B1,"You tried meditation before, didn't you?",138
path,noun,A2,Who must follow the path?,94
champion,noun,B1,He was the marathon champion.,116
entertainer,noun,B1,She was a famous entertainer in her youth.,122
fascinating,adjective,A2,What kind of book can you read? A fascinating book.,87
unwise,adjective,B2,Leaving valuables unattended in a crowded place can be unwise.,147
yellow,noun,A1,It's a yellow car.,2
project,verb,B2,The new marketing campaign was projected to increase sales by 15%.,145
individuality,noun,C1,What has the artist cultivated in her work besides technical skill? She has cultivated a profound sense of individuality.,18
fry,verb,B1,I fry an egg for breakfast every morning.,116
altruistic,adjective,C1,They have decided to dedicate their lives to more altruistic pursuits.,167
December,noun,A1,How many days are in December?,56
uncharacteristic,adjective,B2,"His sudden outburst of anger was uncharacteristic, and he immediately felt ashamed.",150
recreation,noun,B2,"The park offers many options for outdoor recreation, and I have always enjoyed them.",151
analyze/analyse,verb,B1,"You didn't analyze the data properly, did you?",138
marketing,noun,B2,We intend to increase our marketing efforts next quarter.,168
elementary,adjective,A1,Where do you go for elementary school?,52
obscure,adjective,C1,She can find her way through even the most obscure historical texts.,84
pleased,adjective,A2,I am pleased to see you.,87
torment,verb,C1,My conscience often seems to torment me with past mistakes.,45
organize/organise,verb,A2,What can we organize for the party?,87
championship,noun,A2,We may watch the championship on TV.,99
attack,noun,A2,The village must prepare for the animal attack.,99
mobile,adjective,A2,You mustn't use your mobile phone in the library.,91
mess,noun,B1,What a mess that room was after the party!,135
debut,noun,C1,Who was the star of the show at their team's championship debut?,137
suppress,verb,B2,Was the information deliberately suppressed?,158
aptitude,noun,C2,"She has a natural aptitude for learning languages, having already spoken three fluently by age ten.",154
unexcused,adjective,C2,His absence was unexcused because he had flown to another country without telling anyone.,155
south,adverb,A2,We must walk south.,94
romper,noun,C2,I have never worn a romper to a wedding.,161
squash,verb,B2,I've never learned to properly squash grapes for wine.,161
smile,verb,B1,She smiled when she saw her friends.,114
forfeit,verb,C1,Is there any reason to forfeit the opportunity?,38
occupy,verb,B1,The old house occupied a large part of the land.,114
native,adjective,A2,We are learning about native animals today.,72
coral,noun,B2,The divers brought up a piece of coral.,149
quip,noun,C1,Her witty quip immediately lightened the tense atmosphere.,114
anchorage,noun,B2,The ship found secure anchorage in the sheltered bay.,154
pour,verb,A2,Must they pour the water?,92
ankle,noun,A2,"She hurt her ankle playing football, so she was the second player to leave the field.",113
worried,adjective,A2,"She was worried, but her brother was more worried, and her mother was the most worried.",106
aid,verb,B1,The doctor aided the patient with his recovery.,114
text message,noun,A2,I won't send a text message tomorrow.,79
transparent,adjective,B2,The artist sought a more transparent quality for the painted landscape.,149
infallibility,noun,C2,They have claimed infallibility to deceive everyone.,167
intermediary,noun,C2,She has never acted as an intermediary in business deals.,161
rustle,noun,C1,A faint rustle of leaves accompanied the delivery of a small box of chocolates.,42
enough,determiner,A2,She is not eating enough food for lunch.,71
fabric,noun,B2,The old couch fabric has cost a lot to repair over the years.,148
truly,adverb,A2,"You're truly enjoying your holiday, aren't you?",77
set,verb,A1,They set the book on a small table.,35
July,noun,A1,Does it rain in July?,59
immensely,adverb,C1,"You've enjoyed that concert immensely, haven't you?",165
report,verb,B1,Who was supposed to report their progress?,137
trainer,noun,B2,My new running trainer wasn't delivered on time.,157
cloak,noun,C1,"He went out into the night, pulling his worn cloak tighter around himself.",122
saw,verb,B2,"You saw that interesting documentary last night, didn't you?",165
physical,adjective,A2,She can run a long physical distance.,84
owner,noun,A1,He is the owner.,66
worthy,adjective,B1,The old book felt worthy of careful study.,131
maverick,noun,C2,The team leader was considered a maverick because he had always spoken his mind.,154
motherland,noun,B1,He had always dreamed of returning to his motherland.,122
mortal,adjective,B2,The weary warrior felt his mortal wounds deepen.,150
gnaw,verb,C1,I wish I hadn't let that doubt gnaw at my confidence for so long.,179
deviant,noun,C2,Have you encountered any deviants in your studies?,162
antithetical,adjective,C2,My desire for peace is antithetical to your aggressive methods.,157
frosty,adjective,C1,She prefers venturing out on a frosty morning for a brisk walk.,170
bank,noun,A1,It's a large bank.,2
judge,noun,B1,He was a harsh judge in his youth.,122
log,noun,B1,He carried a heavy log last week.,119
proverb,noun,B1,She didn't teach me that old proverb.,132
novelty,noun,B2,My friend experienced the novelty of trying a new cuisine for the first time.,164
trade,noun,A2,"After the big trade, we will go for pizza.",105
debate,noun,A2,Who will win the debate?,82
curtain,noun,B1,That wasn't the velvet curtain I saw.,134
startling,adjective,C1,What kind of change can we expect? A startling one.,87
blubber,noun,C2,The whale's blubber insulated it against the frigid water.,143
align,verb,C1,We're not aligning our strategies with their short-term goals right now.,73
talk,verb,A1,Do you talk to your friends every day?,50
purple,adjective,A2,What colour will the new car be? It will be purple.,81
setback,noun,B2,I've never experienced such a significant setback in my career before.,161
rope,noun,A2,Who can tie this knot with the rope?,88
indulgence,noun,C2,The chocolate was a delicious indulgence.,151
soaked,adjective,B2,Your clothes will be soaked if you don't take cover from the rain.,146
ambassador,noun,B2,"If the new ambassador had arrived, we would have met him, but since he hasn't arrived yet, we haven't had the opportunity to meet him.",139
exceptionally,adverb,B2,She has been exceptionally good at remembering everyone's birthday.,169
dwarf,noun,B2,Is that particular dwarf star observed by many astronomers?,158
coherent,adjective,B2,Are there any coherent arguments in his speech?,41
such,pronoun,A2,I may not give such information.,97
smell,verb,B1,Yesterday the kitchen smelled of baking bread.,131
unmanageable,adjective,C1,What may be done with the unmanageable paperwork?,99
ring,verb,A1,Has he got a ring?,17
plastic,adjective,A2,I'm carrying a plastic bag.,70
tournament,noun,B1,He practiced hard for the tennis tournament last week.,121
tortoiseshell,noun,B2,Her spectacles had frames of polished tortoiseshell.,143
all,pronoun,A1,How much water do you want? I want all.,34
averse,adjective,C2,I'm averse to hard work.,164
hopeful,adjective,B1,She felt hopeful after the good news.,131
head,verb,A2,"If the traffic is bad, we will head home early.",102
rich,adjective,A1,How many rich people live in this city?,31
arcane,adjective,C2,The ancient spell was only understood by those with arcane knowledge.,145
sometime,adverb,B1,Someone took my book sometime yesterday.,136
asleep,adjective,A2,You mustn't wake the baby when he is asleep.,91
devastate,verb,B1,The storm devastated the village.,129
evil,adjective,B2,Was that evil plan successful?,158
can,noun,A2,This can is nearly empty.,112
distributor,noun,B2,The new book was sent to every major distributor.,145
admirable,adjective,B2,His dedication to helping others was truly admirable.,153
winner,noun,A2,You may not be the winner this time.,97
bond,noun,B1,She bought a strong bond for her investment.,118
own,adjective,A1,I am my own person.,68
hold,verb,A2,"After we hold the meeting, we will discuss the plans.",105
revile,verb,C2,Have you ever heard people revile such a good cause?,162
ski,verb,B1,Where did they ski last winter?,135
air,noun,A2,Who will breathe the fresh air?,82
paradox,noun,B2,It was a paradox that the most helpful advice was given by someone who seemed to know nothing.,145
fluctuation,noun,C2,The stock market's recent fluctuation was a result of the company's unexpected earnings report.,149
shadow,noun,A2,You mustn't stand in his shadow.,91
load,verb,B2,We had loaded the truck before the rain started.,151
rock,verb,B2,The toddler will be allowed to rock the baby to sleep.,142
appropriate,adjective,A2,Where may I put my bag? You may put it on the chair that is appropriate for guests.,99
wise,adjective,A2,The wise advice was the first I received.,113
signal,noun,B1,"She was a talented musician, but her stage fright was a clear signal to change her career.",122
philosopher,noun,B1,The young philosopher thought deeply as he sat by the window.,124
parking,noun,B1,She thought the parking fee was too high.,118
acquisition,noun,B2,The rapid acquisition of new skills felt crucial for his career advancement.,150
pea,noun,A2,What vegetable may I pick? You may pick one pea.,99
desolation,noun,B2,The prolonged drought brought a deep sense of desolation to the farming community.,164
borrow,verb,A1,What colour pen can I borrow?,54
confrontationally,adverb,C2,"He spoke confrontationally, his voice having rung with anger.",152
foot,noun,B1,My brother broke his foot playing football.,136
copyright,noun,B1,The artist protected her work with copyright.,117
mushroom,noun,A2,Who may eat the mushroom?,100
facial,adjective,C1,He doesn't indulge in excessive facial hair grooming.,58
medical,adjective,A2,What kind of advice can you get from him? A medical advice.,87
're,be-verb,A1,We're happy children.,1
intuitively,adverb,C1,"In case she finds herself struggling with the new software, she will intuitively know where to look for the help section.",104
check,noun,A1,We are on the check.,67
functional,adjective,B2,The old computer should be functional again after the repair.,141
abject,adjective,C2,She confessed to being in abject poverty.,169
strategy,noun,A2,May I use this strategy?,98
religion,noun,B1,His mother often dreamt about her old religion.,126
energy,noun,B2,"You've really put a lot of energy into this project, haven't you?",165
slackly,adverb,C1,"This isn't a tightly drawn bow, but rather one held slackly.",6
memorable,adjective,B1,We dreamt of a memorable trip.,126
retention,noun,C1,There are no obvious signs of employee retention in the recent quarterly report.,40
anxiety,noun,B1,The doctor said my recent anxiety wasn't a serious problem.,134
punish,verb,B1,They decided to punish the boy for his bad behavior.,121
investment,noun,B2,This careful planning was a wise investment.,156
popularity,noun,B2,The band's new song saw its popularity burst after the viral video.,148
wheel,noun,A1,one wheel - two wheels,27
pass,noun,A2,"It's a pass, isn't it?",77
greeting,noun,B1,She felt a warm greeting from her old friend.,120
prosecute,verb,B2,The state will prosecute those who have wronged the public.,153
hybrid,adjective,B2,The new hybrid model will be released next month.,146
intellectual,adjective,B2,"If she weren't so intellectually curious, she wouldn't have spent hours researching that obscure topic.",139
handicraft,noun,B2,I have never tried my hand at intricate handicraft before.,161
salesman,noun,B1,The salesman sold a car last week.,119
anticlimactically,adverb,C2,Have the great battle concluded anticlimactically?,162
teach,verb,A1,What do you teach?,23
lunchtime,noun,A2,Who may eat snacks at lunchtime?,100
mystique,noun,C2,She enjoys cultivating her professional mystique by avoiding unnecessary personal disclosures.,169
related,adjective,B2,The problems discussed were closely related to the current economic situation.,156
client,noun,B2,There were no clients present at the meeting.,173
narrowly,adverb,B2,The suspect was narrowly missed by the police.,144
vice,adjective,B1,Did you hear about his vice tendencies?,133
magazine,noun,A1,Is this a good magazine?,7
female,adjective,A2,Where must the female doctor go?,93
end,noun,A1,How many pages do you read until the end?,56
reconsider,verb,B2,I've never had to reconsider my career path before.,161
anthropological,adjective,C2,Have you studied any anthropological texts?,162
on,preposition,A1,I am on the bus.,68
frequent,adjective,B1,That wasn't a frequent occurrence.,134
oak,noun,A2,The squirrel is climbing the oak.,76
persuade,verb,B1,She tried to persuade him to stay longer.,115
topple,verb,C2,The old tower will have to topple eventually.,140
several,determiner,A2,"We must finish several tasks today, mustn't we?",95
audit,noun,B2,Have you ever participated in a financial audit?,162
thankful,adjective,B1,"You were thankful for their help, weren't you?",138
whirlwind,noun,C2,"If I hadn't rushed through the interview in a whirlwind, I would have remembered to ask about the benefits.",139
fan,noun,A1,This is a ceiling fan.,5
positive,adjective,B1,His positive attitude helped us.,129
farmer,noun,A1,He is a farmer.,66
spray,verb,B2,She enjoys spray painting the walls of her studio.,170
scenic,adjective,B1,My brother drove us along the scenic coastal road.,136
north,adjective,A2,We cannot see the north star tonight.,85
hammer,noun,B1,I found a hammer in the garden.,131
elated,adjective,C2,She felt elated after the news had come.,148
trouble,verb,B1,My dog sometimes troubles the cat.,123
mile,noun,B1,I ran a mile.,130
biology,noun,B1,She felt a deep interest in biology from a young age.,120
contradict,verb,B2,They don't have to contradict their previous statements.,140
non-smoking,adjective,B2,Our hotel room was designated as a non-smoking area.,145
importance,noun,A2,Her work has as much importance as his.,110
nicely,adverb,B2,Was the cake decorated nicely?,158
weakly,adverb,B2,"She waved goodbye to her friends, though her arm moved rather weakly.",164
canteen,noun,B1,The soldiers ate lunch in the canteen.,117
fictional,adjective,B2,She decided to write a fictional story about a magical creature.,168
stir,verb,B1,She stirred the soup carefully last night.,119
unmistakably,adverb,B2,He will unmistakably be able to handle the increased workload as he gains more experience.,141
drop,noun,A2,This is a bigger drop than the other one.,107
rush,verb,B1,The paramedics rushed the patient to the hospital.,116
neither,determiner,B2,Neither the team nor the coach brought the correct equipment.,149
ingenious,adjective,C1,This one shelf holds their ingenious collection of antique maps.,29
dedicate,verb,B1,She dedicated her time to helping others.,136
cellist,noun,B2,Some very talented cellist performed a solo piece at the concert.,171
scuba,noun,B2,I have never tried scuba diving.,161
festive,adjective,B1,"The children grew so excited, their faces bright and festive.",130
loud,adjective,B1,She thought the music was too loud.,118
phenomenally,adverb,C1,"The young astronaut, who was once phenomenally afraid of heights, went on to explore distant galaxies.",122
rhetorical,adjective,C2,Have you made any rhetorical questions about the trip?,162
stimulate,verb,B2,The new research has stimulated interest in alternative energy sources.,153
among,preposition,A2,"You're playing a game among friends, aren't you?",77
means,noun,B2,What does that action really means for our future plans?,158
facsimile,noun,C2,The facsimile was not sent.,157
patient,adjective,B1,The patient dog waited for hours without a sound.,116
overestimate,verb,B2,We often overestimate the difficulty of tasks before we actually start them.,150
instinct,noun,B2,"With practice, I am able to trust my artistic instinct.",141
chirp,noun,A2,"If you listen carefully, you can hear a little bird's chirp.",102
adequately,adverb,B2,"If the team had prepared adequately for the presentation, they would not be facing such difficulties now.",139
holy,adjective,B1,The ancient priest blessed the holy water.,117
signify,verb,B2,The ancient symbols in the cave painting clearly signify a lost civilization's beliefs.,154
investigator,noun,B2,The investigator had seen his reputation broken by false accusations.,154
jug,noun,B1,"She grew taller and taller, reaching for the jug on the top shelf.",130
bravely,adverb,B1,She bravely faced the challenge yesterday.,115
straw,noun,B1,She felt a single straw tickle her nose.,120
operate,verb,A2,The doctor will operate on the third patient.,113
mentally,adverb,B1,She **dealt** with the difficult situation **mentally** by preparing for every possible outcome.,126
biochemistry,noun,B1,She studied biochemistry for two years at university.,119
interesting,adjective,A1,These two books are very interesting.,27
window,noun,A1,Does she open the window?,59
define,verb,B1,The teacher defined the new word for us yesterday.,125
freezing,adjective,B1,"Yesterday, the wind felt freezing.",119
ghetto,noun,B2,"You've heard stories about growing up in the ghetto, haven't you?",165
silence,noun,A2,The audience isn't making any silence.,73
visual,adjective,B1,My first drawing was a visual representation of my pet cat.,123
hyphen,noun,B2,We'll have to use a hyphen to connect these two words.,140
clerk,noun,A2,The clerk may help you with that.,96
clutter,verb,C1,My childhood bedroom used to clutter with so many toys.,123
grave,noun,B1,He wasn't buried in that grave.,134
admission,noun,B1,Her early admission to the program surprised everyone.,125
unwavering,adjective,C1,"Her belief in the cause was unwavering, more unwavering than anyone else's.",106
ban,noun,B2,Have you heard about the new ban on single-use plastics?,162
rest,noun,B1,She woke and then took a long rest.,128
make,noun,B2,A last-minute make will be necessary to finish the project on time.,146
glory in,verb,C2,They glory in winning every competition.,170
slam,verb,B2,"If you didn't slam the door in my face, I would have told you the good news, but now you'll never know.",139
observation,noun,B1,"From my observation, he slept better after the first night.",120
good,adjective,A1,Is there a good coffee shop nearby?,38
couple,noun,A2,This couple is more famous than the other couple.,107
camp,verb,A2,We must camp by the lake.,93
prince,noun,A1,Whose castle does the prince live in?,55
ever,adverb,A2,This is the best pizza I've ever eaten.,109
soul,noun,B1,His music touched the soul.,130
consonant,noun,B1,Who taught you that the letter 'b' is a consonant?,136
weekly,adverb,A2,My family has a movie night weekly.,76
latter,pronoun,A2,"Of the two options, the latter is more manageable.",108
petrol station,noun,A2,I am driving to the petrol station.,70
conversation,noun,A1,This isn't a long conversation.,6
bomb,noun,B1,The old castle contained a hidden bomb.,127
number,noun,A1,Whose phone number do you have?,55
extortion,noun,C1,The company's chief executive secretly **grew** wealthy through a sophisticated scheme of extortion.,130
season,noun,B1,They didn't win the championship last season.,132
no one,pronoun,A2,Is anyone at the party? - No one is here yet.,75
his,determiner,A1,What does he like for his breakfast?,51
certainly,adverb,A2,"This cake is good, but that one is certainly better.",108
display,verb,B1,The artist displayed his paintings at the gallery.,129
idiomatic,adjective,C2,"You've learned some idiomatic phrases already, haven't you?",165
overdraft,verb,C1,There isn't an account that's been overdrafted this month.,37
embodiment,noun,C2,The company's new eco-friendly initiative is the embodiment of their commitment to sustainability.,160
touch,noun,A1,Whose paint is that? - That's a light touch of blue paint.,21
abruptly,adverb,B2,What surprised you the most? - The train stopped abruptly.,163
slightly,adverb,B1,She sang slightly off-key at the party.,124
risk,noun,B1,He took a big risk when he swam in the dangerous river.,128
imprisonment,noun,B2,"He has experienced unjust imprisonment, hasn't he?",165
accustom,verb,B1,What kind of food did you accustom yourself to when you lived abroad?,135
ticket,noun,A1,I have one ticket.,24
dolphin,noun,B1,That wasn't a dolphin swimming near the boat.,134
offensive,adjective,B1,His comments were truly offensive.,122
aggressively,adverb,B2,Competitors are aggressively pursuing market share.,144
stormy,adjective,B1,"The weather was stormy last night, wasn't it?",138
primeval,adjective,C2,The forest was considered primeval.,156
ring,noun,A2,Can you show me the gold ring?,86
damp,adjective,B1,The towels didn't feel damp this morning.,132
painter,noun,A2,The painter must finish the wall by Friday.,93
translate,verb,B1,She thought the book would translate well into French.,118
appearance,noun,A2,You mustn't judge someone by their appearance.,91
haircut,noun,A1,There isn't a haircut for me.,37
left,adjective,A1,"What kind of cake do you want? I want the chocolate cake, the left one.",53
besiege,verb,C2,The enemy forces besieged the castle.,150
dozen,noun,B1,We ate a dozen cookies.,129
adversely,adverb,B2,"The recent economic downturn has adversely affected small businesses, hasn't it?",165
refreshments,noun,B1,They brought some welcome refreshments after the long journey.,121
commercial,adjective,B1,Last year the company launched a successful commercial campaign.,131
churn,verb,C1,Who will churn out new inventions in the coming decades?,82
grammar,noun,A1,Are there any grammar rules?,41
bargain,noun,A2,You may not have that bargain.,97
inspirational,adjective,B2,Her leadership style is considered highly inspirational by her team.,144
jargon,noun,C2,The team had already grown accustomed to the company's technical jargon.,155
half,adverb,B1,The cake was cut half.,131
certificate,noun,B2,I haven't received my graduation certificate yet.,161
advancement,noun,B2,The recent advancement of medical technology has been truly remarkable.,151
suitor,noun,C1,The third suitor to arrive was the most promising.,113
diploma,noun,B2,She anticipates receiving her university diploma next month.,170
ward,noun,B1,She went toward the hospital ward.,122
health,noun,A1,I have good health.,10
condemn,verb,B2,The committee's decision was widely condemned by the public.,156
rude,adjective,A1,What kind of man is he? He is rude.,23
wire,verb,B2,He wired the funds immediately.,150
simultaneous,adjective,B2,The applause was simultaneous with the standing ovation.,144
detachment,noun,B2,The military unit was described with great detachment in the report.,145
citizen,noun,A2,"After I become a citizen, I will vote in the election.",105
hungry,adjective,A1,Let us eat; I am hungry.,47
bite,verb,B1,The dog bit the postman.,129
superior,adjective,B1,He was a superior athlete at his old school.,122
swap,verb,C1,They swapped their seats at the last minute.,127
demography,noun,C1,Whose insights into demography does the researcher claim?,62
what,determiner,A1,He is what we call a teacher.,66
pearl,noun,B2,I have never seen such a magnificent pearl before.,161
compression,noun,B2,The new software update is known for its advanced data compression.,144
overtake,verb,B2,The leading car might be overtaken on the final lap.,147
domination,noun,C1,How many instances of blatant domination did the history books record?,31
grain,noun,B2,She felt a single grain of sand on the beach.,150
heavily,adverb,A2,This rain is falling more heavily than yesterday.,106
induct,verb,C1,Let's induct him into the club this evening.,47
whisper,verb,B2,"You didn't hear me whisper my name, did you?",165
artery,noun,B2,The clogged artery has been treated.,166
blithely,adverb,C1,"She blithely suggested we could just wing it, couldn't she?",89
doctor/Dr./Dr,noun,A1,How much time does the doctor have?,34
result,noun,A1,Where does the experiment have a result?,61
polar bear,noun,B2,The zoo's new enclosure for the polar bear was completed last spring.,145
kind,noun,A1,Do you like that kind of music?,50
arrange,verb,B1,Last week I arranged a meeting for my colleagues.,125
realist,noun,C1,What role must the seasoned negotiator play? He must be a realist.,93
opening,noun,B1,She carefully examined the small opening in the wall.,114
etching,noun,C2,The delicate etching can be seen on the antique silver locket.,147
fiddle,verb,C1,You mustn't fiddle with the settings on that equipment.,90
treacherous,adjective,C2,"The path, once smooth, had become treacherous after the storm.",152
headmistress,noun,C2,Was the letter seen by the headmistress?,158
writing,noun,A2,"In case you need help with your writing, just ask me.",104
backpacker,noun,B1,The backpacker arrived yesterday.,131
parameter,noun,C2,The problem was fought with a tight parameter.,149
broccoli,noun,B1,I ate some delicious broccoli last night.,119
consent,noun,B2,We discussed gaining the client's consent before proceeding.,170
collaborate,verb,C1,We've got to collaborate on this project to ensure its success.,10
go,verb,A1,What kind of music do you like to go with?,23
program/programme,noun,A1,Have you got a program?,12
anonymous,adjective,B2,The donation was made by an anonymous benefactor.,156
vindicate,verb,C2,What happened to vindicate her decision?,163
undersea,adjective,B2,We will have to explore the undersea caves.,140
corpus,noun,C2,The linguist analyzed the vast text corpus for examples of forgotten verb forms.,154
mock,adjective,B2,I've just seen the mock-up for the new office building.,160
collect,verb,A1,He can collect fifty stamps and sixty stamps.,26
bucket,noun,A1,a bucket of sand,42
midwifery,noun,C2,Is midwifery considered a vital part of maternal healthcare?,158
ice hockey,noun,B1,He played ice hockey last winter.,129
condensation,noun,C2,We have begun to notice condensation on the windows.,167
aboard,preposition,C1,This is the captain; he is currently aboard the ship.,16
personalization/personalisation,noun,C1,There is a growing trend towards personalization in online learning platforms.,36
earnest,adjective,B1,She spoke with an earnest desire to help.,127
carpool,noun,B2,The office carpool made our morning commute much smoother.,149
suitably,adverb,B2,We plan to suitably decorate the hall for the event.,168
death,noun,A2,"He will fear death, won't he?",83
grandfather,noun,A1,This is my grandfather.,19
shocked,adjective,B1,She was shocked by the news yesterday.,125
tall,adjective,A1,I've got a tall tree.,10
casual,adjective,B1,He wore a casual shirt to the party.,117
walking,noun,A2,I am walking to the park this afternoon.,70
intrinsically,adverb,C2,Is it intrinsically valuable?,158
against,preposition,A2,We must work against the clock to finish.,90
sun,noun,A1,It isn't the sun.,3
slip,verb,B1,He slipped on the ice yesterday.,121
hair,noun,A1,It isn't long hair.,3
assessment,noun,B2,Your performance will be subject to a thorough assessment.,144
subcontinent,noun,B2,We are allowed to study the rich cultural history of the Indian subcontinent.,142
careless,adjective,B1,He was careless with his belongings.,127
dinosaur,noun,A2,"When I visit the museum, I will see the dinosaur.",103
question,noun,A1,This isn't a hard question.,6
sweetheart,noun,A2,You may call me sweetheart.,99
capital letter,noun,A2,The biggest capital letter is the most important.,106
respectably,adverb,B2,He did not behave respectably at the party.,173
manipulation,noun,C1,There is a subtle manipulation of public opinion occurring through certain media outlets.,36
ear,noun,A1,What colour is your ear?,22
echolocate,verb,C2,The bats have echolocated their way through the cave for centuries.,151
perfect,verb,C1,We will have to perfect the recipe before we can serve it to the guests.,140
curly,adjective,B1,She didn't have curly hair when I met her.,132
block,verb,B1,The crowd went to block the entrance.,122
weight,noun,A2,"This box is lighter, but that one has the biggest weight.",106
reminder,noun,B2,The buzzing phone served as a clear reminder that his appointment had begun.,154
plastic,noun,B1,She dreamt of a world without plastic.,126
soar,verb,B2,Have you seen the eagles soar over the mountains?,162
tread,verb,B2,"Carefully, the ancient stones will be tread by many visitors.",146
pronoun,noun,B1,She used that pronoun in her essay.,127
corona,noun,B2,The building's grand corona has now been restored.,166
concentrate,verb,A2,"When I study, I try to concentrate.",103
sarcasm,noun,C1,One instance of her sarcasm often implies many underlying criticisms.,30
communicate,verb,A2,"We must communicate clearly, mustn't we?",95
lush,adjective,B2,The garden can be described as lush after the spring rains.,147
soda,noun,A2,"You will bring the soda, won't you?",83
wilderness,noun,B2,The remote **wilderness** will be explored by scientists next summer.,146
leap,noun,B2,The unexpected leap was made by the athlete yesterday.,159
spellbound,adjective,B2,She imagined remaining spellbound by the storyteller's words forever.,170
spontaneity,noun,C2,Her spontaneity often cost her carefully laid plans.,148
murderer,noun,B1,The detective finally caught the murderer who flew away last night.,130
central,adjective,B1,Did the park have a central fountain?,133
regardless,adverb,B2,"She sang the song beautifully, regardless of the difficult melody.",152
prohibitively,adverb,C1,"The cost of entry was prohibitively high, so many were planning to skip the event.",168
bloody,adjective,B2,"The bloody match was so intense, the spectators' hearts pounded.",150
solid,adjective,B1,He was a solid player for the team that went to the finals.,122
tail,noun,B2,The dog's wagging tail meant it was happy to see us.,153
lust,noun,C1,He is feeling a strange lust for adventure.,71
island,noun,A1,There isn't an island in the lake.,37
tablet,noun,B1,She was a history teacher before she went to live in another country and bought a tablet to read books.,122
overtime,adverb,B2,She's never worked overtime before this week.,161
probe,noun,B2,The spacecraft has been equipped with a new probe.,166
forgive,verb,B1,"I didn't mean to hurt you, please forgive me.",132
average,adjective,A2,"After the average student finishes the test, they can leave the room.",105
government,noun,A2,This government is stricter than the last one.,106
desperation,noun,B2,He was able to overcome his desperation to finish the difficult task.,141
finger,noun,B1,I didn't touch that cookie with my finger.,132
confirm,verb,B1,I didn't confirm your booking yesterday.,132
bud,noun,B2,"If you had shown me the unopened bud, I would have been able to tell you what kind of flower it would become.",139
despise,verb,B2,"He shows no remorse; in fact, he seems to almost despise anyone who feels sorry for him.",173
assistant,adjective,A2,"She will be the assistant manager, won't she?",83
ambitious,adjective,B1,She spoke of her ambitious plans for the future.,128
philanthropic,adjective,C2,His family has always been known for its philanthropic efforts.,151
use,verb,A1,I don't use that.,3
percent/per cent,noun,B1,What percentage of the audience agreed with the speaker's opinion?,135
checkout,noun,B1,I kept my receipt from the checkout.,120
schoolwork,noun,A2,I can do my schoolwork easily.,111
hang,verb,B1,We hung the pictures on the wall yesterday.,121
dictator,noun,B2,Was the country liberated from the dictator?,158
indefinite article,noun,B1,He grew tired of hearing the indefinite article used incorrectly.,130
investor,noun,B2,This project was funded by a new investor.,156
wreck,noun,B2,She dreams of finding a treasure chest amidst the sunken wreck.,170
whole,adjective,A2,The whole cake was tastier than the slice I had yesterday.,109
hit,noun,B1,The song was a big hit last summer.,123
assimilate,verb,C2,The new ideas will be assimilated by the team.,146
repress,verb,B2,Have you ever had to repress your excitement?,162
concrete,adjective,B2,"You've experienced the benefits of this concrete plan, haven't you?",165
exhausted,adjective,B1,She felt exhausted after her long journey.,127
swarm,noun,B1,The bees formed a swarm and flew away from the hive.,124
lion,noun,A1,How many lions are there?,31
murder,verb,B1,He thought the butler murdered the king.,118
choreography,noun,C2,She plans to devise the entire choreography.,168
achievement,noun,B1,Winning the award was a great achievement for her.,115
child,noun,A1,There are no children in the park.,40
chain,noun,A2,"When I see that bike chain, I will know it's yours.",103
produce,verb,A2,The factory can produce many cars.,84
bank account,noun,B1,I dreamt I had a million pounds in my bank account.,126
deliberate,adjective,B2,Are there any deliberate attempts to mislead the public?,172
cinematography,noun,C2,The cinematography for that film is often praised.,144
catering,noun,B2,"There was no catering at the small, informal gathering.",173
pole,noun,B1,She didn't touch the North Pole.,132
gas,noun,A2,Is the car using a lot of gas?,74
offspring,noun,C1,The lioness fiercely protected her offspring from the approaching predators.,115
abundance,noun,B1,The forest offered an abundance of berries last autumn.,131
firefighter,noun,B1,The brave firefighter rescued the cat from the tree.,115
frame,noun,A2,"If the picture is too big, it won't fit in the frame.",102
webcam,noun,B1,That wasn't my old webcam.,134
hostility,noun,C1,"In case of escalating hostility, we will be forced to withdraw our diplomatic personnel.",104
mull over,verb,C2,He will be allowed to mull over the proposal before making a decision.,142
fatigue,noun,C1,Their relentless training schedule led to profound fatigue.,52
universal,adjective,B2,There is no universal agreement on the best way to learn a language.,173
column,noun,A2,The tall column stands proudly.,112
burglary,noun,B2,The police officer explained that the recent spree of thefts had culminated in a serious burglary.,151
want,noun,B2,Their want to explore the unknown is palpable.,167
file,verb,B2,"If you didn't file the report by Friday, you would miss the deadline.",139
accidental,adjective,B1,His apology was accidental.,117
scan,verb,B2,Your passport was scanned at the security checkpoint.,145
worst,adjective,A2,Will this be the worst rain we have ever seen?,80
committee,noun,A2,"The committee is meeting today, isn't it?",77
tenderness,noun,B2,There was some tenderness in her voice when she spoke about her grandmother.,171
emphatically,adverb,B2,She emphatically denied the accusation.,150
vast,adjective,B1,The ancient library held a vast collection of scrolls.,116
kettle,noun,B1,"Yesterday, the kettle boiled.",116
swift,adjective,B2,"The hawk, having been swift, caught its prey with ease.",151
tomorrow,adverb,A1,Let me go tomorrow.,47
ghostly,adjective,C1,Is that a ghostly glow?,7
late,adjective,A1,He has got a late train.,14
pardon,noun,A1,We've got a pardon.,10
wane,verb,C2,"If his enthusiasm didn't wane, he would finish the project this week.",139
wallet,noun,A2,Who may borrow my wallet?,100
carry,verb,A1,There are no bags to carry.,40
usher,verb,B2,The usher was permitted to guide us to our seats.,142
pear,noun,A2,Must you eat that last pear?,92
psychologically,adverb,B2,"She found it difficult to stop thinking about it, psychologically.",170
stiff,adjective,B2,The old man agreed to help carry the stiff wooden planks.,168
vital,adjective,B2,Having enough sleep is vital for children's development.,155
serial,adjective,B2,He is able to contribute to the serial publication of his research.,141
tablespoon,noun,A2,"When I cook, I always measure one tablespoon of salt.",103
inject,verb,B1,She injected the medicine yesterday.,127
rehearsal,noun,B2,"You've attended a choir rehearsal before, haven't you?",165
hemp,noun,B2,Many farms near the river have recently grown hemp.,155
skateboarder,noun,B2,The skateboarder flung his board onto the pavement.,152
dare,verb,B1,He didn't dare tell the truth.,129
pro,noun,A2,Must the pro explain the strategy?,92
recuperate,verb,C2,"If she got enough rest, she would recuperate faster.",139
sell,verb,A1,What does the shop owner do? - He sells bread.,60
fire,noun,A1,Whose fire is this?,62
clean,adjective,A1,They haven't got a clean shirt.,11
automatically,adverb,A2,The lights will turn on automatically when you enter the room.,78
eccentricity,noun,C2,She plans to overlook his eccentricity.,168
portable,adjective,C1,Do you often use a portable charger when you're out and about?,50
magnanimous,adjective,C2,The victor was magnanimous and let the defeated competitor keep their medal.,154
deny,verb,B1,She couldn't deny she had gone to the wrong station.,122
dreamy,adjective,B2,She often felt dreamy while gazing at the stars.,150
stressful,adjective,B1,"Yesterday, I spoke to my boss about the stressful project.",128
glad,adjective,A1,I am glad you have a new book.,18
CD-ROM,noun,B1,Who was looking for the old software on that dusty CD-ROM?,137
blaze,noun,B2,We intend to follow the blaze through the forest.,168
sorrow,noun,B1,His heart felt a deep sorrow.,116
cost,noun,A2,"When you buy the car, the cost will be high.",103
him,pronoun,A1,Is that a good picture of him?,7
middle,adjective,A1,Is there a chair in the middle?,38
harmony,noun,A2,Can you hear the harmony in the music?,86
network,noun,B1,She spoke to her entire network about the new project.,128
venomously,adverb,C2,She spoke venomously about her former boss.,154
floodgates,noun,C2,"The dam, once broken, unleashed the floodgates, and water rushed through the valley.",154
riveting,adjective,C1,The documentary was so riveting that she could barely pull herself away from the screen.,84
passionately,adverb,B2,What do you think about that subject? - I speak about it passionately.,163
daylight,noun,A2,"We must finish before daylight, mustn't we?",95
unclearly,adverb,B2,The speaker's voice was heard unclearly through the poor connection.,151
incumbent,adjective,C2,The incumbent minister appears to intend to continue his work.,168
widen,verb,B2,The company has decided to widen its product range.,167
flat,adjective,B1,"Before, my apartment felt cramped, but now it's quite flat.",123
encouragement,noun,B1,She gave me a lot of encouragement when I started the new job.,125
strict,adjective,A1,Where does she go for lessons? She goes to a strict teacher.,61
predicative,adjective,B2,He found the teacher's feedback to be predicative of his future success.,141
taciturn,adjective,C2,She has decided to remain taciturn about her past.,167
authority,noun,B1,The teacher used her authority to calm the noisy classroom.,125
patchily,adverb,C2,She has only patchily understood the instructions.,169
apprenticeship,noun,C1,"In case you secure the prestigious apprenticeship, ensure you thoroughly research the company's history and values.",104
connoisseur,noun,C1,He considers himself a true connoisseur of fine wines.,57
floor,noun,A1,What does the cleaner do? - He cleans the floor.,60
exaltedly,adverb,C2,"You have spoken about this plan exaltedly, haven't you?",165
car park,noun,A2,Can you see the car park from here?,86
terrain,noun,C1,The rugged terrain is navigated by experienced hikers.,144
transmitter,noun,C2,What is that device? - It's a radio transmitter.,163
equal,noun,B2,All participants deserve to be treated with equal.,148
visitor,noun,A2,Can our visitor see the garden tomorrow?,86
recommendable,adjective,B2,Experiencing the local cuisine is highly recommendable when visiting a new country.,155
illustrate,verb,B2,These new findings can further illustrate the importance of recycling.,147
wax,verb,B1,The moon waxed full and bright in the night sky.,130
carbon footprint,noun,B2,Our company's carbon footprint is being significantly reduced by these new initiatives.,144
cook,noun,A1,What is it? - It's a cook.,8
effect,noun,A2,The medicine is having a good effect.,76
flow,verb,B1,The river **flowed** slowly through the valley.,124
research,noun,A2,"You're doing some research, aren't you?",77
lane,noun,A2,Who is driving in the middle lane?,76
subsistence,noun,C2,I have never known a life of pure subsistence.,161
recall,verb,B1,She couldn't recall his name clearly.,131
bunch,noun,B1,We picked a bunch of apples this morning.,119
tag,noun,B2,"I felt a slight bump on my jacket, realizing it was the price tag.",150
east,noun,A2,Will we travel to the east next year?,80
presentational,adjective,C2,The lecturer's approach was highly presentational.,150
pressurization,noun,C2,The cabin pressurization has been completed.,166
foresee,verb,B2,She could foresee the problems that might arise from their hasty decision.,152
expire,verb,C1,This isn't a contract that will expire next week.,6
conductor,noun,B2,The orchestra conductor felt the music build to a powerful crescendo.,150
teamwork,noun,B1,Did your teamwork help them win the game?,133
council,noun,B1,Who was on the town council?,137
adventure,noun,A2,Who must go on an adventure?,94
goal,noun,A1,How much goal do they have?,34
answer,verb,A1,Whose questions do you answer?,62
papaya,noun,B2,She decided to buy a ripe papaya for breakfast.,167
spacious,adjective,C1,Who in the future will inhabit that spacious architectural marvel?,82
valley,noun,A2,We must cross the valley.,90
passport,noun,B1,She showed her passport at the airport.,114
centralized/centralised,adjective,C2,The information is not centralized.,157
cover,noun,A1,He needs a new cover for his book.,57
palate,noun,C2,I have just discovered a new wine that really suits my palate.,160
tenderly,adverb,B2,The injured bird must be handled tenderly.,147
archetype,noun,C2,This character could be seen as the archetype of a hero.,147
credit,noun,A2,You definitely deserve credit.,112
clue,noun,A2,I'm not seeing any clue here.,73
dandelion,noun,B2,He is able to blow the seeds off a dandelion.,141
enrich,verb,B1,My grandmother's stories enrich our family history.,136
disdainful,adjective,C2,Her disdainful glance will be noticed by everyone.,146
rescue,noun,B1,The quick rescue brought them to safety.,121
mom,noun,A1,There are moms at the park.,39
originality,noun,B2,She felt a lack of originality in her latest project.,150
only,adjective,A1,Whose toys does the only child play with?,62
panel,noun,B2,The judges are selected for the judging panel.,144
conscientious,adjective,C1,Sarah's research was far more conscientious than anyone else's in the department.,109
blubbery,adjective,C2,The blubbery seal burst from the water.,148
exalted,adjective,C2,Are such exalted positions always earned?,158
herb,noun,B2,The salad has been garnished with a fresh herb.,166
callous,adjective,C2,The child's behavior was seen as callous by many.,145
acquaintance,noun,B1,"He met his new acquaintance last week, didn't he?",138
compel,verb,C1,"After the evidence is presented, the jury will be compelled to reach a verdict.",105
adept,noun,C2,We will have to show our adept at the task to get the job.,140
mountaineer,noun,C1,"Should a mountaineer encounter unforeseen difficulties, they must have a contingency plan.",104
claustrophobia,noun,C1,"You're experiencing claustrophobia in this small elevator, aren't you?",77
presence,noun,B1,Who noticed my sudden presence?,136
appropriately,adverb,B2,She had fought valiantly and was appropriately recognized for her bravery.,149
content,adjective,B2,This box must be kept content with the packing material.,147
flood,noun,A2,Will there be a flood next week?,80
quirk,verb,C2,What about that shop? - It always quirks at that time of day.,163
cooperative,adjective,B2,The new team members were very cooperative during the challenging project.,145
wasteful,adjective,B1,He wasted a lot of money on something truly wasteful.,114
comic,noun,A2,I can read a comic book.,84
workbench,noun,B2,You'll be allowed to use the workbench for your project.,142
indolence,noun,C2,They will be allowed to continue their indolence without consequence.,142
maternal,adjective,C1,She spoke of her grandmother's strong maternal instincts.,128
clinch,verb,C2,The deal was finally clinched after weeks of negotiation.,156
breast,noun,B1,Who was the mother's breast so warm?,137
body,noun,A1,Whose body does the doctor examine?,62
ambiguity,noun,B2,The meaning of the instruction was found to have some ambiguity.,156
leisurely,adverb,B2,"What kind of evenings have you been having? - We've been spending them quite leisurely, reading and chatting.",163
hunting,noun,B2,Deer hunting can be difficult in dense forests.,147
rapture,noun,C2,He is spoken of with such rapture by his fans.,144
farthest,adverb,B1,The runner ran farthest in the final lap.,131
count,noun,B1,The last count of the votes was very close.,125
mien,noun,C2,Some people have a very serious mien when they are thinking.,171
nearby,adjective,B1,What did you see in the park yesterday? - I saw a nearby squirrel.,135
cordon,verb,C2,Was the area cordoned off quickly?,158
joke,noun,A2,You must not tell that joke again.,90
egalitarian,adjective,C2,The team fought for a more egalitarian distribution of tasks.,149
hairdresser,noun,B1,My hairdresser dreamt of opening her own salon.,126
mash,verb,B1,She mashed the potatoes with a fork yesterday.,115
iron,verb,B1,"Yesterday, my mother ironed all the shirts.",121
exercise,verb,A1,Do you exercise every day?,50
horn,noun,B1,Who was blowing the horn?,137
disappointment,noun,B1,"We thought about the trip, but the disappointment was clear when it rained all day.",118
takeaway,noun,B1,"Last night, we ordered a pizza takeaway, tonight we will cook pasta.",125
lava,noun,B2,There was no lava visible from the safe viewing distance.,173
scholarly,adjective,C2,The professor was allowed to publish her scholarly research in the prestigious journal.,142
oily,adjective,B1,The mechanic's hands became oily.,131
meter/metre,noun,A2,"You're measuring the room with a meter stick, aren't you?",77
tradition,noun,A2,What is the new tradition for your family?,81
patriot,noun,B2,"He was a true patriot, whose courage had been spoken of for generations.",154
feeling,noun,A1,There are no good feelings today.,40
educated,adjective,B2,She is an educated person who always seeks knowledge.,153
horror,noun,A2,May I ask if you felt horror at that film?,98
live,verb,A1,How much time do you live?,34
perversity,noun,C2,His actions will be seen as a demonstration of sheer perversity.,146
outshine,verb,B2,The aspiring singer's performance managed to outshine the headliner's due to her incredible vocal range.,159
adulterate,verb,C2,They intend to adulterate the product to cut costs.,168
surprisingly,adverb,B1,The bell surprisingly rang at the wrong time.,124
adorable,adjective,B1,She found the tiny kitten adorable.,125
conform,verb,C1,What do they do to ensure everything conforms to the new regulations?,51
annoying,adjective,A2,"May I ask you not to do that, it's rather annoying?",98
baby,noun,A1,I don't want a baby.,49
creator,noun,B1,The artist was the sole creator of that beautiful painting.,131
accessory,noun,B1,She always carried a stylish scarf as a fashion accessory.,114
modify,verb,B1,We decided to modify the recipe after tasting it.,125
marry,verb,A2,What can they do next year? They can marry in the summer.,87
subtract,verb,B2,What was it like when you had to subtract the smaller number from the larger one during the exam?,163
kerosene,noun,B2,I have never smelled kerosene before.,161
alternative,noun,B1,We didn't have another alternative.,132
sigh,noun,B1,She let out a long sigh as she walked away from her old house.,122
cartoon,noun,A1,Who watches the cartoon?,63
cut,noun,B1,He made a deep cut in the paper.,124
enthusiasm,noun,B1,The young gardener showed great enthusiasm as his sunflowers grew.,130
plunge,verb,C1,The financial analyst explained that the company's stock price was expected to plunge after the disappointing earnings report.,174
cable,noun,B2,"If the internet wasn't down, we would be able to watch the film using the streaming service, but the **cable** is cut, so we'll have to read a book instead.",139
unnerve,verb,C2,The strange silence seemed to unnerve him.,168
locomotion,noun,C2,Have you experienced difficulty with locomotion after your injury?,162
pathos,noun,C1,"The old actor, whose performances once captivated audiences with their profound pathos, would often lament the decline of genuine drama.",178
her,determiner,A1,Let her play the game.,47
pint,noun,B2,The last pint can be saved for later.,147
fanciful,adjective,C1,She had agreed to support his rather fanciful plan to travel the world in a hot air balloon.,167
bank,verb,A2,The river banks more steeply at this point.,107
repose,verb,C2,His body will repose in the ancient tomb.,146
land,noun,B1,She didn't buy that land last week.,132
award,noun,A2,"In case you win the competition, you will receive a special award.",104
cosset,verb,C2,He will be able to cosset his new puppy as soon as he finishes his exams.,141
experience,noun,A2,"If you have a good experience, you will want to come back.",102
slap,verb,B2,She slapped the mosquito on her arm.,150
vase,noun,A1,Who broke the vase?,63
brewery,noun,B2,We were allowed to visit the local brewery last weekend.,142
hyperbole,noun,B2,"His speech, full of exaggeration, was obviously just hyperbole.",153
torrential,adjective,C2,"The torrential rain had begun to fall, and the small boat was swiftly blown off course.",155
ignorance,noun,B2,His complete ignorance of the situation had led to a regrettable outcome.,154
luggage,noun,B1,She packed her luggage before she departed.,114
menacingly,adverb,C2,The dog didn't bark menacingly.,157
intuit,verb,C1,What information may one intuit from the subtle shifts in their body language?,99
coincidence,noun,B2,It was no coincidence that the old theatre was renovated just before the historical society announced its funding.,157
pawnbroker,noun,B2,My grandmother's old watch will likely be sold to a pawnbroker.,146
rainstorm,noun,B2,Was there any sign of a rainstorm yesterday?,172
steer,verb,B2,I'm allowed to steer the boat now.,142
episode,noun,A2,Must we watch the next episode?,92
compromised,adjective,C1,What will be compromised by the cyberattack?,81
dose,noun,B2,A small dose of encouragement meant a lot.,153
tour,noun,A2,Where may we go for a tour?,99
sign,verb,B1,She signed the important document.,129
bony,adjective,B2,"You've noticed how bony that bird's legs are, haven't you?",165
possess,verb,B1,She possessed a great talent for singing.,123
paradoxically,adverb,C2,"Paradoxically, the finished report has just been delivered.",166
first name,noun,A2,You must use your first name here.,90
invitingly,adverb,B2,"The warm fire burned invitingly, its flames leaping and dancing.",148
exorcism,noun,C2,What kind of spiritual practices have you heard about? - The local church is still known for its ancient exorcism rituals.,163
accessibility,noun,B2,The full accessibility of the new software wasn't considered during its development.,157
mold/mould,noun,B2,"Over time, I've been able to see the mold grow in the bathroom.",141
close,adjective,A1,How many close friends do you have?,56
compliantly,adverb,C1,The automated system doesn't operate compliantly without its daily maintenance checks.,58
repair,verb,A2,Where may I repair my bicycle?,99
spur,noun,B2,She found the unexpected praise a great spur to continue her efforts.,169
sedentary,adjective,C1,She didn't lead a sedentary life before she moved to the countryside.,132
vanish,verb,B2,Was the evidence quickly made to vanish?,158
try,verb,A2,You may try to open the door.,96
calm,adjective,B1,"The ocean was calm yesterday, but today it is stormy.",125
pioneer,verb,C1,"If they pioneer new sustainable farming methods, the community will benefit from increased food security.",102
mutinous,adjective,C2,The sailors could be seen as mutinous.,147
merge,verb,B2,Was the company's proposal to merge successfully accepted?,158
suspension,noun,C1,The unexpected suspension of their project cost the team dearly.,116
safe,adjective,A2,You may not go out until the area is safe.,97
bald,adjective,B1,Did the old man next door go bald last year?,133
those,determiner,A1,Those are big trees.,2
dinner,noun,A1,I don't cook dinner tonight.,49
gain,verb,B1,What did you do to gain more experience for the job?,135
chariot,noun,B1,"He didn't see the ancient chariot, did he?",138
tease,verb,B2,The little brother was often teased by his older sister about his messy room.,156
hatching,noun,B2,The hatching of new ideas will be carefully observed.,146
toe,noun,A2,Who may touch my toe?,100
aluminum/aluminium,noun,B2,The old tin cans were melted down and reformed into new aluminum sheeting.,155
country,noun,A2,The people of that country are having a festival.,75
overweight,adjective,A2,I must exercise more because I am overweight.,90
ferryboat,noun,B2,"If we had taken the ferryboat, we would have enjoyed the sea breeze, but instead, we drove, and now we're stuck in traffic.",139
through,preposition,A1,One leaf fell through the branches.,29
ridiculous,adjective,B1,He thought the idea was ridiculous.,118
tough,adjective,B2,Some of the decisions faced by the committee were quite tough.,171
etch,verb,C2,The design can be etched into the metal.,147
tender,adjective,B2,The young chef was able to make the meat so tender with his new cooking technique.,141
derisively,adverb,C2,The old painting was derisively dismissed by the art critic.,166
insult,verb,B2,My intelligence was just insulted.,166
face to face,adverb,B1,They discussed the problem face to face last week.,119
reach,verb,A2,I am reaching for the book on the top shelf.,70
mottled,adjective,C2,The old wall will be painted a lovely mottled grey.,146
last,determiner,A2,Can you show me the last page?,86
sunbathe,verb,B1,We decided to sunbathe on the beach yesterday.,127
concede,verb,B2,"After a lengthy debate, the politician finally conceded his opponent had made some valid points.",152
equally,adverb,B1,They both equally enjoyed the concert.,129
oblige,verb,C1,I don't generally oblige requests for spontaneous karaoke performances.,49
heaven,noun,B1,I didn't go to heaven when I was sick.,132
workout,noun,B1,I finished my workout yesterday.,114
lean,verb,B2,You are allowed to lean against the wall for a moment.,142
burn,verb,B1,The fire burned brightly all night.,127
hail,verb,B2,They decided to hail taking a taxi.,169
sufficiently,adverb,B2,What experiences have you had that have sufficiently prepared you for this role?,163
frozen,adjective,B1,"Yesterday the lake was clear, today it is frozen.",125
evenly,adverb,B1,She distributed the sweets evenly among the children.,127
carefree,adjective,B2,There was no carefree laughter from the children after the bad news.,173
stuff,noun,A2,Who must clean up this stuff?,94
kiss,verb,B1,She kissed him goodbye before she went home.,122
typhoid,noun,B2,"With proper vaccination, most people are able to avoid the effects of typhoid.",141
index,noun,B2,The book's index was carefully compiled.,149
mixture,noun,B2,I've just created a lovely mixture of spices for the curry.,160
deceive,verb,B2,"If they tried to deceive us about the costs, we would cancel the contract immediately.",139
trample,noun,B2,What a careless trample of the flowerbed!,163
physiologically,adverb,C2,They are physiologically adapted to the cold and therefore permitted to stay outside.,142
solution,noun,A2,What is the solution to this problem?,87
brick,noun,B1,He felt a cold brick under his foot.,120
choice,noun,A2,You must make a choice.,90
spot,verb,B2,We spotted a rare bird in the park.,143
glacis,noun,B2,The steep glacis of the castle has been reinforced with stone.,166
easy,adjective,A1,Are there any easy exercises for beginners?,41
attention,noun,A2,What requires your attention?,99
beguilingly,adverb,C1,"The single speaker's voice, though only one, was beguilingly smooth, making the many listeners hang on every word.",24
gleam,noun,B2,"The knight's sword, once forgotten, now held a faint gleam.",150
partial,adjective,B1,She made a partial recovery after her illness.,125
here,adverb,A1,He eats lunch here.,57
philanthropically,adverb,C2,The old museum wasn't philanthropically funded by the wealthy businessman.,157
adjustable,adjective,C1,"a newly installed, adjustable shelf",143
benefit,verb,B2,Regular exercise will benefit your overall health over time.,141
bald,verb,C1,I'm baldly stating my opinion on this matter.,70
depiction,noun,C1,This painting is a striking depiction of a stormy sea.,19
tunnel,noun,B2,We will have to find another tunnel because this one is closed.,140
equilibrium,noun,C2,The team fought to restore the market's equilibrium.,149
predicament,noun,B2,"She had brought her dilemma to the meeting, but now, facing their judgment, she realized the true predicament.",149
courage,noun,B1,She showed great courage when she spoke up.,121
underwater,adjective,A2,"This diving mask can see the underwater world, can't it?",89
expedition,noun,B2,"If we had more supplies, we would have embarked on that ambitious expedition.",139
predictor,noun,B2,He will be allowed to use the new software as it is a strong predictor of future success.,142
equipment,noun,B1,The team dreamt of new equipment.,126
scissors,noun,A2,I must use the scissors to cut the paper.,90
paradoxical,adjective,C2,"It feels paradoxical that something so simple could be so difficult, doesn't it?",165
castle,noun,A2,The third castle on the hill is very old.,113
illuminate,verb,B1,The clever experiment illuminated a new understanding of the problem.,119
barn,noun,B2,Was the hay stored in the barn?,158
tempt,verb,B1,The smell of fresh bread tempted me to stop at the bakery.,129
prehuman,noun,B2,"The origins of that strange artifact will be studied by future archaeologists, who hope to find clues about the prehuman.",146
been,be-verb,A2,She has been as busy as a bee all week.,110
junk food,noun,B2,My neighbours are often seen buying a lot of junk food.,144
kitten,noun,B1,My cat had a tiny kitten.,136
assess,verb,B2,We have just assessed the situation and decided to proceed.,160
visit,noun,A1,This isn't a nice visit.,6
lemon,noun,A2,You must add one lemon to the water.,93
inherent,adjective,C1,What inherent dangers did early explorers face in uncharted territories?,135
precociously,adverb,C2,The young artist precociously drew portraits that seemed to have grown from her soul.,155
unto,preposition,B2,They have just returned unto their homeland.,160
spider,noun,B1,"Yesterday, I dreamt I saw a huge spider in my room.",126
spice,noun,B1,My grandmother added a special spice to the stew.,136
parochial,adjective,C2,"You've had such a parochial view of things, haven't you?",165
adorn,verb,B2,Are the walls usually adorned with family photos?,158
weakness,noun,B1,Her biggest weakness showed when she forgot the answer.,131
fit,verb,B1,The key didn't fit in the lock.,121
settle,verb,B1,"I used to live in the city, but now I want to settle in the countryside.",123
buccaneer,noun,C2,The pirate ship wasn't captained by a true buccaneer.,157
glumly,adverb,C1,He chews his sandwich glumly.,57
biography,noun,B1,The author wrote his biography last year.,131
injure,verb,A2,I'm afraid I'm going to injure myself if I run too fast.,70
desk,noun,A1,Whose pens are on the desk?,62
moisture,noun,B1,The damp soil held a lot of moisture after the rain.,126
irrelevancy,noun,C2,The speaker's irrelevancy was felt by everyone in the audience.,150
rainforest,noun,B1,My cousin explored the rainforest last year.,136
substantiate,verb,C2,The lawyer tried to substantiate his claims with new evidence.,149
publicly,adverb,B1,"He didn't deny the rumors publicly, did he?",138
pull,verb,A2,Who may pull the rope?,100
fingernail,noun,B2,This delicate ceramic can easily be chipped by a fingernail.,147
stanza,noun,B2,The poem had no second stanza.,173
windy,adjective,A2,"It's quite windy today, isn't it?",89
elastic,adjective,C1,She may not use the elastic band for that purpose.,97
rate,noun,A2,Will the inflation rate go down soon?,80
homeward,adjective,B2,They fought their way homeward through the blizzard.,149
clench,verb,C1,I often clench my fists when I'm concentrating intensely.,45
kick,noun,A1,It's a big kick.,2
blindness,noun,B2,A deep understanding was broken by his sudden blindness.,154
astonish,verb,B2,The magician's sudden reappearance astonished the audience.,153
inflation,noun,B2,The government fought inflation by raising interest rates.,149
paragraph,noun,A1,I read a few paragraphs.,32
negotiate,verb,B1,She successfully negotiated a better price last week.,119
cannonball,noun,B2,"The old pirate's chest had been filled with a single, rusty cannonball.",151
decorative,adjective,B2,"These antique vases are too fragile to be used, but they can be displayed as decorative items.",147
photograph,verb,B2,He didn't photograph any of the birds he saw on his hike.,173
almost,adverb,A1,I have almost twenty apples.,27
audition,noun,B2,She will have to ace her audition for the lead role.,140
cop,noun,A1,Let the cop help you.,47
than,conjunction,A1,Is he older than his brother?,9
tax,noun,B1,The new tax helped the country.,131
spontaneously,adverb,C1,"We'll be leaving spontaneously, won't we?",83
doorway,noun,B2,Is there anyone standing in the doorway?,172
June,noun,A1,Is there a party in June?,38
horrify,verb,B1,The news of the accident did horrify us all.,116
cyberaddict,noun,B2,She became a recognized cyberaddict after spending years online.,143
archetypal,adjective,C2,He's allowed to be the archetypal hero of our story.,142
disrupt,verb,B2,What has your loud music done? - It might disrupt the neighbours' sleep.,163
echo,verb,C2,"If the canyon was quiet, your shouts would echo, but the wind is too loud for that.",139
yet,adverb,A1,Who is there yet?,9
presentation,noun,B1,Sarah finished the presentation.,136
conjecture,verb,C2,Whose future successes do you conjecture might be impressive?,55
thrilled,adjective,B2,"If she had passed the exam, she would have been thrilled.",139
urgently,adverb,B2,The team urgently sought a solution to the problem.,149
dislike,verb,B1,I didn't dislike that film before I saw it.,134
settler,noun,B1,The early settler brought his family to the new land.,118
swimming pool,noun,A1,There are no swimming pools here.,40
people,noun,A1,Are these people nice?,7
latent,adjective,C1,What kind of ability can be developed with consistent practice? A latent talent.,87
position,noun,A2,Will I get the new position?,80
bore,verb,B1,The long speech bored him.,137
formidable,adjective,B2,My opponent's experience proved to be a formidable challenge.,164
contract,noun,B2,"We've signed the contract for the new office, haven't we?",165
hijack,noun,B2,"If the protesters had not planned a hijack, the demonstration would have proceeded peacefully.",139
inaccurate,adjective,B2,Are there any inaccurate statements in this report?,172
palm,noun,B1,I had a small plant in my palm last year.,123
terminal,noun,B1,We waited at the airport terminal.,127
eye,noun,A1,Whose eye sees well?,64
powder,verb,B2,Did you powder any of your cakes with cinnamon?,172
attempt,noun,A2,"This first attempt will be a success, won't it?",83
arrive,verb,A1,What colour do they arrive?,22
opposition,noun,B1,The team faced strong opposition last week.,119
hi,interjection,A1,"Hi, whose phone does Mark use?",62
bloom,verb,C1,The rare desert flower bloomed spectacularly after the heavy rain.,125
puzzle,verb,C1,His sudden departure puzzled me for weeks.,118
group,noun,A1,What kind of group do you like?,53
belligerence,noun,C2,His prolonged belligerence had grown tiresome for the community.,155
half,determiner,A2,You may use half of the cookies.,96
over,adverb,A2,I'm not looking over there.,73
mariner,noun,C2,Have you ever met an old mariner?,162
greet,verb,A1,Who does greet visitors?,63
parable,noun,C2,The teacher told a familiar parable.,143
closed,adjective,A1,Whose shop is closed?,55
cope,verb,B2,She learned to cope with the challenges she faced.,148
decentralize/decentralise,verb,C2,The organization's leaders **decentralized** decision-making power to individual departments.,150
model,verb,B1,She modeled for the local newspaper before she went to college.,122
historian,noun,B1,The historian thought about the battle.,118
chief,adjective,B1,The chief reason for the delay was bad weather.,115
soak,verb,B2,I have just soaked my feet in warm water.,160
message,noun,A1,There are no messages on my phone.,40
antediluvian,adjective,C2,Have you seen his antediluvian filing system?,162
illegal,adjective,A2,Can we park here? This is an illegal parking spot.,86
forcefully,adverb,B2,She has never explained her decision forcefully.,161
annoyance,noun,B1,That constant dripping sound wasn't just a little annoyance; it was driving me crazy.,134
elasticity,noun,C2,The rubber band's elasticity has grown since it was new.,155
adequate,adjective,B2,Were the preparations adequate for the event?,158
engross,verb,C1,We must engross ourselves in this complex problem to find a solution.,90
evaluate,verb,B2,We must evaluate implementing new strategies.,169
dishonest,adjective,A2,He isn't being dishonest about his work.,73
terrifying,adjective,B2,Some of the shadows in the old house looked terrifying.,171
deviant,adjective,C2,"His behavior, while unusual, wasn't entirely deviant.",151
sequence,noun,B1,The chef prepared the meal in a specific sequence.,115
karaoke,noun,B2,We often do karaoke on Friday nights.,148
mediate,verb,C2,She will mediate the discussion.,152
wound,noun,B1,The deep wound healed slowly.,121
necessarily,adverb,B2,The young tree hasn't necessarily grown as tall as its parents yet.,155
span,verb,B2,Have you ever experienced a period that spanned decades of significant technological change?,162
patiently,adverb,B2,The new arrivals are patiently guided through the immigration process.,144
shape,noun,A2,May I draw the shape of the cloud?,98
outline,noun,B2,I have just completed the outline for my presentation.,160
troop,noun,B2,A brave troop fought until they were all beat.,153
surf,verb,A2,We may surf the waves tomorrow.,96
monitor,verb,B1,We monitored the patient closely throughout the night.,124
have to,modal auxiliary,A1,What do you have to do?,51
commensurate,adjective,C2,My effort was commensurate with the reward offered.,164
meaninglessly,adverb,C1,Is there a purpose to these efforts that we are pursuing so meaninglessly?,38
relate,verb,B1,She tried to relate her experiences from last week.,125
chronological,adjective,B1,He spoke about his life in a chronological order.,128
newspaper,noun,A1,What do you read in the newspaper?,51
schedule,noun,A2,May I see your schedule?,98
flood,verb,B1,The river flooded its banks last spring.,122
neither,pronoun,B2,Neither of the toys has been bought yet.,166
proclaim,verb,B1,The ancient king proclaimed his victory throughout the land.,120
hitherto,adverb,C2,The document was hitherto kept in a safe.,145
accidentally,adverb,B1,I didn't accidentally break your vase.,132
rebound,noun,C2,The economy saw a quick rebound.,154
supervisor,noun,B2,"You've met your new supervisor before, haven't you?",165
vertical,adjective,C1,Who is it? - It's a figure drawn with a striking vertical line.,9
denim,noun,B2,I decided to buy a new pair of denim jeans.,167
darling,noun,B2,"The lost kitten was found by a kind stranger and called ""darling.",156
stratosphere,noun,C2,What were those tiny planes doing in the stratosphere?,163
market,noun,A2,"We can go to the market, can't we?",89
backward/backwards,adverb,B2,The dancer was gracefully guided backwards across the stage.,145
format,verb,B1,We formatted the document yesterday.,125
skill,noun,A1,My skill is good.,64
viewer,noun,B2,The feedback from the average viewer wasn't considered.,157
opacity,noun,C2,What is the opacity of the smoke?,163
commode,noun,C2,Where did you put the commode?,163
vegetable,noun,A1,What colour is the vegetable?,22
wide,adverb,A2,Who will look wide awake tomorrow?,82
housework,noun,B1,"You didn't finish the housework last weekend, did you?",138
reality,noun,B1,"He thought the news about the strange events was just a dream, but it turned out to be his new reality.",118
wedding,noun,A2,The fifth guest arrived at the wedding.,113
madness,noun,B2,His sudden decision to quit his job without another lined up felt like sheer madness.,153
own,verb,B1,He owned a small shop in the town.,121
previously,adverb,B2,"You've been to this city previously, haven't you?",165
zany,adjective,C1,His latest exhibition was widely praised for its wonderfully zany installations.,145
engine,noun,B1,The old car engine started perfectly.,117
lethargic,adjective,C1,Whose afternoon nap leaves you feeling so lethargic?,55
similarly,adverb,B1,"The vase burst apart, and similarly, the glass bowl cost a lot to replace.",116
chair,noun,A1,Who sits on the chair?,63
lament,verb,C2,"You are allowed to lament the situation, but you aren't allowed to change it.",142
hesitation,noun,B2,His hesitation had cost him the opportunity.,148
traffic jam,noun,B1,We sat in the traffic jam for an hour.,124
rescue,verb,B1,The brave firefighters managed to rescue the cat from the tree.,115
hope,noun,A1,We are filled with hope.,67
detail,noun,A2,He is explaining every detail of the plan.,71
leak,verb,B2,The roof can be repaired before it continues to leak.,147
diligently,adverb,C2,She diligently brought her homework to school each day.,149
police,noun,A2,The police can help you.,84
complete,adjective,A2,"The task will be complete soon, won't it?",83
aunt,noun,A1,My aunt drinks tea every morning.,45
respect,noun,B1,We showed our respect to the elders.,127
meet,verb,A1,How much time do we meet?,34
indolently,adverb,C2,The cat can be found sleeping indolently on the warm rug.,147
brake,verb,B2,The car's accelerator needs to be released so that the brake can be applied.,147
unpromising,adjective,C2,Was there any unpromising weather forecast for the camping trip?,172
northwest,adjective,B1,We flew northwest for three hours.,127
righteousness,noun,B2,Their efforts towards righteousness will be appreciated by many.,146
clinical,adjective,C1,She can offer a clinical perspective on the patient's recovery.,84
dwarf,verb,C2,His ambition dwarfed his abilities.,150
as,conjunction,A2,"I'm watching TV, as you can see.",77
perceive,verb,B2,Who has perceived the change in atmosphere?,164
carpentry,noun,C1,"He awoke from a deep sleep, his mind suddenly filled with intricate designs for elaborate carpentry projects.",128
chairman,noun,A2,Is the chairman speaking at the meeting?,74
driver's license/driving licence,noun,A2,"You're showing me your driver's license, aren't you?",77
researcher,noun,B1,The researcher felt tired after working late.,120
lesson,noun,A1,one lesson - five lessons,28
harmful,adjective,A2,This smoke may be harmful.,96
hatred,noun,B1,He  listened to stories that fueled his hatred.,114
pocket,noun,A1,Don't put it in your pocket.,44
sailing,noun,A2,What is happening at the moment? We are sailing.,75
sustainable,adjective,C1,The council implemented sustainable practices.,131
wire,noun,B1,He sang while he fixed the wire.,124
crazy,adjective,A2,I think it will be crazy to go out in this storm.,78
be,be-verb,A1,She doesn't be at home.,58
unnecessary,adjective,A2,Who will find this information unnecessary?,82
push,noun,B1,The door needed a firm push.,116
aspiration,noun,B2,My main aspiration is a peaceful retirement.,143
laugh,noun,B1,Her nervous laugh was the only sound.,122
flash,adjective,B1,That was not a flash in the pan.,134
mankind,noun,B1,Mankind faced a difficult challenge.,121
night,noun,A1,There are stars in the night.,39
unload,verb,B2,I've never had to unload so much luggage before.,161
vet,noun,B1,The vet gave the dog some medicine.,129
security,noun,B1,Who was responsible for the building's security?,137
department,noun,B1,She didn't work for that department last month.,132
now,conjunction,B2,There are some students in the library now.,171
fanatic,adjective,C1,What kind of supporter is he now? - He's proving to be a rather fanatic fan.,75
elevator,noun,A2,He is waiting for the elevator now.,71
impressionism,noun,B2,"If the museum displayed more impressionism, I would spend all afternoon there, but it focuses on modern art instead.",139
ornate,adjective,C2,The carpenter **brought** his **ornate** carvings to the fair.,149
vermin,noun,C2,The house was not infested with vermin.,157
embarrassment,noun,B1,His embarrassment wasn't obvious.,134
glance,noun,B1,I cast a quick glance at the clock.,124
summit,noun,B1,We grew accustomed to reaching the summit.,130
clearly,adverb,A2,I am clearly understanding the lesson.,70
gall,noun,B1,It took great gall for him to ask for more money after losing it all.,123
study,noun,A2,"After the meeting, I will start my study.",105
break,noun,A2,"When we take a break, we will have some tea.",103
proportional,adjective,C2,There was no proportional increase in effort for the small reward.,173
warmth,noun,B1,The sun grew its warmth on my skin.,130
bin,noun,B1,Yesterday I threw the apple core in the bin.,125
identify,verb,B2,He identified the source of the problem.,153
gardener,noun,B2,"If the gardener had finished planting the flowers earlier, we would be enjoying the colourful display now.",139
turbulent,adjective,B2,The plane has just experienced a turbulent ascent.,160
manufacturer,noun,B2,The manufacturer has just announced a recall for the affected models.,160
most,pronoun,A2,"Most will arrive by train, won't they?",83
north,adverb,A2,I'll drive north myself tomorrow.,101
dismiss,verb,B2,The manager had to dismiss the employee due to repeated lateness.,159
thoroughly,adverb,B2,The report was thoroughly reviewed by the committee.,156
lung,noun,B1,The doctor examined my left lung.,115
amazingly,adverb,B2,They have amazingly decided to extend the exhibition for another week.,167
choir,noun,B1,The choir sang beautifully yesterday.,117
berry,noun,B2,We've got a basket full of fresh berry.,10
rediscover,verb,C1,Who is hoping to rediscover a lost passion for painting this year?,63
retreat,verb,B2,Have you ever had to retreat from a difficult situation?,162
repetition,noun,B2,The careful repetition of the irregular verb forms had been spoken about by the teacher.,154
ride,verb,A1,There are many bikes to ride.,39
surrealism,noun,C2,Surrealism is not understood by everyone.,157
teaspoon,noun,B2,I dreamt I had bought a tiny golden teaspoon.,153
compete,verb,B1,They competed in the race last year.,124
liberal,adjective,B2,When are donations made? - The organization offers liberal funding for local projects.,159
hers,pronoun,A1,Does this book belong to hers?,59
cafeteria,noun,A2,I am not eating in the cafeteria today.,73
global,adjective,B1,The company dreamt of global expansion.,126
choke,verb,B1,"Yesterday, the audience choked with laughter.",119
turkey,noun,A1,What do you eat? - I eat turkey.,51
wartime,noun,B2,Are supplies rationed during wartime?,158
footnote,noun,B2,She has decided to include the important detail as a footnote.,167
stubborn,adjective,B1,He felt stubborn about not changing his mind.,120
magic,adjective,A2,I'm not doing magic tricks now.,73
peel,verb,B2,The oranges weren't peeled by anyone.,157
widespread,adjective,B1,This problem caused widespread concern.,127
successive,adjective,B2,The team has achieved successive victories in the championship.,160
noise,noun,A1,What have you got? - I've got a loud noise.,13
wheeze,verb,C2,The old engine will wheeze for a while before it starts.,146
vibration,noun,B2,The phone's vibration alerted me to an incoming call.,148
trusty,adjective,B2,My trusty bicycle has flown me across many miles of countryside.,155
interview,noun,A1,What do you have in the interview?,51
guarantee,verb,B2,"Your payment will be processed promptly, and we guarantee a refund if you're not satisfied.",146
around,preposition,A1,This is my friend. My friend is around here.,16
inconvenient,adjective,B1,The rain made our picnic plans very inconvenient.,115
explosively,adverb,C1,Have you noticed how the popularity of that new video game has grown explosively in just a few months?,162
email/e-mail/E-mail,noun,A1,Let's not send an email yet.,48
soaking,adjective,B2,There were some soaking wet towels on the floor.,171
interest,verb,B1,The new exhibit greatly interested the children yesterday.,115
species,noun,B2,Are these endangered species protected by law?,158
festival,noun,A1,This festival is fun.,29
opposite,adverb,B1,She reacted the opposite way we expected yesterday.,115
exalt,verb,B2,She hasn't found a cause to truly exalt yet.,161
amount,noun,B1,We paid a large amount for the broken television.,125
exhaustion,noun,B2,I feel complete exhaustion after that marathon.,160
moral,adjective,B2,The politician felt a moral obligation to address the issue.,150
oppress,verb,B1,The king's soldiers oppressed the villagers for years.,122
dissect,verb,C1,The scientists carefully dissected the ancient artifact to understand its origins.,121
dream,verb,A2,"You will dream of flying, won't you?",83
suburb,noun,B2,We have just moved into a lovely new house in the suburb.,160
messy,adjective,B1,He sang a messy song.,124
bossy,adjective,B2,He was told he was too bossy for the team.,145
mustache/moustache,noun,B2,She considered growing a mustache to complete her costume.,169
enthuse,verb,C2,The coach tried to enthuse the players for the final match.,151
gee,interjection,B1,"Gee, the rain poured all night.",131
easygoing/easy-going,adjective,B1,He grew up with an easygoing attitude.,130
constitution,noun,B1,The old man's constitution grew weaker with each passing year.,130
peg,noun,B2,There is some wood for a peg in the shed.,171
bedside,noun,B1,He awoke with a start and looked at his bedside.,128
cooperate,verb,B2,We must cooperate to achieve our shared goals.,170
slither,verb,C2,"If the snake were on the path, it would slither away quickly, but it's hiding in the grass.",139
comb,verb,B2,Has your hair been combed today?,158
delivery,noun,B1,What happened to the pizza delivery last night?,135
lodge,verb,C1,The protesters managed to lodge their concerns with the council before the meeting ended.,164
bully,verb,B2,He bullied the other children at school.,149
flattery,noun,C1,My boss's relentless flattery felt insincere.,164
annual,adjective,B1,We bought tickets for the annual music festival last week.,118
intimate,adjective,B2,A quiet conversation can offer a surprisingly intimate understanding of another person.,154
farewell,noun,B1,His heartfelt farewell echoed in the silent room.,117
some,determiner,A1,Whose books are some of these?,21
birthday,noun,A1,Are there any birthday cakes?,41
corporation,noun,B2,The new policy will be implemented by the large corporation next month.,146
punitive,adjective,C2,The employee was not allowed to receive punitive damages for the minor infraction.,142
lighten,verb,B2,I hope this good news will lighten your mood.,167
respite,noun,C1,Don't deny yourself a moment of respite.,44
predilection,noun,C2,She has always had a predilection for spicy food.,151
bauble,noun,C2,"You haven't seen such a cheap bauble before, have you?",165
decorate,verb,B2,The Christmas tree was beautifully decorated by my grandmother.,145
trifle,noun,C2,This small gift shouldn't be taken as a trifle.,147
scornful,adjective,C1,Where is the look he gave me? - It was scornful.,20
website,noun,A2,I must visit the website for more information.,90
haphazardly,adverb,C2,She has never organized her belongings haphazardly.,161
despair,noun,B1,His despair grew after he lost his job.,131
absent,adjective,B1,"He was absent from the meeting yesterday, wasn't he?",138
over,preposition,A1,There are twenty books over fifty books.,27
sprout,noun,C1,"The tiny new sprout is pushing through the soil, isn't it?",77
hypothesize,verb,C2,We have just hypothesized a new theory about the universe.,160
wait,verb,A1,One person can wait.,28
sometimes,adverb,B1,She sometimes called her old friends.,127
cash,noun,A2,Can I pay with cash?,86
smoking,noun,A1,What kind of hobby is smoking?,23
mythology,noun,C1,Who is it? - It's a figure from ancient Greek mythology.,9
evening,noun,A1,Are there any plans for the evening?,41
courtesy,noun,B2,"By courtesy of the librarian, you are allowed to borrow this book.",142
patience,noun,B1,He grew a lot of patience while waiting for the bus.,130
presumably,adverb,B2,"The valuable antique vase, which was displayed prominently, presumably cost a significant amount of money.",148
departure,noun,B1,His timely departure surprised everyone.,119
instructor,noun,B1,The ski instructor spoke clearly about the different slopes.,128
recover,verb,B1,He recovered quickly from his cold.,121
coastline,noun,B2,We plan to explore the beautiful coastline tomorrow.,168
embassy,noun,B2,"If the documents had been approved by the embassy yesterday, we would be able to travel today.",139
suburbia,noun,C1,Has anyone ever experienced the quiet charm of suburbia?,172
hermetic,adjective,C2,The vault's entrance wasn't hermetic.,157
sneer,noun,B2,She couldn't help but notice his dismissive sneer while discussing the project's success.,169
smash,verb,B2,Our car window was smashed by the vandals.,144
DJ,noun,B1,"You didn't forget to book the DJ for the party, did you?",138
chronologically,adverb,C2,Do you have any information that I can arrange chronologically?,172
attraction,noun,B1,The old lighthouse was a popular attraction for tourists who went there to see the sea.,122
conceal,verb,B2,Have you managed to conceal the surprise gift from your sister?,162
sour,adjective,B1,The lemon tasted sour when I bit into it.,119
luridly,adverb,C2,The story will be told luridly by the news.,146
politics,noun,B1,My uncle talked about politics all dinner.,136
grass,noun,A1,The dog doesn't eat grass.,58
smooth,adjective,A2,"This journey must be smooth, mustn't it?",95
aboriginal,adjective,B2,They intend to learn more about the aboriginal culture.,168
crow,noun,B1,A crow stole my sandwich.,136
realization/realisation,noun,B2,A sudden realization was reached by the team regarding the project's deadline.,145
repertory,noun,C1,Who may perform from the company's entire repertory?,100
retired,adjective,A2,The retired man walked slowly.,111
approximately,adverb,B1,We didn't buy approximately ten tickets.,132
superstar,noun,A2,He is acting like a superstar on stage right now.,71
jealous,adjective,B1,She felt jealous when he talked to his ex-girlfriend.,119
eight,number,A1,I eat breakfast at eight.,45
wide,adjective,A2,The river will be wide in that part of the country.,78
little,adjective,A1,What colour is the little car?,22
name,noun,A1,This isn't your name.,6
dot,noun,B1,She put a small dot of red paint on the canvas.,125
plunge,noun,C1,Whose sudden plunge into cryptocurrency worried his parents?,64
arena,noun,B2,We are allowed to enter the main arena for the performance.,142
qualm,noun,C2,He had no qualm about accepting the promotion.,173
easily,adverb,A2,I am reading this book easily.,70
disco,noun,A2,"After the party, we will go to the disco.",105
by,preposition,A1,This is a car. The car is by the house.,19
opportunity,noun,A2,Who can seize this exciting opportunity?,88
real,adjective,A1,one real wolf - two real wolves,29
knowledge,noun,A2,"You must have some knowledge about this, mustn't you?",95
export,verb,B2,New software is often exported to other countries.,156
recharge,verb,C1,Where does he go to recharge his batteries?,61
uninterested,adjective,B1,"He seemed uninterested in the movie, didn't he?",138
offer,noun,A2,We may accept their job offer.,96
prevent,verb,A2,"In case of a fire, this alarm will prevent damage.",104
prove,verb,B1,My colleague proved her point with strong evidence.,136
molecule,noun,B1,Who was small? The molecule was.,137
refuge,noun,B2,The small forest can be a refuge for lost hikers.,147
reverence,noun,B2,There is some reverence for the old traditions in the village.,171
enabler,noun,C2,This new software is a crucial enabler for our team.,154
blow,noun,A2,A strong blow may break the old tree.,96
know,verb,A1,Let's not know yet.,48
tantalizingly/tantalisingly,adverb,C2,Some new flavours were tantalizingly close to the edge of the menu.,171
squirmy,adjective,C2,She admitted feeling squirmy during the long speech.,169
attain,verb,B1,She **attained** fluency in English after she **went** to live abroad.,122
whip,verb,B2,We will have to whip up a quick dinner.,140
star,noun,A1,Is that a bright star?,7
disparagement,noun,C2,I have never experienced such open disparagement.,161
wither,verb,B1,The bright flowers on the windowsill withered when I forgot to water them.,120
decisive,adjective,B2,The general made a decisive move during the battle.,149
decline,noun,B1,He thought about the sharp decline in sales.,118
sedate,verb,C1,The vet will sedate one dog; the clinic can sedate twelve dogs.,28
unusual,adjective,A2,This bird's song is more unusual than the other birds' songs.,109
grandparent,noun,A1,What kind of grandparent do you want?,53
extent,noun,B1,He felt the extent of his mistake.,120
address,verb,B1,The king addressed his loyal subjects from his castle.,122
since,adverb,B2,I have wanted to visit that city since I was a child.,167
competitor,noun,B1,Did your company have a strong competitor last year?,133
pedantic,adjective,B2,His pedantic approach to grammar rules had been spoken of for years.,154
trousers,noun,A1,Where do you buy your trousers?,52
assemble,verb,B2,"We have just assembled the new bookshelf, and it looks great.",160
ordinarily,adverb,C1,She ordinarily offers them a warm welcome.,46
refute,verb,B2,The scientist could not refute any of the evidence.,173
preserve,verb,B1,The ancient builders preserved the stones from the quarry.,128
tube,noun,A1,What kind of tube is this?,23
initially,adverb,B1,Did you initially think it was difficult?,133
readily,adverb,B2,She readily accepts trying new experiences.,170
negligent,adjective,C1,Be less negligent with your paperwork!,43
query,noun,B2,"You've had that query about the missing files before, haven't you?",165
player,noun,A1,What kind of player are you?,53
endorse,verb,B2,The new proposal has been widely endorsed by the committee.,166
narrator,noun,B2,"The audiobook's narrator read the story with a smooth, captivating voice.",148
prose,noun,B2,Her novel's dense prose had been slowly grown over years of dedicated writing.,155
snobbery,noun,C2,The **snobbery** has been overcome.,166
soccer,noun,A1,What has she got for soccer?,18
past,adjective,B1,The past holidays were fun.,125
even,adjective,B1,The sapling even grew taller after the rain.,130
heifer,noun,C1,The young heifer wandered off into the woods.,129
whether,conjunction,B1,I wondered whether my sister had borrowed my bike.,136
pound,verb,B2,The door was pounded on repeatedly.,144
definition,noun,B1,I didn't understand the definition of that word.,132
find,verb,A1,Let me find a chair.,47
count,verb,A2,"If you count the apples, I will buy some more.",102
behind,preposition,A1,One car is behind the blue van.,28
cancel,verb,B1,They cancel the flight due to bad weather.,116
counterproductively,adverb,C2,She sang counterproductively about losing her voice.,152
contextual,adjective,C1,I have never fully appreciated the contextual nuances of that conversation until now.,161
basically,adverb,A2,"Basically, my brother is painting the wall.",76
equity,noun,B2,The company has fought for greater equity in its hiring practices.,149
quake,noun,B1,Last week a small quake shook the town.,125
grab,verb,B1,He grabbed his coat and left.,120
casually,adverb,B2,"I've just bumped into my old professor, and we chatted very casually.",160
ray,noun,A2,"The sun's ray is warm, isn't it?",77
cyberschool,noun,B2,Many students have decided to enroll in their local cyberschool for the upcoming academic year.,167
treatment,noun,B1,Did you receive the correct treatment from the doctor?,133
motley,adjective,C1,How much motley assortment of antique treasures do you have in your collection?,34
nobleman,noun,B2,The king's trusted advisor was a wealthy nobleman.,164
deviantly,adverb,C2,"He was surprisingly, and perhaps a bit deviantly, praised for his unusual behavior.",145
traumatic,adjective,C1,She has chosen to avoid discussing the traumatic events of her childhood.,167
inexhaustible,adjective,C1,There isn't an inexhaustible supply of patience in this situation.,37
pot,noun,B1,She kept the soup warm in the pot.,120
structure,noun,A2,We are building a new structure now.,72
idiomatically,adverb,C2,Some people speak idiomatically without even realizing it.,171
cancer,noun,B1,"The plant grew a strange, dark spot that worried the gardener, and it was diagnosed as a type of cancer.",130
diversion,noun,B2,Traffic will be rerouted due to a planned diversion.,146
apparent,adjective,B1,His anger was apparent when he saw the broken vase.,115
laugh,verb,A1,Does she always laugh at his jokes?,59
leopard,noun,B2,Have you ever seen a leopard in the wild?,162
used,adjective,A2,"After the meeting, we will use the used chairs.",105
develop,verb,A2,The company isn't developing new products right now.,73
wrong,adjective,A1,This book is wrong.,27
uncomfortable,adjective,A2,"When the room is too hot, I feel uncomfortable.",103
hill,noun,A1,Don't climb the hill.,44
diligence,noun,B1,Her diligence paid off last year.,131
likelihood,noun,C1,The likelihood of me ever mastering this incredibly difficult skill has always seemed rather slim.,161
even,adverb,A2,"After the rain stops, even the sun will come out.",105
floe,noun,C2,The ice floe had drifted far from the shore.,152
sulphur,noun,C2,The chemist decided to study the properties of sulphur.,168
attractiveness,noun,B2,The company's recent marketing campaign is being praised for its perceived attractiveness.,144
score,verb,B1,She scored the winning goal in the final minute.,125
southward,adverb,B2,The migrating birds flew southward towards warmer climates.,151
pirate,noun,B2,The rescued sailors described a terrifying pirate attack.,143
table,noun,A1,What do you put on the table?,51
bereftly,adverb,C2,She has never loved so bereftly before.,161
narrow,adjective,B1,We walked down a narrow path.,127
rumor/rumour,noun,A2,"That rumor will spread quickly, won't it?",83
dislike,noun,A2,My dislike of early mornings will not stop me from going to the meeting.,78
self-aggrandizement/self-aggrandisement,noun,C2,His constant talk of his own achievements was pure self-aggrandizement.,152
roadside,noun,B1,We saw a beautiful wild flower growing by the roadside.,130
lighting,noun,B2,The improved lighting made the whole room feel more inviting.,143
acreage,noun,C2,Have you seen the acreage of this farm?,162
overemphasize/overemphasise,verb,B2,The teacher seemed to overemphasize the importance of perfect grammar on the exam.,159
delicacy,noun,B2,This rare truffle is considered a true delicacy.,144
more,adverb,B1,My brother ate more pizza than I did.,136
reply,noun,A2,We are waiting for your reply.,72
breathtaking,adjective,B2,Was the view from the summit truly breathtaking?,158
fiend,noun,C1,She couldn't shake the feeling that the creature was a fiend.,85
sacrifice,noun,C1,"We've got a lot of spare time, but it required a personal sacrifice.",10
photography,noun,A2,His early photography was more experimental than his later work.,109
sudden,adjective,A2,What will cause that sudden noise?,81
shut,adjective,B1,The market went shut.,131
ingratiate,verb,C2,What have you done to ingratiate yourself with the new boss?,163
methodological,adjective,C2,The researcher's **methodological** approach was very thorough.,164
genome,noun,C1,The sequencing of one genome reveals intricate details about an organism.,24
mean,adjective,A2,Can you mean this particular song?,86
state,verb,B2,The company has just stated its new financial results.,160
check-in counter/check-in,noun,B1,We had to go to the check-in counter again because my passport was missing.,116
sparerib,noun,B2,They decided to order a rack of spareribs for dinner.,167
decline,verb,B2,We have to decline the invitation due to a prior engagement.,140
back,noun,A1,I don't feel it in my back.,49
while,conjunction,A2,"You must finish your homework, mustn't you, while you're at home?",95
interpreter,noun,B2,Some people are looking for a skilled interpreter for the conference.,171
example,noun,A1,one example - two examples,25
gourmet,adjective,C1,Is there a gourmet restaurant nearby that serves authentic French cuisine?,38
lately,adverb,B1,I felt much better lately.,120
famous,adjective,A1,What have they got? They've got a famous singer.,13
timing,noun,B2,His timing was perfect for finishing the exam.,141
sink,noun,A2,"In case the sink is full of dirty dishes, I will wash them later.",104
sacred,adjective,B1,That old book wasn't sacred to them anymore.,134
legally,adverb,B1,She legally obtained the documents needed for her business.,114
useful,adjective,A2,Must this information be useful?,92
outstanding,adjective,B1,Did she give an outstanding performance?,133
vitality,noun,C1,Some of the elder villagers still possess remarkable vitality for their age.,171
tour guide,noun,A2,I will ask the tour guide for a recommendation.,78
classy,adjective,C1,Whose car do you admire? I admire the designer's incredibly classy car.,55
impishly,adverb,C1,"Let him share the last biscuit, he said impishly.",47
paywall,noun,C1,What may I access beyond the paywall?,99
enterprise,noun,B2,"You've been involved in a new business enterprise, haven't you?",165
investigation,noun,B1,The police started an investigation into the robbery.,121
hat,noun,A1,one hat - two hats,28
frank,adjective,A2,Who can give us a frank opinion?,88
redundancy,noun,C2,The company plans to address redundancy through early retirement.,168
continent,noun,A2,May I talk about the largest continent?,98
frost,noun,B1,"Yesterday, the grass showed frost.",131
unmistakable,adjective,B2,There is some unmistakable evidence of her presence in the room.,171
unsuitable,adjective,B2,This candidate was deemed unsuitable for the role.,157
poet,noun,B1,She was a famous poet in her youth.,122
dither,verb,C1,Who is dither between the two job offers?,76
office,noun,A1,What is this? It's an office.,8
exuberance,noun,C1,The puppy's boundless exuberance was a beautiful sight.,1
debris,noun,B1,The workers cleared the debris after the storm.,115
revision,noun,B1,The revision was difficult.,137
stream,verb,B1,They streamed out of the building when the alarm sounded.,119
dampen,verb,C2,She decided to dampen his enthusiasm by pointing out the difficulties.,168
interrogate,verb,C2,The detective decided to interrogate the suspect for another hour.,167
mausoleum,noun,B2,We have just visited the magnificent mausoleum of the former king.,160
flourish,verb,C1,"Back then, with the rich soil and abundant sunshine, the wildflowers would truly flourish in the meadow.",178
unimportant,adjective,A2,Can you teach me something unimportant?,86
light,verb,B1,He lit the candle and the room suddenly brightened.,126
resonant,adjective,B2,His deep voice was incredibly resonant.,164
interjection,noun,C1,She has never used an interjection in her formal writing.,161
finally,adverb,A2,"I will finally finish my homework, won't I?",83
sharp,adverb,B2,I have never felt so sharp and alert before.,161
bug,noun,A2,Will there be a bug in the system?,80
realistic,adjective,B1,"She spoke about her ambitions, but her plans weren't very realistic.",128
Sunday,noun,A1,Let's not go on Sunday.,48
turn,verb,A1,The students turn to thirty-three pages.,26
tutor,noun,B2,The essay has been marked by my new tutor.,166
monthly,adverb,B1,She visited her grandmother monthly.,129
incipient,adjective,C2,The incipient problem will be addressed by the committee.,146
denounce,verb,C2,No one dared to denounce the king's decree.,173
noisy,adjective,A2,You may not play in the noisy room.,97
brief,adjective,B1,She gave me a brief smile.,119
eager,adjective,B1,She was eager to learn new things.,115
classify,verb,B1,My teacher classified the students' essays.,136
patron,noun,B2,The gallery hopes to encourage regular visiting by offering a loyalty program to its frequent patron.,169
disseminate,verb,C2,We will disseminate the information to all departments.,148
penguin,noun,B2,The penguin can be observed at the zoo.,147
concrete,noun,B2,I have never walked on this freshly poured concrete.,161
continually,adverb,B1,The little boat continually bobbed on the waves.,130
anarchic,adjective,C2,The city had no anarchic tendencies.,173
rub,verb,B2,The dog rubbed its back against the rough bark of the tree.,155
year,noun,A1,What does the student do this year?,60
shiny,adjective,B1,The knight's armor looked so shiny after he polished it.,125
misfortune,noun,B2,She admitted that her family had faced great misfortune.,169
panic,verb,B2,They won't panic if they know help is on the way.,146
view,verb,B1,What did they view from the castle ramparts in the evening?,135
blankness,noun,C1,What kind of silence is that? It's pure blankness.,23
exhaust,verb,C1,What kind of activities completely exhaust you?,53
weary,adjective,B2,The long journey had left her utterly weary.,152
graphically,adverb,B2,The artist's story was graphically depicted in the mural.,144
elegance,noun,B2,She will be allowed to perform with such elegance.,142
polity,noun,B2,The new government will have to establish a stable polity for the nation.,140
his,pronoun,A1,She likes his dog.,46
relaxed,adjective,A2,"You must be very relaxed, mustn't you?",95
orphan,verb,C1,What have they done? - They've completely orphaned the project.,163
corresponding,adjective,B2,"She had sung beautifully, and the applause was the corresponding reaction from the audience.",152
charge,noun,B1,The soldier felt a heavy charge of responsibility.,124
musical,noun,B2,I've never attended a live musical before.,161
relapse,verb,C1,Is the patient unfortunately relapsing after their initial recovery?,74
forestry,noun,B2,Sustainable forestry practices were implemented by the new park management.,156
malaria,noun,B2,We discussed preventing malaria.,170
thunder,noun,B1,The storm brought loud thunder last night.,119
utility,noun,B2,The city's new electricity utility will be installed by the end of the year.,146
ostensibly,adverb,C2,"The project was ostensibly completed, but many tasks remained unfinished.",143
prop,noun,C1,He had his theater group get a sturdy wooden prop delivered for the upcoming play.,181
prolifically,adverb,C1,"The acclaimed author, known for his imaginative tales, prolifically wrote a new novel every year until his passing.",128
unnatural,adjective,B2,The way he spoke seemed quite unnatural.,156
drill,noun,A2,"If we don't have a fire drill soon, the students will forget what to do.",102
astronaut,noun,A2,An astronaut is floating in space now.,75
worry,verb,A2,"After I finish my exam, I will not worry about it anymore.",105
safely,adverb,B1,She brought the precious package home safely.,118
lick,verb,B2,The cat had licked its paws clean.,154
exterior,noun,C1,Who can clean the building's exterior?,88
might,modal auxiliary,A2,What might you be reading at the moment?,75
peanut,noun,B1,I accidentally dropped my peanut butter sandwich.,116
predictable,adjective,B2,She dislikes watching movies with predictable endings.,170
click,verb,A2,We are clicking the buttons on the computer now.,72
yoga,noun,B1,Did she go to yoga class last week?,133
wish,noun,A1,He gave me his wish.,46
prone,adjective,C2,My brother is prone to getting lost in new places.,164
there,adverb,A1,They don't go there often.,49
automatic,adjective,A2,Who is driving now? The car has an automatic steering system.,76
clear,adjective,A2,"When the sky is clear, we can see the stars.",103
numerous,adjective,B1,The old library contained numerous books on history.,115
unexceptional,adjective,C2,"It wasn't an unexceptional performance, was it?",165
discover,verb,A2,She is discovering a new hobby.,71
accountability,noun,C2,"You've demonstrated a strong sense of accountability, haven't you?",165
negligible,adjective,C1,"One defect in the manufacturing process proved to be negligible, but the accumulation of twelve such defects became a considerable problem.",28
violin,noun,A2,"You're playing the violin now, aren't you?",77
stove,noun,A2,"We will cook dinner on the stove, won't we?",83
delicately,adverb,B2,The artist delicately painted the intricate details onto the canvas.,153
currency,noun,B1,My brother bought that book with foreign currency.,136
mumble,noun,B2,His mumble was barely audible.,148
visually,adverb,B1,I didn't see the difference visually.,132
ice,noun,A1,one ice cube - two ice cubes,27
park,verb,A2,May I park my car here?,98
cowardly,adjective,B2,Someone has just made a cowardly remark.,160
denote,verb,C2,Is this gesture meant to denote agreement?,158
hate,noun,B1,My pure hate for Mondays grew each week.,131
grief,noun,B2,She continued avoiding confronting her deep grief.,169
snack,noun,A2,I may have a small snack later.,96
utilize/utilise,verb,B2,"If we had more time, we would utilize the advanced software for data analysis, but with our current deadline, we have to stick to the basic spreadsheet.",139
twist,noun,B1,He spoke about the unexpected twist in the story.,128
shopper,noun,B1,The happy shopper bought many gifts.,118
playwright,noun,B2,Some aspiring playwrights are attending a workshop this weekend.,171
drudgery,noun,C2,Your drudgery will be lessened by the new automation.,146
storyteller,noun,B1,The old storyteller captivated the children with his tales.,115
energetic,adjective,A2,You may not be too energetic.,97
encompass,verb,C2,The training program is designed to encompass all necessary skills for the position.,144
severe,adjective,B1,The severe storm woke everyone in the town.,128
seller,noun,B2,The shrewd seller felt the price was too low.,150
clog,verb,B2,The sink drain has begun to clog.,164
current,adjective,B1,The singer sang about the current events.,124
emergency,noun,A2,"The doctor will call us about the emergency, won't he?",83
barbershop,noun,B2,My hair is cut at the local barbershop.,144
professional,adjective,A2,You mustn't forget your professional attitude at work.,91
outsider,noun,B2,She has never felt like an outsider in her new town.,161
correspondent,noun,B2,Our new correspondent will have to file their first report by Friday.,140
cover,verb,A2,"You're covering the important parts, aren't you?",77
tend,verb,B1,"In winter, we tended to stay indoors more.",121
tent,noun,B1,We weren't sleeping in that tent last night.,134
skillfully/skilfully,adverb,B2,He was skillfully allowed to handle the delicate experiment.,142
figure,noun,A2,She can figure it out easily.,111
mere,adjective,B1,Yesterday his suggestion was a mere idea.,131
meticulous,adjective,C2,"He meticulously cleaned the antique clock, as if he had brought it back from the past.",149
yesterday,adverb,A1,There was a party yesterday.,36
dorm,noun,B2,The dorm room can be repainted a different color.,147
consequence,noun,A2,Choosing the easier path can have the most negative consequence.,107
loss,noun,B1,That wasn't a total loss.,134
flashback,noun,C1,One childhood flashback led to many haunting memories.,30
within,preposition,A2,She can finish the project within a week.,84
independence,noun,A2,She quickly learned to value her independence.,112
definitely,adverb,B1,The concert definitely sold out quickly.,131
dangerously,adverb,B1,The car was driving dangerously fast down the road.,137
watch,noun,A1,There is a watch on my wrist.,36
imp,noun,C1,What do they call that mischievous little imp?,51
nut,noun,B2,You are allowed to have one nut from the jar.,142
economic,adjective,B1,We felt a strong economic impact after the factory closed.,120
mark,verb,A2,"You must mark the correct answer, mustn't you?",95
cardigan,noun,B2,There were no cardigans left in my size.,173
fried,adjective,A2,This fried chicken is tastier than the one I had last week.,109
craving,noun,C1,I can't resist the craving for chocolate.,85
masseur,noun,B2,He was allowed to see the renowned masseur yesterday.,142
conscious,adjective,B1,She felt conscious of her mistake.,127
seize,verb,B1,She didn't seize the opportunity when it came.,132
guest,noun,A1,They are a welcome guest.,67
outing,noun,B2,We had no successful outing this summer.,173
melodiously,adverb,C2,The bird has just sung melodiously outside my window.,160
bowl,noun,A1,It's a small bowl.,2
infer,verb,B2,"From his curt reply, I inferred he was not pleased.",154
die,verb,A2,What colour does the fabric die?,22
vacancy,noun,B1,The advertisement listed a vacancy.,129
secondly,adverb,B2,"Firstly, I've just finished reading this fascinating book; secondly, I think you'd really enjoy it too.",160
wayside,noun,C1,Can you help me locate the discarded artifacts by the wayside?,86
productive,adjective,B1,Our team had a very productive meeting this morning.,119
overalls,noun,C1,"Her newer, more brightly colored overalls were certainly more eye-catching than the faded, practical ones her father typically wore.",109
sexual,adjective,B2,The organization plans to implement new policies to address sexual harassment.,167
bare,adjective,B1,Did you walk on the bare ground?,133
indulgently,adverb,C2,He could indulgently watch the children play all day.,141
lie,verb,A2,The second floor will lie vacant for a year.,113
transform,verb,B1,The magic potion transformed the frog into a prince.,129
darling,adjective,B2,My grandmother's knitting is always so darling.,144
abuse,noun,B2,We won't be able to prevent further abuse without stronger regulations.,141
personify,verb,B2,What aspects of your personality do you feel best personify your creativity?,163
distinction,noun,B1,"You didn't notice the subtle distinction in his tone, did you?",138
disaster,noun,B1,"We thought the party would be a success, but it turned into a disaster.",118
mill,noun,B2,We are allowed to visit the old water mill next weekend.,142
well-paid,adjective,B2,There are no well-paid jobs available in this area right now.,173
unemployed,adjective,B1,Did she find a job when she was unemployed?,133
desire,noun,B1,The seeds of his desire grew into a beautiful garden.,130
monster,noun,B1,He woke up and saw a big monster in his room.,128
terrified,adjective,B1,The child was terrified when he dreamt of a monster.,126
eat,verb,A1,He doesn't eat vegetables.,58
little,determiner,B1,I had little money when I went backpacking.,122
retail,noun,B1,The small shopowner rang up the retail sale.,124
probability,noun,B1,The probability was low that it would rain today.,129
unobtrusive,adjective,C2,The newly planted hedge offered an unobtrusive border.,143
cloud,noun,A1,I don't see a cloud.,49
overly,adverb,B2,What have you been doing that's making you overly tired?,163
prison,noun,B1,The old man saw a prison from his window.,117
determination,noun,B1,"Her strong determination to finish the race was evident, wasn't it?",138
strand,noun,B2,A single strand of DNA was discovered.,156
brink,noun,C2,The company felt on the brink of bankruptcy.,150
litter,noun,B2,The park was covered in discarded litter.,143
burdensome,adjective,B2,I have just found out that the paperwork for the new project is rather burdensome.,160
shoe,noun,A1,Where does he put his shoe?,61
bark,verb,B2,What did that dog bark about?,163
creature,noun,A2,This small creature can fly very fast.,84
market,verb,B1,They carefully marketed their new product last year.,115
shaken,adjective,B2,"He was shaken by the near-miss, but he was still allowed to drive home.",142
indoors,adverb,B1,"We stayed indoors all weekend, didn't we?",138
move,noun,A1,Do you make a big move this week?,50
Internet/internet,noun,A1,Who is on the Internet?,9
robust,adjective,C1,"This company has a robust business model, doesn't it?",65
tragedy,noun,B1,We spoke about the tragedy that happened last year.,128
arrest,noun,B1,The police made an arrest yesterday.,128
absence,noun,B1,His absence last week caused some problems.,119
decent,adjective,B2,There wasn't a decent place to sit in the entire park.,173
ape,noun,B1,The scientist thought he found an ancient ape.,120
stray,adjective,C1,Let's not follow that stray dog too far.,48
parachute,noun,B1,He grew tired and jumped with his parachute.,130
mischief,noun,B1,He thought the children had caused some mischief.,118
gunshot,noun,B2,A loud gunshot echoed through the empty street.,159
umbrella,noun,A1,Does he have an umbrella when it rains?,59
ginger,noun,B1,The smell of ginger filled the kitchen.,115
traffic,noun,A2,"There's a lot of traffic today, isn't there?",77
ruminant,adjective,C2,The farmer's ruminant herd grazed peacefully in the field.,143
lifetime,noun,B2,The car's paint job has been protected for a lifetime.,166
cycle,verb,B1,She cycled to the shop yesterday.,128
silent,adjective,B1,"The meeting was completely silent, wasn't it?",138
claim,noun,B1,His claim about the treasure turned out to be true.,129
cheerfulness,noun,B2,Her infectious cheerfulness was a welcome presence.,143
concentration,noun,B1,His concentration was high during the exam.,121
grilled,adjective,A2,Who will eat the grilled chicken?,82
unreliably,adverb,C1,"The old car tends to start unreliably, making any long journey a gamble.",170
mutter,verb,B2,"My concerns were not heard, just ignored as I began to mutter them to myself.",157
rafter,noun,B2,The old shed had a creaking rafter.,143
ludicrous,adjective,C1,My attempt to explain quantum physics to my cat was met with a look of such utter bewilderment that I realized the entire endeavor was ludicrous.,85
inside,noun,B2,Who is trying to get inside?,164
stomach,noun,A2,My stomach cannot digest this food.,85
mountaintop,noun,B1,We saw a beautiful view from the mountaintop.,119
explode,verb,B2,The old building suddenly exploded with a deafening sound.,149
convoluted,adjective,C1,"The explanation for the convoluted process can be provided by the lead engineer, can't it?",89
stretching,noun,C1,I find the morning stretching to be incredibly energizing.,101
ponderously,adverb,C2,The old tortoise moved ponderously across the garden.,148
consternation,noun,C2,Have you felt such consternation before?,162
form,verb,B1,The sculptor **formed** the clay into a beautiful vase.,118
appeal,verb,B2,His arguments appeal to common sense.,148
armchair,noun,A2,This armchair is more comfortable than the old one.,109
popcorn,noun,B1,We watched a movie and ate lots of popcorn.,115
interactive,adjective,B2,The new museum exhibit is an interactive experience for visitors.,159
contrast,noun,A2,"When it rains, the contrast between the dry and wet ground is noticeable.",103
rip,verb,B2,He ripped the old poster from the wall.,149
calculator,noun,B1,She used the calculator to finish her homework earlier.,125
daily,adjective,A2,I must check my email daily.,90
both,pronoun,A1,We haven't got both books.,11
east,adverb,A2,Can the boat sail east?,86
preposition,noun,B1,"The word ""preposition"" often confused beginners.",117
tatter,noun,B2,"Is that old flag still hanging there, or is it just a tatter now?",158
verb,noun,A2,What is the important verb in this sentence?,87
sterility,noun,C2,Sterility is achieved in the lab.,159
telegram,noun,B1,She dreamt she received a telegram.,126
versus,preposition,B2,"The decision was made by the judges, team A versus team B.",145
machine,noun,A1,The old machine makes much noise.,57
beguiling,adjective,C1,She can weave a beguiling tale that captivates her audience.,84
discount,noun,B1,She sang about the discount on all the summer clothes.,124
aesthetically,adverb,C1,"The garden, which was designed aesthetically, greatly enhanced the property's appeal.",175
altruism,noun,C1,I'm demonstrating genuine altruism by helping out at the shelter today.,70
sparrow,noun,B2,I've never heard a sparrow sing so beautifully before.,161
traffic light,noun,A2,"We must stop at the red traffic light, mustn't we?",95
compress,noun,B2,We are allowed to use the compress to shrink the files.,142
summer,noun,A1,one summer - two summers,25
banking,noun,A2,What kind of banking may I do online?,99
last name,noun,A1,How many last names do you know?,31
article,noun,A1,Let him read this article.,47
bid,verb,B2,"For the antique vase, the museum decided to bid.",159
snake,noun,A1,a little snake in a box,42
eternally,adverb,B2,This ancient monument can be admired eternally by visitors.,147
undoubtedly,adverb,B2,We will undoubtedly have to postpone the meeting.,140
proven,adjective,B2,This is a proven method for success.,153
likewise,adverb,B2,"She has to finish the report today, and likewise, her colleague must submit his findings by the same deadline.",140
privately,adverb,B2,Your concerns will be addressed privately by the manager.,146
vacation,noun,A1,There is a vacation next week.,36
preferably,adverb,B2,"The seeds have been sown, preferably in moist soil.",155
stray,verb,C1,We've got to be careful not to stray from the path in this dense forest.,10
solitariness,noun,C2,She learned to embrace her solitariness and find joy in her own company.,167
perverse,adjective,C2,Have you seen his perverse sense of humor?,162
each,determiner,A1,"This is a flower, and each is red.",5
showbiz,noun,B2,Is that career in showbiz achieved by talent alone?,158
ripe,adjective,B1,The fruit grew ripe on the tree.,131
dishwasher,noun,B1,The dishwasher broke last night.,117
cod,noun,B1,Did you eat cod for dinner last night?,133
secure,adjective,B1,The package felt secure in my hands.,121
MP3 player,noun,A2,I will buy a new MP3 player next week.,78
meanwhile,adverb,B1,"I finished my homework early, and meanwhile, my brother watched television.",121
suit,noun,A2,Who may wear that suit?,100
assimilation,noun,C2,Is there any indication of cultural assimilation in this historical account?,172
uneasy,adjective,A2,She can be uneasy about flying.,84
widow,noun,B2,The village mourned the recent passing of its beloved widow.,160
impersonator,noun,C1,There is an impersonator claiming to be the famous singer at the concert.,36
one,pronoun,A2,Who can finish this cake? I think I'm the only one.,88
emulation,noun,C2,"If there was a spirit of emulation, we would all try harder, but instead, we seem to be satisfied with just enough.",139
scoff,verb,C1,The critics scoffed at the artist's early attempts.,131
threat,noun,B1,The king's words posed a serious threat.,116
insubordinate,adjective,C1,The new recruit's performance was noticeably more insubordinate than that of his seasoned colleagues.,109
policeman,noun,A2,You mustn't talk to the policeman.,91
hobby,noun,A1,There is a new hobby for me.,36
unconcerned,adjective,B2,"You haven't seemed unconcerned about the project deadline, have you?",165
photographer,noun,A2,The photographer mustn't use flash here.,91
subsidy,noun,C2,The new farm may be granted a subsidy.,147
extracurricular,noun,C2,There were no extracurricular activities offered that day.,173
displeasure,noun,B2,The coach showed his displeasure after the team had blown their lead.,155
crisp,noun,A2,"When the weather is cold, I like to eat a crisp.",103
slight,adjective,B2,I will have to make a slight adjustment to the plan.,140
fascinated,adjective,B2,The audience was completely fascinated by the magician's trick.,166
resource,noun,B1,The library provided a vital resource.,136
around,adverb,A2,Is he walking around the park?,74
ram,noun,B2,The battering ram had been broken after the siege.,154
surprising,adjective,A2,The news was surprising.,111
gold,adjective,A1,one gold ring - five gold rings,28
openly,adverb,B2,The artist's controversial views were openly discussed during the panel.,144
ceremony,noun,B1,We attended the graduation ceremony last week.,114
succulent,noun,C1,What did they grow in their desert garden last year? They grew succulents.,135
gentleman,noun,B1,He was a true gentleman in every situation.,123
loosely,adverb,B2,The package was loosely tied with string.,166
overwhelming,adjective,B1,The task was overwhelming.,137
soybean,noun,B2,Do you have any soybean products at home?,172
lessen,verb,B1,She thought the effort would lessen the pain.,118
regime,noun,B2,The previous regime was not overthrown easily.,157
bad,adjective,A1,Whose dog is so bad?,64
solo,adverb,B2,She often flew solo.,148
feature,verb,B2,The new software update featured enhanced security protocols.,150
densely,adverb,B2,The forest was densely populated with ancient trees.,145
minimum,noun,B1,She completed the minimum required tasks for the project.,114
course,noun,A1,Are there any new courses this year?,41
incision,noun,C1,Let's not make a further incision until we've thoroughly assessed the situation.,48
wolf,noun,B2,She continued watching the lone wolf cross the snowy plain.,170
cocoon,verb,C2,"The caterpillar, now a pupa, is a creature cocooned for transformation.",143
Olympia,noun,B2,The next summer games will be held in Olympia.,159
nonchalantly,adverb,C2,She nonchalantly admitted breaking the vase.,169
chunk,noun,B2,He ate a huge chunk of cake that he had kept in the fridge.,150
banish,verb,C2,The king banished the traitor from his kingdom.,149
secularly,adverb,C2,"They continue to behave secularly, choosing to focus on worldly matters.",167
update,verb,B1,He decided to update his computer yesterday.,121
dive,verb,B1,Did you dive into the water yesterday?,133
punch,verb,B2,The boxer delivered a well-timed punch.,143
arise,verb,B1,Unexpected problems often arose during the project.,114
adhesion,noun,C2,Proper surface preparation can be essential for strong adhesion.,147
thousand,number,A2,Can you count to a thousand?,86
unusualness,noun,B2,The unusualness of the artifact can be appreciated by experts.,147
vandalize,verb,C2,They threatened to vandalize the school if their demands were not met.,153
rational,adjective,B1,Her decision seemed rational at the time.,117
maneuver/manoeuvre,noun,C1,It's a clever maneuver.,2
modern,adjective,A2,Who will drive that modern car?,82
significant,adjective,A2,You may see a significant improvement.,96
sandal,noun,B1,She lost her sandal at the beach.,129
pretend,verb,A2,She may not pretend to be happy.,97
virtuoso,noun,C2,"She began practicing the piano, remembering her father's dream of her becoming a piano virtuoso.",169
forthcoming,adjective,B2,The students felt reassured by the professor's forthcoming explanations.,150
commemorate,verb,B2,The upcoming event will be held to commemorate the town's founding.,147
sweatshirt,noun,B1,He wore a warm sweatshirt yesterday.,121
false,adjective,A1,His idea is false.,57
honesty,noun,B1,What was important to her when she worked at the shop? Honesty.,135
reprint,noun,B2,"You haven't ordered the reprint of that book yet, have you?",165
bare,verb,B2,Does that argument bare any relation to the facts presented?,172
together,adverb,A1,We haven't got a car to go together.,11
exercise,noun,A2,This exercise is more helpful than that one.,107
psychiatrist,noun,C1,Whose opinion are we waiting for regarding the patient's condition? - It's the psychiatrist's opinion.,21
gravitate,verb,C2,Children often gravitate to play with others who share their toys.,167
jam,noun,A2,This strawberry jam is sweeter than the raspberry jam.,109
pants,noun,A1,one pair of pants - many pairs of pants,28
extreme sports,noun,B1,"Last week, she tried extreme sports for the first time.",119
upside down,adjective,B2,She admitted her world had been turned upside down by the news.,169
pedestrian,adjective,C2,The company hopes to be able to offer pedestrian-friendly routes in the future.,141
five,number,A1,Don't take five books.,44
sincere,adjective,B2,I've never received such a sincere compliment before.,161
leading,adjective,B1,The leading actor did a great job.,116
gallon,noun,B1,I didn't buy a gallon of milk this morning.,132
silverware,noun,B2,We brought the old silverware to the antique shop.,149
inanimate,adjective,B2,The children learned that even inanimate objects could have stories.,159
associate,verb,B1,I associated the smell of rain with happy childhood memories.,128
register,noun,B1,He hasn't got the correct register for the shop.,15
newscaster,noun,B2,The newscaster's microphone can be easily replaced.,147
brilliant,adjective,A2,This idea is as brilliant as the last one.,110
curriculum,noun,B1,The teacher spoke about the new curriculum.,128
glint,noun,B1,A glint of hope appeared in his eyes.,127
whir,verb,C2,The fan didn't whir.,157
sketch,noun,C1,The artist's preliminary sketch was remarkably clearly rendered.,111
saw,noun,A1,This is my saw. The saw is sharp.,19
elastic,noun,C1,The tailor explained that the elastic was too tight for the waistband.,174
some,pronoun,A1,Is there some water in the bottle?,38
pessimist,noun,B2,The pessimist's outlook can be challenged with evidence of success.,147
dole out,verb,C2,The teacher dole out the exam papers slowly.,150
obedience,noun,B2,Have you trained your dog with an emphasis on obedience?,162
face-to-face,adjective,B1,We organized a face-to-face meeting to discuss the project.,114
remains,noun,B2,The central problem remains a significant obstacle to progress.,150
environmentally,adverb,B2,We are hoping to launch more environmentally friendly products next year.,168
suspect,verb,B2,The package's contents were suspected to be dangerous.,156
young,adjective,A1,I've got a young sister.,10
predict,verb,A2,"In case the weather changes, we can predict more rain tomorrow.",104
swell,verb,B1,The small stream swelled and became a mighty river after the heavy rain.,122
worldview,noun,B2,What has influenced your worldview?,163
jar,noun,B1,Who was eating from the cookie jar?,137
ewe,noun,C1,The ewe is grazing in the meadow now.,71
bliss,noun,C1,"If she hadn't had to work overtime, she would have experienced pure bliss this evening.",139
hear,verb,A1,I hear one child and many children.,29
impossibility,noun,B2,The impossibility of finishing the project on time was evident to everyone.,145
infectious,adjective,B2,Have you ever heard her laugh? It's so infectious.,162
stern,adjective,B2,Some of the passengers gave the captain a stern look.,171
robbery,noun,A2,I will report the robbery myself.,101
need,noun,B2,Is this information a need for the project?,158
industry,noun,B1,He was a pioneer in the tech industry.,123
north,noun,A2,The compass needle always points to the north.,94
foreign,adjective,A1,Don't touch that foreign object.,44
dispensary,noun,C1,"You've picked up your prescription from that specific dispensary before, haven't you?",165
bounce,noun,B2,What kind of games have you played recently? - That big inflatable castle had a great bounce.,163
receptionist,noun,A2,The receptionist can't find your booking.,85
process,noun,B1,The long legal process wasn't easy.,134
hostel,noun,B1,My brother stayed at a cheap hostel last summer.,136
plummet,verb,C1,Does his approval rating ever plummet during election campaigns?,59
lead,verb,B1,"Yesterday, the path led us to a hidden waterfall.",131
frightening,adjective,A2,The dark noise was frightening.,85
polish,noun,B2,"The antique table, once forgotten, has been given a new polish.",154
embrace,noun,B2,A warm embrace will be offered to all guests upon arrival.,146
vigorously,adverb,B2,The garden has been vigorously watered.,166
credibility,noun,C1,His constant evasiveness had **dealt** a serious blow to his professional **credibility**.,126
ourselves,pronoun,A2,We can help ourselves to more cake.,99
emulsify,verb,C2,I love watching oil emulsify with vinegar.,170
hey,interjection,A2,"Hey, in case you feel hungry, there's some pizza left.",104
string,noun,A2,This guitar has a looser string than that one.,109
helicopter,noun,B2,The rescue supplies were delivered by helicopter.,156
self-service,adjective,B1,We bought our tickets from the self-service machine.,116
mule,noun,B1,Did the farmer ride the old mule?,133
harness,noun,B1,"He was a farmer, and he had a good harness for his horse.",122
cheese,noun,A1,Do you eat cheese for breakfast?,50
ingrate,noun,C2,What a cruel ingrate you are.,163
mutability,noun,B2,"If the plan didn't allow for the mutability of the weather, we would be in trouble if it rained.",139
trustworthy,adjective,B1,My teacher said he was a trustworthy person.,136
figure,verb,A2,What can we figure out about the puzzle?,87
show,verb,A1,I don't show my homework.,49
dizzy,adjective,A2,Can you see the room is a bit dizzy?,86
master,noun,B2,The craftsman became the master painter after years of practice.,143
silly,adjective,A2,Are you wearing that silly hat again?,74
seriously,adverb,A2,I will seriously consider that job offer.,78
jersey,noun,C1,She can sew a new jersey for the team.,84
calorific,adjective,C2,The calorific value of the meal was surprisingly high.,145
sacrifice,verb,C1,She sacrificed her own ambitions for the sake of her family's well-being.,126
tulip,noun,B2,I have never grown a tulip before.,161
instead,adverb,A2,"I'm not watching TV now, I'm reading a book instead.",73
edge,noun,B1,He walked to the edge of the cliff.,122
normal,adjective,A2,This situation is more normal than the last one.,107
glitz,noun,C2,The singer's performance was all glitz and glamour.,151
earthquake,noun,A2,What must we do after the earthquake?,93
rudimentary,adjective,C1,We mustn't rely on such rudimentary plans for the evacuation.,91
such,determiner,A2,It was such a long journey that I felt very tired.,107
ruler,noun,A1,Does the king use a ruler?,59
book,verb,B1,What did they do for their vacation last summer? - They booked a small cottage by the sea.,135
chest of drawers,noun,B1,She kept her old sweaters in the chest of drawers.,120
envy,verb,B2,She was envied by her colleagues for her effortless success.,145
take,verb,A1,What do you take?,18
device,noun,B1,Did you use the new device in the lab?,133
database,noun,B2,The researcher **dealt** with the complex **database** to extract the necessary information.,153
revenue,noun,B2,"The company's profits have grown substantially, boosting overall revenue.",155
jelly,noun,A2,Will I have any jelly for my toast?,80
tabloid,noun,B2,The article was written by a notorious tabloid.,164
merit,noun,C2,She will have to show more merit to get promoted.,140
indignity,noun,B2,She tried to avoid suffering the indignity of being interviewed by the press.,169
exodus,noun,C1,The village would experience a significant exodus of young people every summer after the harvest was done.,178
flit,verb,C2,"If the butterfly didn't flit away so quickly, I would have been able to take a better picture.",139
windshield,noun,B2,We will have to clean the windshield before we can drive.,140
bust,verb,B1,They bust the door down.,118
ugly,adjective,A1,Whose ugly shoes are those?,21
lucrative,adjective,B2,She intends to start a very lucrative business.,168
peasant,noun,C1,"In the village, the land was worked by a humble peasant.",35
disperse,verb,C2,The crowd began to disperse when the rain started.,149
decoration,noun,B2,She enjoys planning the Christmas tree decoration every year.,170
nourish,verb,B2,My grandmother's homemade soup always manages to nourish me deeply.,160
gig,noun,C1,I've never played a gig in a stadium before.,161
violent,adjective,A2,We must avoid violent actions.,90
face,verb,A2,I cannot face this problem alone.,85
brave,adjective,A2,"She must be very brave, mustn't she?",95
allowance,noun,B1,My parents gave me a small allowance for chores.,127
grace,noun,A2,I won't act with grace in that situation.,79
barbecue,noun,A2,"We must bring a barbecue, mustn't we?",95
timely,adjective,B1,She gave me timely advice before the exam.,125
succession,noun,C1,Does the company usually ensure a smooth succession of leadership?,59
smug,adjective,C1,Can you believe he looked so smug after saying that?,86
evidence,noun,A2,There will be evidence of his success.,78
aware,adjective,B1,She was aware that the news had spread quickly.,116
immigration,noun,B1,The government announced new rules for immigration.,136
dispense,verb,C1,The coffee machine can dispense a carafe of hot chocolate with a single button press.,42
chimpanzee,noun,A2,Can a chimpanzee climb that tree?,86
limited,adjective,B1,My knowledge of that topic is limited.,125
irresistible,adjective,B2,"Is that delicious cake, with its chocolate frosting, irresistible?",158
hope,verb,B1,Did you hope for a better result?,133
feat,noun,B2,Completing that marathon at her age was an incredible feat.,141
broadcaster,noun,B2,Have you ever contacted a famous broadcaster?,162
eloquence,noun,B2,The speaker had no eloquence to persuade the audience.,173
self-conscious,adjective,C1,"Standing in front of the crowd, the self-conscious performer fumbled with the microphone.",69
microcomputer,noun,B2,Have you ever used a microcomputer for your work?,162
solicit,verb,C2,When do charities solicit donations?,159
jealously,adverb,B2,She has just jealously guarded her secret recipe for years.,160
policy,noun,B1,"The company changed its holiday policy last year, didn't it?",138
block,noun,A1,Has he got a building block?,17
land,verb,A2,I will land the plane myself.,101
self-confidence,noun,B2,"After the successful presentation, her self-confidence had greatly increased.",153
bang,noun,B1,I heard a loud bang outside my window.,121
hermit,noun,C2,The old house wasn't inhabited by a hermit.,157
therefore,adverb,A2,"Therefore, can you understand the instructions?",86
rid,verb,B1,He had dreamt he would rid himself of his worries.,126
starving,adjective,B2,"Who has been running all morning? My dog, he's absolutely starving.",164
range,verb,B2,The ingredients have been carefully ranged on the counter.,166
pocket money,noun,B1,She saved her pocket money for a new bicycle.,114
saleswoman,noun,B2,The new saleswoman is trained by a senior colleague.,144
X-ray,noun,B2,"The doctor ordered an X-ray of your arm, didn't he?",138
spartan,adjective,C1,A spartan meal of a handful of dried fruit and a canteen of water was all they had.,42
enter,verb,A2,The cat is trying to enter the room.,76
limb,noun,B2,Was the damaged limb successfully reattached?,158
off,preposition,B1,He went off to college last year.,122
remote control,noun,B1,My dad used to always lose the remote control.,178
cocktail,noun,B2,I am allowed to order a non-alcoholic cocktail at the restaurant.,142
environmentalist,noun,B1,An early environmentalist grew frustrated with the lack of action.,130
morning,noun,A1,There are many birds this morning.,39
innovative,adjective,B2,Our company's next product will be designed with an innovative approach to sustainability.,146
avoid,verb,A2,I will avoid traffic by leaving early.,78
rap,verb,B1,The door rapped twice before it opened.,127
trip,noun,A1,one trip - two trips,27
cloudy,adjective,A1,"It is often cloudy here, isn't it?",65
facility,noun,B1,The team felt great after using the new training facility.,120
intelligence,noun,A2,"This test is about your intelligence, isn't it?",77
deceptive,adjective,B2,"The quick growth of the plant, though impressive, was in fact deceptive.",155
signature,noun,B1,The artist added her signature to the painting yesterday.,125
headquarters,noun,B2,The new strategy was decided at the company headquarters.,156
lemonade,noun,A2,I will buy some lemonade for the party.,78
architecture,noun,A2,"In case the building's architecture is interesting, we should take some photos.",104
tear,noun,A2,Can you see the tear in my shirt?,86
misunderstanding,noun,B1,My sister caused the misunderstanding.,136
stimuli,noun,C1,The patient cannot respond to any external stimuli.,85
embark,verb,C1,The adventurers bravely embarked on their perilous quest.,120
scale,noun,A2,The chef carefully measured the ingredients on a small scale.,111
astronomy,noun,B2,She decided to study astronomy at university.,167
blind,adjective,B1,She suddenly went blind after an accident.,118
heavenly,adjective,B1,The cake tasted heavenly.,129
reed,noun,B2,Does the river have any tall reed growing along its banks?,172
unassisted,adjective,C1,Does anyone know if this plant can grow unassisted in this climate?,172
coastal,adjective,B1,We felt tired after our long hike along the coastal path.,120
pluck,noun,C2,A single pluck of the strings produced a beautiful note.,156
irritated,adjective,B2,"You've seemed a bit irritated with the weather lately, haven't you?",165
Olympiad,noun,B2,Students will be allowed to participate in the science Olympiad if they meet the entry requirements.,142
sound,verb,A2,Who will sound the alarm?,82
seafood,noun,A2,The lobster is not as expensive as the other seafood.,110
barman,noun,B1,The barman poured me a drink.,124
whiskey/whisky,noun,B2,The bottle of whiskey has been emptied.,166
varied,adjective,B2,I have never experienced such varied weather before.,161
certification,noun,B2,Where can I find my exam certification?,159
creamy,adjective,C1,fifty creamy cheeses and sixty creamy yogurts,27
gracefulness,noun,B2,The dancer's skill and gracefulness were admired by everyone.,145
coffin,noun,B1,Who was in the coffin?,137
intellect,noun,C1,There are no shortcuts to developing a profound intellect.,40
engage,verb,B1,The students engaged enthusiastically in the group activity.,119
usher,noun,C1,"The usher is showing us to our seats, isn't he?",77
justice,noun,B1,The jury sought justice for the victims.,129
liberty,noun,A2,Who can grant us liberty?,88
cooler,noun,A2,You mustn't leave drinks in the cooler overnight.,91
endless,adjective,B1,I listened to the endless music all afternoon.,114
blade,noun,B2,She tried avoiding touching the sharp blade.,169
authoritative,adjective,B2,Does this new guide offer any authoritative advice on gardening?,172
allergic,adjective,B1,My sister is allergic to cats.,136
layabout,noun,B2,What a waste of potential to see him become such a layabout.,163
round,noun,B1,What colour shirt do you wear for the next round?,54
rear,adjective,B2,The children aren't allowed to play in the rear garden unsupervised.,142
sculpture,noun,B1,The artist painted the sculpture.,131
sidewalk,noun,B1,She waited for her friend on the sidewalk.,115
adopted,adjective,B2,The shelter welcomed the adopted puppy with open arms.,152
romantic,adjective,A2,We will have a romantic dinner on our anniversary.,78
scrooge,noun,B2,She will have to stop being such a scrooge if she wants to make friends.,140
drama,noun,A1,Is there drama in this movie?,38
numb,adjective,C1,You mustn't let your fingers go numb in the cold.,91
conception,noun,B2,"You have a rather unique conception of success, haven't you?",165
settlement,noun,B1,The early settlers established a new settlement by the river.,114
lightly,adverb,B1,"She slept lightly, disturbed by the distant thunder.",120
technological,adjective,B1,We thought about the future technological advancements.,118
unchanged,adjective,B2,"After a thorough review, the committee's decision remained unchanged.",151
with,preposition,A1,This is a table with four legs.,19
behind,adverb,A1,This isn't a car behind.,6
landscape,noun,A2,The artist must paint the landscape.,94
left,adverb,A2,"In case you go out, please don't forget to lock the door left open.",104
outskirts,noun,B2,"If they hadn't decided to build the factory on the outskirts, the town would have remained much quieter.",139
character,noun,A1,What character have you got?,13
conformity,noun,C1,To what extent must individuals accept conformity in society?,93
continuity,noun,C1,"The team's performance, while inconsistent, maintained a certain continuity in their aggressive approach to the game.",124
mental,adjective,B1,"Yesterday the athlete prepared physically, today he focused on his mental strength.",125
sea,noun,A1,There are fish in the sea.,39
disk/disc,noun,B1,She had a large disc of cheese on her plate.,122
overdraft,noun,C1,"If I had checked my balance more carefully, I wouldn't have incurred that costly overdraft fee.",176
extra,noun,B1,She paid an extra for the window seat.,115
pick,verb,A1,It's a red pick.,2
notorious,adjective,B1,What kind of films was that director notorious for making?,135
slight,noun,B1,He felt a slight when he heard the bad news.,128
resilient,adjective,C1,"They are a resilient community, having overcome many hardships together.",67
ice cream,noun,A1,Is this cold ice cream?,7
posture,noun,C1,Her posture improved with one change in her seating.,25
reserve,noun,B1,She had a strong reserve of courage during the difficult journey.,122
Atlantic,adjective,B1,My grandfather saw a large Atlantic whale during his voyage.,117
trumpet,noun,B1,The trumpet sounded loudly.,129
stuffed,adjective,B1,The teddy bear looked stuffed and old.,131
incur,verb,B2,Significant financial losses will likely be incurred if the project is delayed further.,146
detailed,adjective,B2,The instructor must have spent a lot of time on the detailed explanation of the complex theory.,177
suspect,noun,B1,The police found a suspect at the scene of the crime.,123
did,do-verb,A1,He did have a blue bike.,14
pretty,adverb,A2,She was pretty much the fourth person to arrive.,113
permanently,adverb,B1,The old bell tower permanently rang out the hour.,124
latecomer,noun,B1,The latecomer quietly entered the lecture hall.,119
tiny,adjective,B1,My grandmother used to have a tiny dog that barked a lot.,178
captive,noun,B2,I have never heard about a captive bird that could talk.,161
unrest,noun,B2,I wish there wasn't so much political unrest in the country.,179
sexism,noun,B2,The news report about workplace sexism cost the company a lot of negative publicity.,148
flow,noun,B1,"What kind of music was playing, and what was the flow of the conversation?",135
's,be-verb,A1,He's got a book.,14
presidency,noun,B2,"During his unexpected presidency, he **had** a transformative effect on the country.",152
staggering,adjective,C1,Who was staggering under the weight of the responsibility?,137
spatially,adverb,C2,I have never spatially arranged my books this way before.,161
imitation,noun,B2,The expensive handbag was discovered to be an excellent imitation.,151
volcano,noun,B1,The ancient volcano erupted suddenly.,116
thirty,number,A1,He hasn't got thirty pens.,15
immigrant,noun,B2,He wishes he could have understood the challenges faced by every immigrant.,179
crisis,noun,B1,The country faced an economic crisis last year.,121
overnight,adjective,B1,The sudden storm caused overnight flooding.,116
mommy/mommie,noun,A1,Whose book is this? It is Mommy's book.,55
rent,noun,A2,Who can pay the rent?,88
kind,adjective,A2,She is the kindest person I know.,113
error,noun,A2,What will be the biggest error in your report?,81
shadowy,adjective,B1,"He didn't mention those shadowy figures in the alley, did he?",138
impish,adjective,C1,There were no impish grins to be seen amongst the normally boisterous children.,173
directly,adverb,B1,She looked directly at me.,119
list,noun,A1,I have a list.,68
bulimia,noun,B2,Many people struggle with bulimia after a period of intense dieting.,144
painting,noun,A1,This is a painting.,9
cake,noun,A1,I eat cake on Sundays.,45
emulate,verb,C2,Why does he emulate the old masters?,159
funky,adjective,B2,My neighbour's old record player was recently fixed and plays the most funky tunes.,145
integration,noun,C2,The government has overseen the successful integration of new citizens.,164
let,verb,A1,Let me see the picture.,38
malleability,noun,C2,"If the metal showed greater malleability, we would be able to shape it easily, but its hardness prevents us from doing so.",139
strip,noun,B1,"He dreamt of a long, empty strip of beach.",126
deposit,verb,B2,Money is usually deposited into the account by the end of the week.,144
quirk,noun,C1,He's got a peculiar quirk of humming when he's concentrating.,14
either,determiner,B1,"Either way, the cost remained the same.",116
examination,noun,B1,We used to have a difficult examination at the end of every school year.,178
pile,noun,A2,My cat is sleeping on that pile of blankets.,76
unstoppable,adjective,B2,I wish I had felt unstoppable during that competition.,179
grandmother,noun,A1,It isn't my grandmother.,3
tyrant,noun,B2,"The former leader must have been a true tyrant, judging by the hushed whispers of the older generation.",177
advent,noun,B2,Was the advent of this technology widely anticipated?,158
flame,noun,B2,The campfires' bright flame was enjoyed by everyone.,144
perceptively,adverb,C1,Will you perceptively notice the subtle shifts in the market?,80
expense,noun,B1,The company covered the expense of the training.,114
cabbage,noun,B1,I didn't buy any cabbage at the market.,132
first-floor,adjective,B1,My cousin was a student in the first-floor dormitory.,123
frantically,adverb,B2,Your lost keys will be frantically searched for by the entire family.,146
firstly,adverb,B2,"Firstly, I enjoy learning new languages.",170
deck,noun,B2,She intends to renovate the deck next summer.,168
base,noun,A2,Who can build a new base?,88
scientifically,adverb,B2,Scientists continue researching this phenomenon scientifically.,170
habitant,noun,B2,The local habitant agreed to show us the best hiking trails.,167
hurt,verb,A1,You hurt my feelings.,67
hypocritical,adjective,C1,"One leader's public pronouncements were hypocritical, as his private actions contradicted his lofty ideals.",25
read,verb,A1,Who can read a book?,63
smith,noun,A1,He is a smith.,66
penetrate,verb,B2,The security team had the new software's defenses penetrate by ethical hackers to identify vulnerabilities.,181
transfix,verb,C1,What sights will transfix you at the aurora borealis?,163
relegate,verb,C2,The manager decided to relegate the underperforming player to the reserve team.,167
beach,noun,A1,It's a nice beach.,2
shade,noun,A2,"We must find a nice shade, mustn't we?",95
classroom,noun,A1,What have you got in the classroom?,13
unfairly,adverb,B1,I felt I was treated unfairly.,137
get,verb,A1,Do you get up early?,50
paperless,adjective,B2,Our company will be able to operate in a more paperless way next year.,141
sympathy,noun,B1,He didn't show any sympathy.,134
graft,verb,C1,Who can graft this rare orchid onto a more resilient rootstock?,88
foreman,noun,B2,"If the foreman weren't so strict, the workers would finish the project ahead of schedule.",139
virginal,adjective,C2,She promised to keep the forest floor virginal.,167
therapist,noun,B2,She was recommended a new therapist by her doctor.,145
phase,noun,B2,We have just completed the initial phase of the project.,160
amusing,adjective,B1,He was an amusing man who went to many parties.,122
islander,noun,B2,The oldest islander had spoken of ancient traditions.,154
leash,noun,B2,What kind of dogs do you usually see on a leash?,163
bad-tempered,adjective,B2,The bad-tempered dog was getting its nails trimmed by the vet.,181
inflammatory,adjective,B2,Some of the online comments were inflammatory.,171
grandson,noun,A2,I am playing with my grandson in the park now.,70
anyhow,adverb,B1,"He missed the bus, but he arrived anyhow.",129
nourishment,noun,B2,They decided to provide plenty of nourishment for the growing plants.,167
queen,noun,A2,The queen must wear the crown.,94
native speaker,noun,B2,Some native speaker can help you with pronunciation.,171
monthly,adjective,B1,We received our monthly rent payment on time.,125
penniless,adjective,B1,He was penniless after losing all his savings.,123
computer,noun,A1,one computer - two computers,24
particle,noun,B2,Do you see any tiny particle of dust on the lens?,172
gene,noun,B1,Scientists didn't discover that specific gene last week.,132
splinter,verb,C2,The old wooden fence began to splinter in the strong wind.,159
model,noun,A2,She wants to build that airplane model herself.,101
hospitable,adjective,B2,"The villagers were incredibly hospitable to us when we arrived, offering food and shelter.",153
synthesis,noun,C2,My colleague’s presentation offered a clear synthesis of the research findings.,164
remove,verb,B1,The cleaner removed the stains from the carpet.,136
dismally,adverb,C1,"In case the weather forecast continues to hold dismally, we should postpone the outdoor event.",104
translation,noun,B2,The difficult text's translation had been completed by the expert.,151
muddy,adjective,B2,There are no muddy patches left in the garden after the dry spell.,173
fairy,noun,A1,Has she got a fairy light?,17
quiver,verb,C2,Some leaves on the old oak tree quiver in the gentle breeze.,171
consolation,noun,B2,"I wish I had practiced the piano more, but the only consolation is that I can still enjoy listening to music.",179
collaborator,noun,C1,"She appreciated the insightful contributions of her most dedicated collaborator, who tirelessly aided the project's advancement.",114
modernize/modernise,verb,B2,We have just managed to modernize the entire office.,160
unforeseen,adjective,B2,We will have to cancel the event due to unforeseen circumstances.,140
backpack,noun,B1,She said that she had put her books in her backpack.,174
animated,adjective,B1,She looked animated after her successful presentation.,125
debit card,noun,B2,Have you ever used your debit card to pay for something online?,162
completion,noun,B2,I have not yet seen the completion of this ambitious project.,161
grill,noun,B1,"Yesterday, we cleaned the rusty grill.",114
January,noun,A1,It doesn't snow in January here.,58
unwaveringly,adverb,C1,She spoke unwaveringly about her vision for the future.,128
prepared,adjective,B1,The dinner was prepared carefully.,129
retire,verb,A2,She may not retire yet.,97
container,noun,A2,Who can put the rubbish in the container?,88
glamorous/glamourous,adjective,B2,She always brought a glamorous air to the room.,149
tailor,verb,C1,She realized she had to tailor her travel plans to fit her new budget.,122
excel,verb,B2,She always excelled in her studies.,149
yeah,adverb,A2,"I'll clean my room myself, yeah.",101
identical,adjective,B2,"The two sisters had identical blue eyes, which were seen by everyone.",154
commendation,noun,C1,I'm not seeking commendation for completing this task now.,73
bulk,noun,C1,You may not take the bulk of it without permission.,97
loaf,noun,B1,It's nice to have a fresh loaf of bread.,182
improve,verb,A2,He won't improve his English by not practicing.,79
raw,adjective,A2,"This fish looks too raw, doesn't it?",89
factory,noun,A1,This isn't a small factory.,6
backache,noun,B1,My backache bothered me all day yesterday.,127
select,verb,B2,Some people select the most colourful fruits from the market.,171
allusion,noun,C2,She appeared to make an allusion to the secret meeting.,168
unbearable,adjective,B2,They will have to endure the unbearable heat.,140
twisted,adjective,B2,She will have to see a doctor about that twisted ankle.,140
uniform,noun,A2,I am wearing my school uniform today.,70
amusement,noun,A2,His constant joking brought us the most amusement.,108
faithful,adjective,B1,Did your dog remain faithful to you?,133
attrition,noun,C2,I wish there wasn't so much attrition in the first year of the program.,179
nonprofessional,adjective,B2,Are these nonprofessional recordings of the concert being released?,158
overshadow,verb,B2,What kind of events have you attended? - Some were so spectacular they tend to overshadow all others.,163
airport,noun,A1,Whose ticket is this for the airport?,21
holocaust,noun,B2,We have just learned about the immense suffering caused by the Holocaust.,160
indifferent,adjective,B2,"You've seemed rather indifferent to the whole situation, haven't you?",165
embed,verb,C2,The new policy wasn't embedded in the company handbook.,157
existence,noun,B1,She explained that the creature's existence was doubted by many.,174
connote,verb,C2,The prolonged silence seemed to connote disapproval.,153
joint,adjective,B1,They shared a joint pizza last night.,125
sensible,adjective,B2,Who has made that sensible suggestion?,164
methodical,adjective,C1,"He approached the complex task with a **methodical** manner, carefully laying out all his materials beforehand.",180
disastrous,adjective,B1,Did the heavy rain cause a disastrous flood in the village?,133
puppy,noun,B1,He was a small puppy last year.,123
porch,noun,B2,Where was the package left? On the front porch.,159
examinee,noun,B2,Have you seen how the examinee is preparing for the test?,162
similar,adjective,A2,This red car is similar to that blue one.,106
bulk up,verb,C1,The new rugby player has been told by the coach that he needs to bulk up significantly before the season begins.,151
flip,verb,B2,The lid wasn't flipped open properly.,157
slow,verb,B1,I didn't slow down during the race.,132
wistfully,adverb,C2,She wistfully looked at the old photographs she had kept.,150
afterward,adverb,B1,"I finished my homework, and afterward, I watched television.",129
sociable,adjective,B2,She had always been a very sociable person.,151
retrace,verb,C1,What have you got to retrace your steps with?,13
soliloquy,noun,B2,The actor's final soliloquy was deeply moving.,143
arduously,adverb,C2,I have arduously trained for this competition.,160
refreshingly,adverb,C1,What I found most interesting during my visit to the ancient ruins was the refreshingly simple explanation of their construction.,135
bend,verb,A2,The boy is bending the metal.,76
fountain,noun,B1,I was at the fountain yesterday.,122
ethos,noun,C2,The school's ethos is reflected in its students' behavior.,159
than,preposition,A1,One car is fewer than two cars.,27
lock,verb,B1,"Yesterday, I locked the front door.",131
costly,adjective,B2,The restoration of the ancient painting has been very costly.,166
intransitive,adjective,B2,I wish I had studied those intransitive verbs more thoroughly before the grammar exam.,179
cubism,noun,B2,He will be able to understand the artist's use of cubism after studying it more.,141
notion,noun,B1,He had the notion that he went to the wrong place.,122
join,verb,A1,Where can I join the game?,20
radiator,noun,C1,The car's radiator leaked antifreeze.,131
buffer,verb,C1,They haven't got a strategy to buffer unexpected expenses.,11
haunt,noun,B1,It's frightening to think about the ancient haunt.,182
damn,adverb,B2,I had the damn printer fixed after all that trouble.,181
premises,noun,C1,The security guard must patrol the entire premises.,94
detritus,noun,C1,"If the cleanup crew hadn't removed the building detritus promptly, the entire site would have remained a hazardous mess for weeks.",139
qualified,adjective,B1,She spoke to a qualified doctor after she felt unwell.,128
award,verb,B1,The committee awarded her a special prize.,129
notable,adjective,C1,"If the team had implemented that strategy earlier, their contribution to the project would have been even more notable.",176
emolument,noun,C2,The politician intends to declare his annual emolument.,168
disqualify,verb,B2,"I wish I hadn't forgotten to submit my application, as it might disqualify me from the competition.",179
heritage,noun,B2,"The museum must have an extensive collection of ancient pottery, given its reputation for preserving local heritage.",177
involuntarily,adverb,B1,He flinched involuntarily when the loud noise came.,180
right,adjective,A1,What colour is the right shoe?,22
until,preposition,A1,They are young until next year.,67
bookish,adjective,B2,He felt quite bookish after spending the entire weekend in the library.,150
truthful,adjective,B2,"The witness, having been truthful, was praised by the judge.",151
continue,verb,A2,"We will continue working tomorrow, won't we?",83
breadwinner,noun,C2,Does anyone in your family currently act as the main breadwinner?,172
brainwashing,noun,C1,She claims that prolonged exposure to that propaganda constitutes a form of brainwashing.,16
match,noun,A1,Is there a match in the box?,38
dissident,noun,B2,"The organization has been accused of silencing the dissident, hasn't it?",165
stand,noun,A1,I see one stand and many stands.,30
objective,adjective,B2,The mission cannot be completed without an objective assessment.,147
negligently,adverb,C1,"He carelessly placed a box of fragile ornaments onto a precariously stacked pile of other boxes, having negligently failed to check its stability.",42
generate,verb,B1,The wind generated a strong current.,118
meaningful,adjective,B1,Our discussion yesterday was very meaningful.,131
wander,verb,A2,Who will wander through the forest?,82
organizational,adjective,C1,A significant number of organizational charts were distributed to the new employees.,42
color/colour,noun,A1,Is this a nice color?,7
write,verb,A1,Where do you write?,52
drain,noun,B2,Is the sink drain still clogged?,158
folly,noun,B2,What a folly it was to embark on such an ambitious project without adequate preparation.,163
carefully,adverb,A1,Whose book do you read carefully?,55
obtain,verb,B1,She said that she could obtain the information online.,174
gap,noun,B1,"You left a small gap in the fence yesterday, didn't you?",138
doubt,noun,A2,Who in the future will have doubt about the plan?,82
understandable,adjective,B2,It's understandable that you're tired after such a long journey.,160
onion,noun,A2,You mustn't forget the onion for the soup.,91
tune,noun,A2,I will get into the right tune for my exam.,78
disillusion,verb,B2,The constant setbacks began to disillusion him.,148
grasp,noun,B2,I wish I had a better grasp of quantum physics.,179
baldly,adverb,C1,It's courageous to state one's unpopular opinions so baldly.,182
sweat,noun,B1,Did all that hard work cause you to sweat?,133
blink,verb,B2,She couldn't help blinking at the sudden bright light.,169
quiet,noun,B2,Do you need any quiet for your work?,172
paratrooper,noun,B2,The paratrooper had been badly shaken when he woke.,154
invest,verb,B1,She decided to invest her savings in the stock market.,115
exclaim,verb,B2,My friend exclaimed that he had won the lottery.,164
function,noun,B1,The machine's main function stopped working yesterday.,131
powder,noun,B1,Did you use the baby powder?,133
wordage,noun,C2,Have you considered the wordage in that report?,162
antique,adjective,B2,She cherished the antique carved wooden box.,143
agent,noun,A2,The manager may not speak to the talent agent.,97
ruminate,verb,C2,He ruminated on the past.,152
divination,noun,C2,Divination can be considered a mystical art.,147
bitter,adjective,B1,His words felt bitter in my mouth.,117
crater,noun,B2,She has never explored a moon crater.,161
hopeless,adjective,B1,The old car seemed hopeless.,129
either,pronoun,B1,"She had to choose a new route, but either option seemed too long.",116
girl,noun,A1,It isn't a girl.,3
opulently,adverb,C2,The queen's throne was opulently decorated.,159
pair,noun,A1,one pair - two pairs,25
love,verb,A1,Are there any people who love dogs?,41
slim,adjective,A2,She can fit into that slim dress.,84
abundant,adjective,B1,The forest was abundant with trees and wildlife.,123
cook,verb,A1,It's a good cook.,2
recognition,noun,B2,He is allowed to receive recognition for his contributions.,142
go,noun,B1,That was my first go at learning to drive.,129
malleable,adjective,C2,My ideas are very malleable right now.,160
categorize/categorise,verb,B1,I used to categorize all my old toys by color.,123
guard,verb,B2,I intend to guard my belongings carefully.,168
upgrade,noun,B2,We're expecting a significant upgrade to the software next month.,154
contact,noun,A2,"If I lose your contact, I will call your office.",102
embarrass,verb,B1,My little brother accidentally embarrassed me at the party.,114
personnel,noun,B2,The new manager hasn't met all the key personnel yet.,161
totter,verb,C2,The old man tottered on his feet.,155
divided,adjective,B2,"The group, already divided by disagreements, found it hard to reach a consensus.",149
timeliness,noun,B2,We are having the project's timeliness reviewed by an external consultant.,181
temperament,noun,C1,His cheerful temperament proved better for team morale than the most reserved personalities.,108
wink,noun,B2,Her playful wink was all the encouragement he needed.,155
maximum,adjective,B1,The child sang with maximum effort.,124
temperamental,adjective,C1,She found that the old car's engine had grown quite temperamental since they last drove it.,118
interior,noun,B2,The artist often felt the interior of the old house held many secrets.,150
girlfriend,noun,A1,Whose girlfriend is that?,64
voter,noun,B2,Every voter cast their ballot before the deadline.,148
residual,adjective,C2,On the dirty plate was the residual sweetness of the cake.,159
architect,noun,B1,The architect designed a new building.,129
swim,verb,A1,He has got a dog that can swim.,14
indescribable,adjective,B2,The beauty of the aurora borealis was indescribable.,154
script,noun,A2,Who may read the movie script?,100
slash,noun,B2,"She resumed her writing, hoping for a creative slash.",170
murmur,noun,B2,"You heard that slight murmur of discontent from the audience, didn't you?",165
alter,verb,B2,The schedule wasn't altered at the last minute.,157
dear,adjective,A1,Is there a dear friend in the town?,38
gray/grey,adjective,A1,a bag of gray stones,42
thriller,noun,B1,He read a fast-paced thriller until late.,121
flourish,noun,C1,She has never truly experienced a sustained personal flourish.,161
tourist,noun,A2,"After the tourist arrives, they will visit the museum.",105
tenacity,noun,C2,When is the climber's success most evident? - In their tenacity.,159
desert,verb,C1,She vowed to desert him if he ever betrayed her trust again.,168
fulfill/fulfil,verb,B2,The promise wasn't fulfilled.,157
tasteless,adjective,B1,"The food looked nice, but it tasted tasteless.",129
efficiency,noun,B1,What did they improve in the factory to boost their efficiency?,135
tediously,adverb,C1,We mustn't tediously repeat the same instructions to the new recruits.,91
wistful,adjective,C2,"He looked at the old photograph with a wistful sigh, wishing he could go back to that simpler time.",179
headstrong,adjective,C1,Be patient with the headstrong child.,43
spiritual,adjective,B1,Her grandmother told her many spiritual stories.,115
husband,noun,A1,Have you got a husband?,12
earn,verb,A2,She hopes to earn more money than her colleagues.,109
lame,adjective,B2,Was that excuse considered lame?,158
single,adjective,A2,I won't eat a single biscuit.,79
exchange rate,noun,B1,The news affected the exchange rate.,129
offender,noun,B2,The offender was not apprehended.,157
contemporary,adjective,B2,The museum's new wing will be filled with contemporary art installations.,146
top,adjective,B1,The top student solved the puzzle quickly.,117
global warming,noun,B2,We will have to address global warming seriously.,140
upright,adverb,B2,What have you managed to keep upright?,163
prohibitive,adjective,C1,"The cost of repairing the building's antique plumbing was prohibitive, forcing the owners to consider selling it to developers.",30
dated,adjective,B2,This style of architecture is rather dated.,153
poison,noun,B1,The snake's bite released a deadly poison.,130
once,adverb,A1,That is a toy I saw once.,5
understanding,noun,B2,"After the lecture, my understanding of the historical events had profoundly changed.",152
smoke,noun,A1,Is this a big smoke?,7
force,noun,A2,"In case of a sudden emergency, we have a strong force of volunteers ready.",104
sanitation,noun,B2,Proper sanitation can be maintained in all public spaces.,147
selectivity,noun,C2,The program's selectivity has been praised.,151
attributive,adjective,C2,She enjoys understanding the attributive nature of language.,170
appetite,noun,B1,My appetite grew after the long walk.,129
true,adjective,A1,There is a true happiness.,33
poisonous,adjective,B1,The snake grew very long and poisonous.,130
subtle,adjective,B2,"With practice, he will be able to detect the subtle nuances in their communication.",141
fruit,noun,A1,a bowl of fruit,42
interject,verb,C1,"When the speaker paused to gather their thoughts, the audience member couldn't help but interject with a pertinent question.",103
dumb,adjective,B2,She didn't have to pretend to be dumb.,140
stressed,adjective,B1,She looked stressed after the difficult exam.,119
immigrate,verb,B1,My grandparents were the ones who chose to immigrate.,137
alcoholic,noun,B2,He spent years battling his demons and eventually overcame the struggles of being an alcoholic.,148
firm,noun,B1,She went to a firm in the city.,122
growth,noun,B1,She thought about the company's recent growth.,118
transfusion,noun,B2,The patient's blood type was incompatible for the needed transfusion.,157
inch,verb,B2,The little boat inched its way through the narrow canal.,153
transatlantic,adjective,C1,The transatlantic flight had been delayed by severe weather.,151
expression,noun,A2,He is showing an angry expression now.,71
second,noun,A2,"You can take a second to think, can't you?",89
neglect,noun,B2,"Despite his best efforts, he found himself unable to overcome the effects of childhood neglect.",141
union,noun,B1,They formed a union last year.,127
nigh,adverb,C2,The end of the day felt nigh.,150
acquire,verb,B1,He acquired a new skill last month.,117
dig,verb,B1,We dug a hole in the garden for the new plant.,116
vigor/vigour,noun,B2,The old engine showed no vigour and refused to start.,173
anguish,noun,B2,Have you ever witnessed such profound anguish?,162
trying,adjective,C1,Let's not be trying so hard to impress everyone.,48
literature,noun,B1,She spoke about world literature for an hour.,128
engineer,noun,A1,Is there an engineer in the office?,38
selfish,adjective,B1,He acted selfish and ignored his friends' needs.,114
gadget,noun,C1,Most people bring a few of their favorite gadgets when they travel.,30
barrel,noun,B1,He used to store all his apples in a large wooden barrel.,178
discriminate,verb,B2,Certain customers were discriminated against by the company.,156
hour,noun,A1,It is one hour.,66
discourse,noun,C1,That is a rather heated political discourse.,5
right,adverb,A1,What kind of way is this? It's right.,23
rapturously,adverb,C2,The audience applauded rapturously.,156
orbit,noun,B1,The moon continued its orbit around the Earth.,117
fancy,verb,B1,I fancy having pizza for dinner tonight.,125
whistle,noun,B1,Did you hear the referee's whistle?,133
sofa,noun,A1,Let's not sit on the sofa yet.,48
not,adverb,A1,What have you not got?,13
rebel,verb,B2,The child's spirit could not be rebelled against by the strict rules.,147
safari,noun,B1,We saw lions on our safari.,124
pad,noun,B2,The door can be locked with the security pad.,147
booth,noun,B2,We have grown accustomed to the privacy offered by the telephone booth.,155
somebody,pronoun,A2,Somebody was the first person to arrive at the party.,113
son-in-law,noun,B2,My parents have no son-in-law.,173
tear,verb,B1,She accidentally tore the old letter when she opened it.,125
restorative,adjective,C1,"The massage was incredibly restorative, not depleting.",157
raincoat,noun,A2,This is the best raincoat I have ever owned.,108
unheard,adjective,B1,The pleas for help went unheard in the storm.,126
brood,noun,C2,No one in the family shared her brood of worries.,173
session,noun,B1,I felt a great energy during the last training session.,120
lecturer,noun,B2,The course material wasn't prepared by the lecturer.,157
roast,adjective,B2,"The coffee beans are able to produce a rich, roast flavour after a few months.",141
flock,noun,B1,A large flock of birds flew across the sky.,129
display,noun,A2,Will the museum display the new painting next month?,80
march,noun,B1,We heard the steady march of soldiers.,118
encyclopedia/encyclopaedia,noun,B1,I found a great deal of information in the old encyclopedia.,120
proximal,adjective,C2,The bone was proximal to the joint.,151
tape,noun,A2,My son is using the tape.,76
lovingly,adverb,B1,She carefully and lovingly knitted a small blue hat for the newborn.,117
tank,noun,B1,He was a soldier in a tank.,123
boast,verb,B1,The young athlete boasted about his previous wins.,126
telephone,noun,A1,There are no telephones in my house.,40
outside,preposition,A2,This is the best weather we've had outside all month.,108
ambition,noun,A2,Her ambition to be a doctor is not as great as her ambition to help people.,110
bleed,verb,B1,The old tree's branches began to bleed sap in the hot sun.,119
cynical,adjective,C1,Her cynical remarks about the project's chances of success discouraged the team.,115
prescription,noun,B1,The doctor gave me a prescription that I needed to fill at the pharmacy.,175
warm,adjective,A1,Is it a warm coat?,4
then,adverb,A1,"Whose pen do you use, then?",55
abound,verb,C1,Opportunities for innovation must abound in this rapidly evolving sector.,177
fur,noun,B1,She felt the soft fur of the cat.,127
granddad,noun,A2,May I ask my granddad for help?,98
hazard,noun,B1,I didn't see that particular hazard.,132
cry,noun,A1,Let's not make a cry.,48
chemical,adjective,A2,Scientists in the future will discover new chemical compounds.,82
eligible,adjective,B2,"After he completed the training, he felt eligible for the promotion.",150
priority,noun,B2,Ensuring everyone has access to clean water has always been a high priority.,151
trail,noun,B1,We followed the narrow trail through the forest.,121
formerly,adverb,B2,This building was formerly a library.,145
archival,adjective,C2,The museum has just acquired a significant archival collection of photographs.,160
dropout,noun,B2,The program was created to help former students who had experienced a dropout to re-enter education.,145
absolute,adjective,B1,You need to sort out this absolute mess before dinner.,180
multiply,verb,B2,"Over time, we will be able to multiply our profits.",141
atypical,adjective,B2,I've never encountered such an atypical reaction to the news.,161
album,noun,A1,He hasn't got a photo album.,15
faculty,noun,B2,She enjoys using her teaching faculty to mentor new students.,170
limitation,noun,B1,What was the main limitation of the old car's engine?,135
wildly,adverb,B1,What did the wind do last night? - It blew wildly.,135
skating,noun,A2,She is really enjoying her skating.,112
fake,adjective,B1,"That wasn't a fake diamond, was it?",138
change,noun,A1,How many change do you have?,31
dump,noun,B1,"Yesterday, they made a huge dump of rubbish.",119
steely,adjective,B2,Her steely gaze prevented anyone from challenging the decision.,149
unsettling,adjective,C1,Does her constant humming during lectures strike you as a bit unsettling?,59
preindustrial,adjective,B2,The museum had its artifacts carefully displayed in a way that reflected their preindustrial origins.,181
dad,noun,A1,Whose car is this? It's dad's car.,55
optimistic,adjective,B2,"If the weather improves, we'll have an optimistic outlook for the rest of our trip.",139
satisfied,adjective,B1,She wasn't satisfied with the result.,132
mind,noun,A1,one mind - many minds,28
hell,noun,B2,He had no patience for this hellish bureaucracy.,173
have,have-verb,A1,I have a pen.,19
supportive,adjective,B1,My sister said that her friends were very supportive when she was looking for a new job.,174
like,preposition,A1,How much water is there like in the bottle?,34
handwriting,noun,B1,Her handwriting looked very neat.,117
satisfaction,noun,B1,She mentioned that her work gave her great satisfaction.,174
bypass,verb,C1,I wish I could bypass the strict security measures to see the exhibition.,179
barley,noun,B2,We will be able to harvest the barley next month.,141
cycle,noun,B1,What was the usual transportation cycle for the villagers in that era?,135
clear,verb,B1,The instructions that the teacher gave us to finish the homework will clear up any confusion.,175
customary,adjective,C1,What colour ribbons are customary for the graduation ceremony?,54
convict,noun,C1,The latest parole board report indicated that the convict who had been considered the most incorrigible was now showing a more repentant attitude.,107
domesticity,noun,C2,She chose to embrace a life of domesticity.,167
squirm,verb,C2,The little boy began to squirm in his seat.,164
endeavor/endeavour,noun,B2,We intend to make this endeavor a success.,168
standing,noun,C2,His good standing in the community is respected.,144
review,noun,A1,I read one review.,29
cozy/cosy,adjective,B2,a newly decorated living room felt very cozy,143
clinic,noun,B1,She was at the clinic yesterday.,137
discomfort,noun,B1,Who was feeling the discomfort?,137
weed,noun,B2,I wish I hadn't let that weed grow so tall in the garden.,179
elevate,verb,C1,My grandmother would often tell stories that would elevate our spirits during difficult times.,178
top,noun,A1,I don't eat from the top shelf.,49
blow,verb,A1,Do you blow the candles on your birthday cake?,50
depravity,noun,C2,The depths of human depravity can be glimpsed in their actions.,147
lady,noun,A1,We've got a new lady at work.,10
bar,verb,B1,The shop owner barred the door early last night.,119
explore,verb,A2,"In case we have free time, we will explore the new park.",104
ours,pronoun,A1,"This car isn't theirs, it's ours.",49
overlap,noun,B2,"Our working hours have quite an overlap, haven't they?",165
headphone,noun,A2,"You're wearing a headphone, aren't you?",77
tightrope,noun,B2,There was no sign of a tightrope walker at the circus.,173
wryly,adverb,C1,"He watched the young intern struggle with the complex software, and then, with a knowing nod, wryly admitted he'd once been just as clueless.",141
technically,adverb,B2,"Technically, the report has been finalized.",151
witness,verb,B1,He witnessed the fire last night.,123
anthropology,noun,C1,How many books on anthropology does the library have?,31
motionless,adjective,B1,The cat remained motionless on the mat.,121
credit card,noun,A1,It's a plastic credit card.,2
through,adverb,B1,She brought the heavy box through the doorway.,118
checkpoint,noun,B2,"If we had reached the checkpoint by now, we would be setting up camp for the night, but it's still a long way to go.",139
insubordination,noun,C1,His persistent insubordination was the worst aspect of his performance review.,108
accusation,noun,B2,They decided to ignore the accusation.,167
widely,adverb,A2,She herself has widely accepted the new software.,101
enroll/enrol,verb,B2,He must have enrolled in that advanced photography course he was talking about.,177
bored,adjective,A2,Can you tell me something interesting because I am bored?,86
surroundings,noun,B2,She admired the beautiful surroundings of the countryside.,164
disorderly,adjective,B2,I have never witnessed such a disorderly protest.,161
engineering,noun,B1,She studied engineering at university.,121
diverge,verb,C1,We cannot help but diverge from the original plan as new information becomes available.,85
exhausting,adjective,B2,"This entire project has been quite exhausting, hasn't it?",165
academic,adjective,B1,She thought the academic paper was too difficult.,118
visible,adjective,B1,It's difficult to see the stars when the city lights are visible.,182
queue,noun,B1,I kept in the queue for a long time.,120
illegally,adverb,B1,What did they do with the stolen goods? - They transported them illegally.,135
grandma,noun,A1,Grandma bakes cookies on Saturdays.,57
aim,noun,B1,Who was the main aim?,137
switch,noun,B1,I need to find the light switch to turn it on.,180
seismic,adjective,C2,"If the company made seismic changes to its strategy, employees would feel more secure, but they are not, and they remain worried.",139
grandpa,noun,A1,What does Grandpa cook?,60
crocodile,noun,B2,There were no crocodiles in the small pond.,173
bubbly,adjective,C1,Whose bubbly personality does he admire?,62
publisher,noun,B1,The publisher accepted my manuscript last week.,127
acrobatically,adverb,C2,The cat will be fed if it performs acrobatically.,146
independent,adjective,B1,"She learned to cook by herself, making her more independent.",125
doubtful,adjective,B2,My chances of finishing this project on time are looking doubtful.,160
boom,noun,B1,That wasn't a successful boom.,134
button,noun,A1,Whose shirt has a red button?,62
bomber,noun,B2,The pilot decided to abandon the bomber.,167
mirror,noun,A2,"You can see your face in this mirror, can't you?",89
recluse,noun,C2,No one expected the old author to be a recluse.,173
traditional,adjective,A2,"This bread is good, but that one is more traditional.",106
divergence,noun,C1,The initial divergence of opinion among the committee members led to several distinct proposals being presented.,24
weird,adjective,B1,My uncle would tell these weird stories about his childhood.,178
honk,noun,C1,There were no honks from the geese that morning.,40
deprecate,verb,C2,They had the outdated software deprecated by the IT department.,181
matter,verb,A2,This is not something that can matter to yourself.,101
goods,noun,B1,We traded some precious goods last week.,127
balcony,noun,A2,You may place plants on the balcony.,99
stopover,noun,B2,The short stopover has been arranged.,166
downstairs,adjective,B1,I put the old newspapers in the downstairs bin this morning.,125
mastery,noun,B2,There was no sign of his emotional mastery in his outburst.,173
fever,noun,A1,a touch of fever,42
square,adjective,A2,Can you see that square table?,86
skate,noun,A2,Where can I buy a new skate?,93
retrieve,verb,B2,We will have to retrieve the forgotten documents from the archive.,140
segment,noun,B2,The company had already broken the market into several segments.,154
laboratory,noun,B1,The scientist worked in the laboratory.,131
annex,noun,C2,We had the old annex attached to the main building.,181
pyre,noun,C2,They have never witnessed a funeral pyre.,161
accurately,adverb,B1,She remembered the events accurately yesterday.,115
paintbrush,noun,B2,He had his old paintbrush restored by a professional artist.,181
homestead,noun,C2,She considered expanding her homestead after the harvest.,169
optimist,noun,B2,"She was always an optimist, having overcome many challenges.",154
argument,noun,A2,You may not win this argument.,97
diplomat,noun,B2,The experienced diplomat chose to remain silent during the heated negotiations.,167
upstairs,adverb,A2,Who can get the book from upstairs?,88
special,adjective,A1,I don't want a special gift.,49
pullover,noun,B1,Did you buy that nice blue pullover at the shop?,133
motivate,verb,B1,"You didn't help motivate him to finish the project, did you?",138
individualism,noun,C2,The importance of individualism was emphasized in the meeting.,145
adversity,noun,B2,She has never faced true adversity before.,161
thump,verb,B1,The dog's tail began to thump against the floor.,180
terribly,adverb,B1,She was terribly upset after she went home.,122
plutocrat,noun,C2,The new regulations may be circumvented by a wealthy plutocrat.,147
responsible,adjective,B1,The manager explained that he was responsible for the project's success.,174
happily,adverb,A2,He is happily playing with his toys.,71
lazy,adjective,A1,Is that a lazy cat?,7
antiaircraft,adjective,B2,The soldiers have just deployed their antiaircraft defenses.,160
negotiation,noun,B1,The successful negotiation which ended yesterday will help our company grow.,175
advanced,adjective,A2,I cannot understand the advanced instructions.,85
equip,verb,B2,The school will soon equip students with the necessary skills for the future.,141
granddaughter,noun,A2,May my granddaughter use your phone?,98
adventurous,adjective,B2,Has that adventurous journey been planned for a while?,158
spin,verb,B2,Have you ever tried to spin a yarn?,162
sunlight,noun,A2,This sunlight is brighter than yesterday's.,107
grim,adjective,B2,"If they had a better plan, the future wouldn't look so grim.",139
its,pronoun,A1,Is it the dog and its toy?,4
organization/organisation,noun,B1,The new girl was responsible for the whole organization.,137
rival,noun,B2,Did any of the other companies see our new product as a serious rival?,172
close,verb,A1,Who closes the door?,63
prefix,noun,B1,She attached the incorrect prefix to the word.,114
invasion,noun,B1,Their backyard was a green invasion of weeds.,123
crack,verb,B2,Have you ever managed to crack the code?,162
ought to,modal auxiliary,B1,Someone ought to have locked the door.,136
taciturnity,noun,C2,"Her taciturnity was an unexpected, yet appreciated, silence.",143
educate,verb,B1,We educated the children about recycling last week.,124
outside,adverb,A1,Are there any people outside?,41
cough,noun,B2,My persistent cough kept me awake all night.,164
weave,noun,B2,The intricate weave of their friendship will be tested by this new challenge.,146
class,verb,C1,Do you class your morning walk as a proper workout?,50
affectionate,adjective,B2,Some of the stray cats are very affectionate towards visitors.,171
interlocking,adjective,C2,Are these interlocking pieces used in the puzzle?,158
strength,noun,A2,What kind of help must he ask for? He must ask for help that shows his strength.,93
fragrance,noun,B2,The jasmine's sweet fragrance will be able to fill the garden as it blooms.,141
addressee,noun,B1,The sender checked the address of the addressee carefully.,114
cloister,noun,C2,What quiet places have you visited? - The hushed cloister offered a moment of peace.,163
fish,verb,B1,I didn't fish in that river last week.,132
rape,verb,B2,"It is difficult to construct a natural, sensible B2 CEFR-level English sentence using ""rape"" as a verb following the pattern ""Verb + infinitive (plan, promise)"". The word ""rape"" is a violent act and does not typically pair with verbs like ""plan"" or ""promise"" in a way that fits this grammar.

However, if we slightly adapt the pattern to focus on the act of violation and its aftermath, a sentence could be crafted. This adaptation is to ensure a natural and sensible sentence, prioritizing meaning over rigid pattern adherence.

He refused to acknowledge how his actions seemed to rape her spirit.",168
unthinkably,adverb,B2,The results of the experiment were unthinkably bad.,159
narrate,verb,B1,She narrated the story of her childhood.,127
aimless,adjective,C1,What kind of wandering is that? - It's aimless.,23
history,noun,A1,What kind of books do you like? - I like history books.,53
though,conjunction,A2,"May I borrow your book, though?",98
synonym,noun,B2,"She must have forgotten the word ""synonym"" — she's using the same adjective repeatedly.",177
unsettle,verb,C1,Rumors of layoffs may deeply unsettle long-term employees.,100
witness,noun,B2,The accident was witnessed by many people.,156
reprove,verb,B2,She must have been disappointed to reprove her son for his behavior.,177
short/shorts,noun,A2,These shorts are shorter than my old ones.,107
anti,adjective,B1,They didn't feel anti-social at the party.,132
due,adjective,A1,These five assignments are due next week.,27
beginner,noun,A2,The beginner won't finish the course this year.,79
brochure,noun,B2,Where did you find that attractive brochure for the art exhibition?,159
surveillance,noun,B2,I wish the company hadn't installed so much surveillance in the office.,179
unacceptable,adjective,B2,Their behavior at the party was completely unacceptable.,159
comma,noun,B1,"She sang a song, and the last word ended with a comma.",124
indoor,adjective,A2,Indoor games are more convenient than outdoor games.,106
habitat,noun,B1,The developers dreamt that their new construction would not harm the local bird habitat.,126
nonchalant,adjective,C2,She spoke with a nonchalant air about the difficult situation.,154
whisper,noun,B1,He heard a whisper of excitement in her voice.,121
purse,noun,B1,She said that she had lost her purse.,174
unpredictable,adjective,B1,"The weather here is often unpredictable, so I always pack an umbrella.",125
converse,noun,B2,The lively converse about the film must have continued for hours.,177
gorgeous,adjective,B1,The sunset looked gorgeous as it went down.,180
unsatisfactory,adjective,B2,The progress made on this project is consistently unsatisfactory.,144
hanging,noun,C1,"The slow, suspenseful hanging of the plot was more captivating than any fast-paced action sequence.",109
wrap,noun,B1,She finished the colorful wrap last night.,119
affection,noun,B1,She thought about the affection he had shown her.,118
cross,verb,A2,What will you cross when you go to the park?,81
that,adverb,B2,Have you ever travelled that far before?,162
scheme,noun,B2,What kind of new recycling scheme have you heard about?,163
destructive,adjective,B1,The fire was destructive.,124
haunt,verb,B2,"The memories of the abandoned house continue to haunt him, but he's finally allowed to move on.",142
become,verb,A1,Will this become a long story?,7
materialistic,adjective,C2,He is able to resist being materialistic.,141
handle,verb,B1,She **handle**d the difficult situation very well.,116
blast,noun,B2,The entire street will be cleared for the fireworks blast.,146
shambles,noun,C1,The third attempt to organize the project left the entire operation in a complete shambles.,113
slap,noun,B2,The unexpected comment was a real slap in the face.,149
sunny,adjective,A1,How many sunny days have you had?,31
cast,verb,B2,The director decided to cast a new actor in the lead role.,168
poise,verb,C2,I have never been able to poise my fear when speaking in public.,161
bustling,adjective,B2,We will be able to find a quiet corner in that bustling market.,141
junior,adjective,A2,He is working as a junior assistant at the moment.,75
nano,noun,B2,There was no nano-technology available for the experiment.,173
alone,adverb,A1,What has he got alone?,18
dining room,noun,A1,Go to the dining room.,43
prejudice,noun,B1,He realized his own prejudice when he saw the man's kindness.,114
rocky,adjective,B2,The path up the mountain is often described as rocky.,144
lack,noun,A2,I'm feeling a lack of energy today.,70
ling,noun,B2,He felt a lingering doubt about the ling he had caught.,150
cessation,noun,C1,I contemplate the cessation of hostilities with cautious optimism.,170
all,adverb,A2,We are all learning English.,72
besides,adverb,A2,"If you finish your homework, besides you can watch TV.",102
economics,noun,B1,She didn't study economics at university.,132
unadulterated,adjective,C2,This joy is often experienced as unadulterated happiness.,144
roll,noun,A2,Who can make a nice bread roll?,88
credible,adjective,C1,a report with a few pages of credible data,42
uplifted,adjective,B1,It's uplifting to see people helping each other.,182
pneumonia,noun,B2,She must have had pneumonia last winter because she was coughing for weeks.,177
daily,adverb,A2,The student must read for thirty minutes daily.,94
gossip,verb,B2,He's always gossiped about his colleagues behind their backs.,154
fail,verb,A2,Must we fail this important test?,92
posture,verb,C2,She tends to posture being an expert.,170
tricky,adjective,B2,That might be a tricky situation to solve without more information.,177
orchestra,noun,B1,The boy was in the orchestra.,137
convenient,adjective,A2,This time is not convenient.,85
broaden,verb,B2,He will be allowed to broaden his horizons through this new opportunity.,142
well,adjective,A1,"You are feeling well, aren't you?",65
relation,noun,B1,The close relation between their families meant they often spent holidays together.,126
antiquated,adjective,C1,I feel like my approach to learning is somewhat antiquated.,68
follower,noun,B2,"My new account wasn't popular, it gained no follower.",157
twelve,number,A1,Let's not be late for twelve o'clock.,48
omelet/omelette,noun,A2,"In case you're hungry, I can make you an omelette.",104
army,noun,B1,Who was in the army?,137
tabloid,adjective,B2,The celebrity seemed to agree to the tabloid journalist's persistent questions.,167
angularity,noun,C2,She managed to avoid the angularity of his gaze.,169
fifteen,number,A1,Who has fifteen books?,63
martial art,noun,B2,My brother is often praised for his skill in martial art.,144
tour,verb,B1,"Last summer, they toured the entire country.",125
design,verb,B1,We designed our new garden last spring.,123
any,determiner,A1,Do you have any brothers?,56
condition,noun,A2,What kind of car can you buy? A car in good condition.,87
hearty,adjective,B1,The hikers ate a hearty meal after their long walk.,117
confection,noun,C2,That beautiful confection must have taken hours to make.,177
construction,noun,B1,The company supervised the construction.,136
sack,verb,B2,He wasn't allowed to sack the company's valuable resources.,142
vicious,adjective,C1,"If he hadn't provoked the dog, it wouldn't have turned on him with such vicious intent.",176
discard,verb,C1,Is the chef discarding the spoiled ingredients right now?,74
compliance,noun,C1,We can ensure strict compliance with the new regulations.,84
proposal,noun,B1,We need to think over the new proposal before we accept it.,180
contest,noun,A1,How many people join the contest?,56
treasure,noun,A2,"We will find the hidden treasure, won't we?",83
cite,verb,C1,Where should we cite the source of this information?,159
mall,noun,A2,We must go to the mall.,90
induction,noun,C1,The immediate aftermath of his induction felt surprisingly anticlimactic.,121
classical,adjective,B1,It's wonderful to listen to classical music.,182
collapse,noun,B1,"After the long walk, the old building had a complete collapse.",180
uncanny,adjective,C2,He had an uncanny resemblance to his father.,181
brainwash,verb,C1,"You can't possibly think they managed to brainwash him that easily, can you?",89
contraption,noun,C2,What is that strange contraption you've built?,163
present,verb,B2,Your work will be present at the exhibition next month.,146
northward,adverb,B2,The flock of birds was seen flying northward yesterday.,145
unconvincingly,adverb,C1,"He presented a vast collection of stamps, which he unconvincingly claimed represented every nation on Earth.",42
squint,verb,C2,The sun was so bright that the children had to squint.,145
library,noun,A1,Are there any books in the library?,41
exchange,verb,B1,We exchanged gifts last Christmas.,115
carriage,noun,B1,She woke to the sound of the carriage rattling outside.,128
celebrity,noun,B1,What kind of parties did you go to when you were a young artist? - I went to parties with a famous celebrity.,135
patchy,adjective,C2,The old photograph had a patchy look from the years of being in sunlight.,150
majority,noun,B1,The majority of students brought their own snacks.,124
splash,noun,B2,The kids love a good splash in the garden hose.,159
frolic,verb,C2,Did the puppies frolic in the park this morning?,172
obvious,adjective,B1,It was obvious that he had forgotten where he put his keys.,118
degrading,adjective,C1,I may not participate in such a degrading activity.,97
much,adverb,A1,I don't eat much.,49
dignity,noun,B2,She had spoken with great dignity throughout the difficult situation.,154
shipwreck,noun,B2,They hope to be able to recover valuable artifacts from the shipwreck.,141
blitz,verb,C2,The local team was blitzed by their opponents in the first half.,144
vivid,adjective,B1,She described her dream with vivid details.,115
convention,noun,B2,We will be able to understand the artist's convention once we have more context.,141
ludicrously,adverb,C1,How much noise were they making? They were making ludicrously loud noise.,34
mailbox,noun,B1,Did you check the mailbox this morning?,133
scientist,noun,A1,One scientist - many scientists,28
extraordinarily,adverb,B2,"They have been extraordinarily helpful with this project, haven't they?",165
metal,noun,A2,You are carrying a lot of metal.,72
leather,noun,A2,He is wearing a leather jacket.,71
possibly,adverb,A2,"What will we eat for dinner, possibly pizza?",81
eke out,verb,C2,Some people eke out a living by selling handmade crafts.,171
enthusiastic,adjective,B1,They seemed enthusiastic about the new plan.,127
neighbor/neighbour,noun,A1,Who is my neighbour?,9
painstakingly,adverb,C2,She has painstakingly agreed to finish the project by next week.,167
adjective,noun,A2,"When I write a story, I always look for the best adjective.",103
short,adverb,A1,He has got short hair.,14
engineer,verb,C1,They managed to engineer much progress on the project despite limited resources.,34
equality,noun,B1,They didn't achieve true equality in the past.,132
force,verb,B2,Some people were forced to leave their homes.,171
discussion,noun,A2,What must we have before the meeting? A short discussion.,93
silver,noun,A2,The old coin was pure silver.,112
fluid,adjective,B2,The design of the interface has been made more fluid.,166
last,pronoun,A2,What must I eat last?,93
provided,conjunction,B1,"He wasn't the person they described, provided he was telling the truth.",134
employ,verb,B2,The company will employ new strategies.,148
takeoff/take-off,noun,B1,The runway was ready for the takeoff.,137
pollution,noun,A1,There is pollution in the river.,35
happenstance,noun,C2,What a strange happenstance that we both ended up at the same small café.,163
artifact,noun,C2,This ancient artifact was dug up by archaeologists.,155
surreptitious,adjective,C2,The manager's actions were often perceived as surreptitious.,166
yawn,noun,B2,"After a long day, the sudden yawn brought a sense of relief.",149
stroke,verb,B2,The ancient carving can be carefully stroked to reveal its texture.,147
consist,verb,A2,These two houses consist of four bedrooms each.,109
blonde,adjective,A2,She will probably meet the new blonde teacher.,78
staccato,adverb,C1,He hasn't got a response that isn't staccato.,11
perception,noun,B2,I wish my perception of the situation had been more accurate.,179
vis-a-vis,preposition,C2,"Having spoken vis-a-vis the issue, I have broken my silence.",154
flawless,adjective,B2,The singer was granted permission to perform a flawless rendition of the song.,142
flicker,noun,C1,It's a faint flicker.,2
critically,adverb,B2,"You've thought critically about this issue before, haven't you?",165
exclusion,noun,B2,The policy's perceived unfairness led to the exclusion of several community members.,153
fire,verb,B2,The hunters fired their rifles at the signal.,152
shot,noun,A2,That final shot was the highest of the game.,109
decomposition,noun,B2,The scientist continues studying the slow decomposition of the ancient wood.,170
various,adjective,B1,"Yesterday, I sang various songs at the party.",124
pineapple,noun,B1,The pineapple fell from the table.,117
harrow,noun,B2,The farmer dragged a heavy harrow across the freshly plowed field.,155
transfer,verb,B1,Who was able to transfer the files?,137
owing to,preposition,B2,The package was delayed owing to a sudden increase in demand.,145
adornment,noun,C2,This dress had no special adornment.,157
son,noun,A1,Let's not wake our son.,48
repeat,verb,A1,"Fifty two times, you repeat the word.",26
hello,noun,A1,There isn't a hello in the letter.,37
good afternoon,interjection,A1,"He hasn't got, good afternoon, any time.",15
freshman,noun,B1,The professor explained that every freshman had to buy the textbook.,174
bold,noun,B2,She decided to show some bold.,168
rob,verb,A2,They won't rob the bank tomorrow.,79
palatable,adjective,C2,"If the food were less spicy, it would be more palatable to everyone.",139
vitamin,noun,B2,I wish I had taken that vitamin supplement sooner.,179
post,noun,A1,There is a post in the ground.,36
symptom,noun,B1,"The doctor asked, ""Who noticed the first symptom of the illness?",136
subculture,noun,B2,I wish I had understood the nuances of that music subculture better when I was younger.,179
eccentrically,adverb,C1,"She always dresses eccentrically, doesn't she?",165
they,pronoun,A1,"One dog barked, but they all ran.",28
sleepless,adjective,A2,We are having a sleepless night because of the storm.,72
key,noun,A1,Whose house key do you have?,55
upbringing,noun,B2,His strict upbringing must have influenced his disciplined behavior.,177
dismal,adjective,C1,"Despite the dismal weather, we had the garden furniture cleaned and put away.",181
filial,adjective,B2,He showed no filial respect towards his elders.,173
tourism,noun,B1,"Last year, local tourism greatly improved our town's economy.",125
explosive,adjective,B2,a highly explosive mixture,143
blend,noun,B2,You'll be allowed to try this new flavor blend.,142
separately,adverb,B2,"What do you usually do after finishing your work, and do you manage your personal tasks separately?",163
expedite,verb,C1,The new software is designed to expedite processing your applications.,169
incongruity,noun,C2,The incongruity of his polite words and his aggressive actions was striking.,151
uncommon,adjective,B2,She seems to possess an uncommon ability to solve complex problems.,167
viciously,adverb,C1,The cornered wolf viciously attacked the intruder.,117
respectable,adjective,B1,He carried a respectable amount of money in his wallet.,114
best,adjective,A1,Is it the best apple?,4
dedication,noun,B2,Have you shown great dedication to your studies this semester?,162
closure,noun,B2,I wish I had found some closure after that difficult situation.,179
virus,noun,B1,What kind of computer virus did you find on your old laptop?,135
executive,adjective,B2,The new manager will have to attend an executive meeting.,140
roof,noun,A2,It isn't raining on the roof now.,73
glint,verb,C2,His eyes have just been glinted by the sun.,166
career,noun,B1,She started her acting career last year.,125
unwell,adjective,B1,"He was feeling unwell last night, wasn't he?",138
smoothly,adverb,A2,"We must finish the report smoothly, mustn't we?",95
reference,noun,B2,"The author provided a handy reference for verb forms, such as 'to show,' 'showed,' and 'shown.'",155
maneuver/manoeuvre,verb,C1,They haven't got the experience to maneuver the difficult situation.,11
tomorrow,noun,A1,Tomorrow is a new day.,35
moonscape,noun,B2,"The vast, desolate surface of the planet was described by the astronauts as a stark moonscape.",156
hug,verb,A2,I'm not hugging you right now.,73
sentence,verb,B2,The judge angrily sentenced the guilty man to prison.,152
royal,adjective,A2,The guard may not enter the royal chambers.,97
coupled,adjective,C1,"This new security system, coupled with improved lighting, should deter further incidents, shouldn't it?",65
category,noun,B1,That book belonged to a different category last year.,123
meteorological,adjective,C2,The team aims to implement new meteorological monitoring systems.,167
artifice,noun,C2,She has never encountered such obvious artifice in a performance.,161
haggle,verb,C1,What did you do at the bazaar? - I had to haggle for a reasonable price on that rug.,163
bubble,noun,B1,Who was in the bubble?,137
fabulate,verb,C2,The child fabulated a wonderful story.,154
monastic,adjective,C2,The monastery's atmosphere can be described as almost monastic.,147
conditionally,adverb,C1,Where might you go conditionally on the weather improving?,52
edit,verb,B2,"If she had more time, she would edit the entire manuscript herself.",139
buddy,noun,B1,My old buddy helped me move last weekend.,115
pandemic,adjective,B2,Have you heard about the new pandemic-related travel restrictions?,162
irritating,adjective,B2,The constant loud music from the apartment upstairs will be very irritating.,146
stun,verb,B1,The loud noise stunned everyone in the room.,127
scatter,verb,B1,The children scattered their toys across the floor after playing.,125
gaiety,noun,B2,The recovered village square was filled with an air of revived gaiety.,143
century,noun,A2,"This building is from the last century, isn't it?",89
counsel,noun,C2,Have you received any counsel from your teacher?,162
eastern,adjective,B1,"The new shop opened on the eastern side of town, didn't it?",138
aimlessly,adverb,C1,He's got a collection of old postcards that he flips through aimlessly.,14
fun,adjective,A1,"This is a fun party, isn't it?",65
lyric,adjective,A2,Her latest song has a more lyric quality than her previous ones.,109
past,adverb,A1,What does the runner do? - He runs past the finish line.,60
low,adjective,A2,"When the battery is low, I will charge my phone.",103
underneath,preposition,B1,I put the book underneath the table.,180
director,noun,A2,The new film director is more creative than the old one.,109
dwarfism,noun,C2,How is dwarfism diagnosed?,159
warrior,noun,B1,He was a brave warrior in ancient times.,123
jeopardize/jeopardise,verb,B2,Her careless comments could jeopardize the entire negotiation.,164
no,determiner,A1,No smoking people are here.,69
deal,noun,A2,I'm making a deal with my brother now.,70
posterity,noun,C2,We intend to create a legacy for posterity.,168
mutual,adjective,B1,We had a mutual understanding about the project.,123
bruise,noun,B2,That dark bruise on my arm wasn't caused by me.,157
update,noun,B2,Have you received the latest update on the project?,162
terrible,adjective,A1,Who is it? - It's a terrible noise.,9
least,pronoun,B2,"If everyone else had brought their own snacks, I would have brought the least.",139
helmet,noun,B1,She wore a helmet for protection.,115
belligerent,adjective,C2,The politician showed no belligerent behavior during the debate.,173
board,noun,A1,I haven't got a board.,11
magpie,noun,C2,A shiny coin was taken by the magpie.,144
proposed,adjective,B2,The proposed solution offered a clear path forward.,152
society,noun,A2,What must we protect in our society?,93
harm,noun,B2,Was any significant harm done during the protest?,158
talk,noun,B1,That wasn't the kind of talk I wanted to hear.,134
grandchild,noun,A2,Who will visit Grandma next year? My grandchild.,82
lettuce,noun,B1,I was the one who bought the lettuce at the market.,123
your,determiner,A1,Your dog doesn't eat meat.,58
promise,verb,B1,She promised that she would help me with my homework.,174
euphemistically,adverb,C2,"The old shed was euphemistically described as a ""storage unit"" before it was dismantled.",147
privileged,adjective,C1,Having had the opportunity to witness such a profound cultural event made me feel exceptionally privileged.,152
detective,noun,B1,What did the detective find in the old house?,135
mum,noun,A1,What kind of flower is mum?,23
inform,verb,B1,He informed me that he had forgotten his keys.,174
labor/labour,noun,A2,"The construction labor will be finished next week, won't it?",83
legislature,noun,B2,The committee decided against delaying the legislature's vote on the new bill.,169
tongue,noun,B1,She tasted the soup with her tongue.,119
worthwhile,adjective,B1,Who was the most worthwhile student?,137
ignorant,adjective,B2,He was ignorant of the changes until the last moment.,141
dark,adjective,A1,a box of dark chocolates,42
preferable,adjective,B2,She finds staying home preferable to going out on rainy days.,170
muscle,noun,B1,I should work out to build more muscle.,180
screw,noun,A2,I'm looking for a screw for the shelf.,70
unlike,adjective,A2,This task is unlike any other I must do.,90
contain,verb,B1,The old box used to contain many interesting toys.,178
daft,adjective,B2,That daft suggestion was quickly dismissed by the committee.,156
run,verb,A1,There is a little milk to run.,33
debit,verb,B2,The bank will debit your account for the monthly service fee.,152
open,verb,A1,What do you open in the morning?,51
mobile phone,noun,A1,Whose mobile phone does she use?,62
fume,noun,B2,The acrid fume hung heavy in the air.,154
dribble,noun,C2,The tiny **dribble** of water was barely noticeable.,151
feast,noun,B1,We had a wonderful feast at my grandparents' house last Christmas.,123
impress,verb,A2,"When the chef cooks dinner, he will impress everyone.",103
humiliate,verb,B2,I wish I hadn't done anything to humiliate my friend during the presentation.,179
lot,noun,A2,"If you finish this lot, you can have a break.",102
nationwide,adverb,B2,The company's new advertising campaign was bought nationwide.,149
toss,verb,B1,Did you toss the coin before the game started?,133
endure,verb,B1,She had to endure the long journey.,136
purchase,noun,B2,My friend made the online purchase.,164
pepper,noun,A2,She added pepper sparingly to her soup.,111
goalkeeper,noun,B1,What was the goalkeeper's name on the team last season?,135
rusty,adjective,B2,The old bicycle's gears had become rusty after years of disuse.,151
supposedly,adverb,B1,The train supposedly arrived on time this morning.,117
provision,noun,B2,"We have made adequate provision for our guests, haven't we?",165
sandwich,noun,A1,"You like a cheese sandwich, don't you?",65
pillow,noun,B1,She hugged the pillow tightly.,127
edification,noun,C2,I wish the lecture had been more for my edification.,179
owe,verb,B1,I owe you an apology.,136
examiner,noun,B1,The examiner who marked my test was very strict.,175
clone,verb,A2,Can you clone the document for me?,86
funeral,noun,B1,We all felt sad at the funeral.,126
access,verb,B2,She accessed the archived files with a special key.,149
landscape,verb,C1,The artist landscaped the garden beautifully last spring.,117
economize/economise,verb,C2,We should economize on electricity by turning off lights.,169
piracy,noun,B2,The music industry faces challenges due to widespread piracy.,156
raunchily,adverb,C1,She always sings raunchily when no one is around.,45
hospitalize/hospitalise,verb,B2,Have you ever had to be hospitalized?,162
unconscious,adjective,B2,Was the danger during the storm unconsciously ignored?,158
victoriously,adverb,C1,Only the underdog may stride victoriously.,100
mass,noun,B2,"We haven't experienced such a massive crowd before, have we?",165
scan,noun,B1,We used to get a quick scan of the newspaper headlines each morning.,178
materialize/materialise,verb,C2,I haven't seen my dream job materialize yet.,161
rim,noun,B2,Have you ever seen the moon's full rim through a telescope?,162
benevolence,noun,B2,His acts of benevolence were felt throughout the community.,150
ingenuously,adverb,C2,She ingenuously agreed to share her last cookie.,167
madame,noun,B2,This gift was intended for the distinguished madame.,156
culmination,noun,B2,"After months of intense work, the successful product launch was the culmination of their efforts.",152
magnate,noun,C2,The struggling company was eventually bought by a wealthy business magnate.,145
blurt,noun,B2,The surprise confession came out as a sudden blurt from her.,159
car,noun,A1,What colour is the car?,22
iron,noun,B1,She polished the old iron last week.,119
inherently,adverb,C1,The complex nature of the problem makes it inherently impossible to solve with the current limited resources.,85
de facto,adjective,B2,"The committee, though not officially appointed, was the de facto decision-maker for the project.",151
ferocity,noun,C2,They admitted the ferocity of the storm's impact.,169
wares,noun,C1,"The travelling merchant displayed his colourful wares at the market yesterday, and today he's packing them up.",125
plausible,adjective,C1,She can construct a plausible argument for why the project is feasible.,84
doc,noun,B1,What kind of doc did you get from the doctor about your leg?,135
verisimilitude,noun,C2,"If the movie had more verisimilitude, I would believe the story.",139
proliferate,verb,C1,Will these new social media platforms continue to proliferate at this rate?,80
brand-new,adjective,B1,My friend said that she bought a brand-new car.,174
crippling,adjective,C2,The crippling blow he felt after the accident changed his life forever.,150
handkerchief,noun,B1,She gave him a clean handkerchief.,119
escalator,noun,A2,Where can we find the escalator?,87
drown,verb,B1,It's terrible to drown in debt.,182
intentionally,adverb,B1,He would intentionally leave his keys by the door so he wouldn't forget them.,178
transport,verb,B2,The goods have been transported safely.,166
observe,verb,B1,I didn't observe any changes in his behaviour.,132
ad-lib,verb,C2,What have you done? - I had to ad-lib a lot during the presentation.,163
acceptable,adjective,A2,This behavior is not acceptable.,94
substance,noun,B2,There was no substance to his claims.,173
constantly,adverb,B1,She was constantly moving to new cities.,122
hearted,adjective,B1,She always acted kind-hearted.,129
clever,adjective,A1,What colour is the clever fox?,22
remind,verb,A2,Is this song reminding you of your holiday?,74
last,verb,B1,Our team’s winning streak last for ten games.,123
keystroke,noun,B2,"If the document hadn't been corrupted, a single keystroke would have saved all my work.",139
comment,noun,B1,My teacher made a positive comment on my essay.,116
defense/defence,noun,B1,The knight spoke of his strong defense.,128
feedback,noun,B2,There was no constructive feedback from the participants after the presentation.,173
because of,preposition,B1,She sang beautifully because of her excellent vocal training.,124
independently,adverb,B2,"The artist painted the mural independently, having brought her own supplies.",149
never,adverb,A1,"Does he ever go to the park? - No, he never does.",59
squash,noun,B2,She found a tiny green squash under the leafy plants.,150
lay,verb,B1,She lay on the beach yesterday.,122
articulation,noun,C2,What is the best articulation of that idea?,163
preeminent,adjective,C2,What is his reputation in the field? He is the preeminent scholar on ancient history.,163
strike,noun,A2,We are about to strike a deal.,72
chin,noun,A2,He was the second boy to have his chin touched.,113
stadium,noun,A2,I am watching a football match in the stadium.,70
fabulous,adjective,B2,I wish I had worn that fabulous dress to the party last night.,179
outside,adjective,B2,The work was all done by outside contractors.,145
waste,noun,B1,Who was a waste of time?,137
nostalgia,noun,C2,A wave of nostalgia washed over her as the old song played.,151
profitability,noun,C2,The company focused on improving its profitability.,159
table tennis,noun,A2,I am not playing table tennis right now.,73
propose,verb,B1,He proposed marriage to her last year.,123
expand,verb,B1,He was happy to expand his knowledge.,137
marvelous/marvellous,adjective,A2,They won't find a more marvelous cake anywhere else.,79
few,pronoun,B1,She mentioned that few understood the complicated instructions.,174
calamitous,adjective,C2,"We were granted permission to proceed, despite the potentially calamitous consequences.",142
snap,verb,B2,My phone battery will snap back to full charge quickly.,159
alert,verb,B2,The siren alerted the town.,143
better,adverb,A2,You must listen better.,90
boat,noun,A1,Is it a small boat?,4
pave,verb,B2,What initiatives have you taken to pave the way for future collaboration?,163
cuff,noun,B2,He had been warned about the tight cuff of his shirt interfering with his swing.,151
someone,pronoun,A1,Does someone need a pen?,59
himself,pronoun,A2,"He painted the picture himself, more carefully than his classmates.",109
punctuality,noun,B2,We all grew to appreciate the importance of punctuality in our team's workflow.,155
trend,noun,B1,The company observed a positive trend in sales last quarter.,119
trait,noun,B2,My grandfather possesses a remarkable trait for remembering people's names.,164
symbolic,adjective,B2,The gesture was symbolic of their enduring friendship.,168
it,pronoun,A1,It is a big book.,27
nursery,noun,B2,She has just finished painting the nursery walls.,160
tactful,adjective,C1,Her tactful comment diffused the tense situation quickly.,117
apprentice,noun,C1,He wasn't the apprentice we had been expecting.,134
resent,verb,C1,I don't resent being overlooked.,157
piety,noun,B1,His outward display of piety wasn't genuine.,134
rarity,noun,C1,The rarity of finding such ancient artifacts means that we are allowed only limited access for research purposes.,142
impair,verb,B1,The loud noise impaired his ability to concentrate.,114
admiringly,adverb,B2,"She must have been looking at the beautiful sunset, as she gazed at it so admiringly.",177
mouth,noun,A1,It's a small mouth.,2
strap,noun,C1,She felt the leather strap loosen on her shoulder.,120
planning,noun,B2,Some planning is required before we start the project.,171
infinitive,noun,B1,"Learning the infinitive after ""want"" is an important step.",180
electricity,noun,B1,We didn't have electricity for three days.,132
pause,noun,B1,That wasn't the right moment for a pause.,134
bio,noun,B2,She decided to update her professional bio.,168
discharge,noun,B2,The patient's discharge might have been delayed due to a missing document.,177
assist,verb,B1,It's helpful to assist new employees.,182
methodologically,adverb,C2,"Methodologically, was the research flawed?",158
exit,noun,B1,The crowd rushed towards the main exit.,115
northeast,noun,B1,We dreamt of a warmer climate in the northeast.,126
sense,verb,B2,The subtle changes in his tone were sensed by everyone in the room.,156
pregnant,adjective,B1,She grew noticeably pregnant over the summer months.,130
flaw,noun,B2,"The design is praised for its ingenuity, but its simplicity is often seen as a flaw.",144
scared,adjective,B1,Were you scared in the dark when you were little?,135
accurate,adjective,B1,He used to have an accurate sense of direction.,178
unconvincing,adjective,C1,The politician's claim about his numerous good deeds felt unconvincing given his past actions.,29
southeast,noun,B1,The explorer set his compass towards the southeast.,116
follow,verb,A2,I follow the first car.,113
tangle,verb,C1,Did the fairy lights tangle when you put them away?,4
sheet,noun,B1,She felt a cold sheet of rain on her face.,120
equal,verb,B2,His efforts to equalize the playing field were admirable.,148
competence,noun,B2,Her demonstrated competence in the project was unquestionable.,151
guideline,noun,B2,A clear guideline was broken during the project.,154
marvel,verb,C1,They used to marvel at the intricate details of the old cathedral.,123
hip,noun,B1,He broke his hip when he fell.,128
render,verb,C1,What will the new technology render obsolete in ten years?,81
cap,noun,A1,There is a cap on the bottle.,36
accent,noun,B1,He had a strong accent.,116
daddy,noun,A1,Whose toys does the baby play with? He plays with daddy's toys.,62
basement,noun,B1,We stored old furniture in the basement.,115
besides,preposition,B1,"Besides the homework, the teacher assigned a project that took us all evening.",115
unlock,verb,B2,My front door was unlocked by the new resident.,145
compliant,adjective,C1,Who in the future will be compliant with the new regulations?,82
park,noun,A1,Have you got a park near here?,12
homework,noun,A1,What colour paper do you use for homework?,54
upstairs,noun,B1,"The children were playing downstairs, but now they're upstairs.",123
cute,adjective,A1,The little bear hasn't got a cute hat.,15
submarine,noun,B1,"That deep-sea exploration vehicle was a submarine, wasn't it?",138
second person,noun,B2,The teacher granted permission for the second person to answer the question.,142
breathless,adjective,B1,He wasn't breathless after the short walk.,134
lightning,noun,B1,A sudden lightning flashed across the dark sky.,117
pee,verb,B2,My dog has never peed on the carpet before.,152
refinery,noun,B2,Was the oil processed at that coastal refinery?,158
bribery,noun,C1,The company officials can't have accepted the bribery – their reputation is too important.,177
ruminative,adjective,C2,"The quiet artist, often lost in thought, had a ruminative gaze as he slowly sketched.",152
portrait,noun,A2,We are looking at the beautiful portrait.,72
preservationist,noun,C2,Some preservationist groups are campaigning for stricter environmental laws.,171
circular,adjective,B1,The old clock had a circular wooden frame.,117
relieve,verb,B2,The medicine seems to relieve the pain to continue his studies.,167
honk,verb,C1,I've never heard a goose honk like that before.,161
flighty,adjective,C2,She always seems to make flighty decisions.,168
parasitic,adjective,C2,I've just discovered a parasitic organism on my plant.,160
bounce,verb,B1,"The ball didn't bounce very high, did it?",138
schoolteacher,noun,B1,My old schoolteacher explained the history of ancient Egypt.,121
sloppy,adjective,B2,The chef's handwriting on the order ticket was quite sloppy.,151
turbulence,noun,B1,The plane experienced turbulence.,131
ground,verb,C1,"What colour is the sky, now that the sun has grounded itself below the horizon?",22
terrorist,adjective,A2,They may be using terrorist tactics.,96
prisoner,noun,B1,Who was the prisoner?,137
issue,noun,A2,This is a more serious issue than the last one.,107
impatient,adjective,A2,The second person in line was very impatient.,113
inartistic,adjective,C2,The judge seemed to consider the painting inartistic.,168
row,verb,B2,We often row across the lake when the weather is good.,154
suicide,noun,B1,He had a history of depression before the suicide.,122
flexibly,adverb,B2,She has spoken flexibly about her future plans.,154
reconciliation,noun,C2,Some hope for reconciliation exists.,171
scathing,adjective,C1,She may not approve of his scathing review of the company's policies.,97
front,adjective,A1,What is it? It's the front door.,8
poor,adjective,A1,He has a poor voice.,14
interpret,verb,B2,Your performance will be interpreted by the judges.,146
declination,noun,C2,She confessed to her declination to participate in the project.,169
strip,verb,B2,Was the wallpaper stripped before painting?,158
shed,noun,B2,The snakes shed their old skin.,148
curiosity,noun,B1,The cat's curiosity was strong.,137
endlessly,adverb,B2,She dreamed of running endlessly through fields of flowers.,170
fed up,adjective,B2,She has to leave because she's completely fed up with the noise.,140
shortlist,verb,C1,"We will have shortlisted the best candidates by Friday, won't we?",83
duel,noun,B2,"The two knights, having sworn allegiance to rival kings, prepared for a final duel.",152
habit,noun,A1,Where does he have his morning coffee habit?,61
guy,noun,A1,How many guys do you know?,56
minster,verb,C2,The town had its ancient minster beautifully restored over the course of a decade.,181
house,noun,A1,Whose house is this?,21
breathe,verb,A1,There are no fish that can breathe air.,40
articulate,verb,B2,She hopes to articulate her ideas clearly.,168
play,verb,A1,What colour toys do children play with?,54
noon,noun,A2,We are meeting at noon.,72
unsafe,adjective,B2,"The bridge, which was in a very bad condition, meant the journey felt unsafe.",153
unlike,preposition,B2,"Is the delivery of this package scheduled for Friday, unlike the last one?",158
apparently,adverb,A2,"Apparently, must I finish this report today?",92
farming,noun,B1,He wasn't interested in farming.,134
occasionally,adverb,B1,I occasionally cut my own hair at home.,116
attainable,adjective,B2,The goal of finishing the project on time was attainable.,148
scythe,noun,B2,There was no scythe left in the shed.,173
heart,noun,A1,There is a heart in my chest.,36
ten,number,A1,I don't see ten cats.,49
ultimate,adjective,B2,The project's success was considered the ultimate goal.,144
diversity,noun,C1,We don't always appreciate the diversity of opinions in our team.,49
electrical,adjective,B1,Please switch off the electrical heater when you go to bed.,180
hazard,verb,C2,The slow-moving vehicle hazards the surrounding traffic.,159
drinkable,adjective,B2,Is the water in that well drinkable?,159
impermanent,adjective,B2,Have you considered that fame is often impermanent?,162
demographic,adjective,C1,Little demographic data exists regarding the impact of this specific cultural shift.,33
rather,adverb,A2,Will I rather go to the park than the museum?,80
gifted,adjective,B1,She dreamt she was a gifted musician.,126
northeastern,adjective,B1,We lived in a northeastern village for many years.,123
unnerving,adjective,C2,The silence in the house must be unnerving to him.,177
purposeful,adjective,B2,The new initiative has been launched with a purposeful strategy.,166
development,noun,B1,The project's development cost a lot of money.,116
reduce,verb,B1,It's good to reduce waste.,182
provincial,adjective,C2,She tried to escape her provincial upbringing.,168
misleading,adjective,B2,The advertisement must have been intentionally misleading to attract more customers.,177
announce,verb,B1,The company didn't announce the new product.,134
publicity,noun,B2,What kind of publicity has the new restaurant received?,163
thereafter,adverb,B2,"They had their roof replaced last week, and thereafter they felt much more secure.",181
harbor/harbour,noun,B1,The ships entered the safe harbour.,114
tactic,noun,C2,A clever tactic was employed by the team.,156
role,noun,A1,Many children have a role in the play.,30
arouse,verb,B2,His speech will likely arouse considerable debate among the attendees.,146
referent,adjective,B2,Where are the referent objects found?,159
jarring,adjective,C2,"The sudden, loud music was jarring.",155
threaten,verb,B2,The dark clouds threaten to unleash a storm.,152
aloud,adverb,B1,She didn't say the name aloud.,132
leadership,noun,B1,Did the team show good leadership in the match?,133
profess,verb,C1,Who was professing undying loyalty to the regime?,137
full,adjective,A1,These people are full.,30
upgrade,verb,B2,The software has been upgraded.,166
autumn,noun,A1,What have you got for autumn?,13
alcohol,noun,B1,He mentioned that he rarely drinks alcohol.,174
unemployment,noun,B1,She didn't expect the rise in unemployment.,132
accountant,noun,B1,She was an accountant before she retired.,123
film,verb,B1,We filmed the whole wedding ceremony yesterday.,124
formula,noun,B1,She didn't invent that successful marketing formula.,132
forty,number,A1,It isn't forty apples.,3
standstill,noun,B2,"The negotiations came to a standstill, forcing them to reconsider their plans to move forward.",168
pure,adjective,B1,She felt pure relief when the difficult exam was finally over.,126
ask,verb,A1,Who does the teacher ask?,63
degrade,verb,C1,How much of their reputation will this scandal degrade?,34
beloved,adjective,B1,My beloved grandmother often knitted warm sweaters.,116
margin,noun,B2,She has never really lived life on the margin.,161
vegetarian,noun,B1,"My sister, who is a vegetarian, enjoys trying new plant-based recipes.",175
beer,noun,A2,I won't drink beer tonight.,79
unreliable,adjective,B2,I wish my old car wasn't so unreliable.,179
statewide,adverb,B2,New policies were statewide implemented to address the growing concerns.,153
specialist,noun,B1,The doctor spoke to a specialist about my condition.,128
standard,adjective,B2,The report was written to a standard that everyone could understand.,154
sir,noun,A1,one sir - two sirs,24
biological,adjective,B2,The team's research will be further supported by new biological data.,146
agency,noun,A2,This new agency offers more support than the old one.,107
praise,verb,B2,The teacher often praised the students for their hard work on the project.,154
less,determiner,A2,Will there be less homework next week?,80
aircraft,noun,B2,Have you ever seen a commercial aircraft up close?,162
accomplish,verb,B1,She accomplished her goals last year.,130
gravitationally,adverb,C2,She has never gravitationally been pulled towards the idea of living in a city.,161
particularly,adverb,B1,I thought particularly hard about the problem yesterday.,118
off,adjective,A1,Who is it? - It's a light off.,9
demo,noun,C1,They finally brought the revised software demo to the client meeting.,118
climber,noun,B1,The experienced climber scaled the steep rock face yesterday.,114
mathematical,adjective,B2,The difficult puzzle presented a challenging mathematical conundrum.,153
infallible,adjective,C2,Is his judgment infallible?,158
imitate,verb,B1,He wasn't trying to imitate the famous singer.,134
just,adverb,A1,There were just thirty-two apples on the table.,26
shoplifting,noun,B2,Shoplifting will be prevented by new security measures.,146
undo,verb,B1,"You can't undo that mistake now, can you?",138
heating,noun,A2,The heating works well.,111
impolitely,adverb,B2,The manager will be spoken to impolitely by the customer if the issue isn't resolved quickly.,146
favorably/favourably,adverb,C1,This isn't a development that reflects favourably on the company.,6
manufacture,noun,B2,The sheer scale of their recent manufacture was impressive.,152
approximate,adjective,B2,We had an approximate cost for the renovation calculated by the builder.,181
sob,verb,B2,She must be heartbroken — I heard her sob uncontrollably last night.,177
hard-working,adjective,B1,She finished the project because she was a hard-working student.,129
kinetically,adverb,C2,I have never experienced a dancer move so kinetically.,161
rail,noun,B1,The train ran off the rail.,129
swivel,verb,C2,She continued swiveling her head around the room.,169
extension,noun,B2,She considers requesting an extension on the deadline.,169
remainder,noun,B1,I didn't eat the remainder of the cake.,132
daughter-in-law,noun,B2,Our daughter-in-law has grown into such a kind and capable person.,155
surface,noun,B1,"You cleaned the kitchen counter surface this morning, didn't you?",138
browse,verb,B2,You will be able to browse the online catalogue at your leisure.,146
human rights,noun,B2,The declaration affirmed universally recognized human rights.,143
sag,noun,B2,"You've noticed the little sag in the sofa cushion after all these years, haven't you?",165
float,noun,A2,This balloon isn't a float for the parade.,73
devotion,noun,B1,Her quiet devotion helped him through the difficult times.,115
subside,verb,B2,Some of the noise began to subside after the concert ended.,171
pervasiveness,noun,C2,The pervasiveness of the internet must have changed how people communicate.,177
specific,adjective,A2,I need to buy some specific books myself.,101
thread,noun,B2,He had a loose thread on his sweater mended.,181
regret,verb,A2,Can you regret not going to the party?,86
measure,verb,B1,They measured the room for the new carpet last week.,115
sheer,adjective,B1,That was the sheer joy that lit up her face when she saw the surprise.,175
advantageous,adjective,C1,Being able to speak multiple languages is often more advantageous in international business than knowing only one.,107
adverbial,adjective,B1,It's useful to know how to use an adverbial phrase.,182
principally,adverb,C1,The committee decided to focus principally on improving public transport infrastructure.,168
implement,verb,B2,We will have the new system implemented by the end of the quarter.,181
cone,noun,B2,We had the ice cream vendor add a cherry on top of the chocolate cone.,181
scrutinize/scrutinise,verb,C1,Investigators will scrutinize the evidence collected from the many crime scenes.,30
setting,noun,B1,Who was enjoying the beautiful seaside setting?,137
salvation,noun,C1,Searching for spiritual salvation.,69
holiday,noun,A1,Whose holiday is it?,21
refund,noun,B1,I threw the broken toy back and got a full refund.,130
plumbing,noun,C1,How many homes in the area have outdated plumbing?,56
permanence,noun,B2,The artwork's unexpected permanence was admired by the critics.,145
solitary,adjective,C2,The solitary wolf slept soundly through the storm.,150
calorie,noun,C1,That dessert can't have been low in calorie; the richness alone suggests otherwise.,177
resign,verb,B2,She had to resign after the scandal broke.,151
tautly,adverb,C1,They are tautly allowed to secure the perimeter.,142
trim,noun,B1,The hedges got a trim.,116
insensitively,adverb,C1,"He handled the delicate situation insensitively, which only made the aggrieved party feel more misunderstood.",175
suffuse,verb,C2,The warm sunlight suffused the room with a gentle glow.,149
survival,noun,B1,Their goal yesterday was the survival of the fittest.,125
notebook,noun,A1,Does she use a notebook for her drawings?,59
install/instal,verb,B1,We installed a new software program on my computer.,121
literal,adjective,B2,My suggestion wasn't taken literally.,157
scar,noun,B2,He still felt the old scar when it rained.,150
look,noun,A1,He has a nice look.,66
foolish,adjective,B1,What foolish mistake did she make last year?,135
wary,adjective,C1,Who in the future will be wary of this development?,82
anthropologically,adverb,C2,"Anthropologically speaking, this ancient burial site has provided significant insights into past human societies.",163
fossil,noun,C1,"The paleontologist carefully brushed away the dirt, revealing a perfectly preserved fossil that had lain undisturbed for millennia.",150
hygiene,noun,B2,Good hygiene practices are essential.,143
coaching,noun,B2,She considers continuing her coaching for another year.,169
tack,verb,B2,I haven't tacked on a new approach to this project yet.,161
patrol,noun,B1,The night patrol saw the strange car.,124
proudly,adverb,B2,The old fisherman proudly displayed his catch.,159
unenthusiastic,adjective,B2,His unenthusiastic response suggested he didn't really want to go.,148
dispensable,adjective,B2,I consider living without music quite dispensable.,169
eagerness,noun,B1,"You noticed her eagerness to learn, didn't you?",138
farm,noun,A1,Is this a big farm?,7
seed,noun,A2,This tiny seed is not as big as the one I saw yesterday.,110
swallow,verb,A2,The second bird tried to swallow the big worm.,113
password,noun,B1,She forgot her password last night.,119
divine,adjective,B1,It was divine to taste the freshly baked bread.,182
catastrophically,adverb,C2,"Unfortunately, the project failed catastrophically.",141
retrospective,adjective,C2,The festival's retrospective exhibition will be organized next year.,146
seal,noun,B2,Does this package have any visible seal of authenticity?,172
stable,adjective,B1,"The economy wasn't very stable last year, was it?",138
establishment,noun,B1,I didn't work for that establishment last month.,132
divide,noun,B1,My family faced a big divide after the argument.,136
magnetic,adjective,C1,The scientist found the new element's properties to be increasingly magnetic with each successive sample.,107
gallery,noun,A2,I am visiting the art gallery now.,75
pervasive,adjective,C2,This pervasive fear wasn't caused by anything specific.,157
depraved,adjective,C2,His depraved mind had already conceived a wicked plan.,152
salvage,verb,C1,There isn't a single piece of information we can salvage from that ruined hard drive.,37
admit,verb,A2,Can you admit you were wrong?,86
considering,conjunction,B2,"Considering the extensive damage, the repair costs were surprisingly low.",143
prominent,adjective,B1,I didn't have any prominent role in the meeting.,132
frog,noun,A1,It is a green frog.,66
effectively,adverb,B2,The team effectively planned and executed the project.,150
brouhaha,noun,C2,The entire brouhaha was caused by a misunderstanding.,145
liberate,verb,B1,He wasn't able to liberate himself from his old habits.,134
woodcarving,noun,B2,My grandfather's amazing woodcarving wasn't noticed by many people.,157
stick,noun,B2,We don't have to use a stick to defend ourselves.,140
prostrate,adjective,C2,"The dog was found prostrate on the floor, exhausted from its long walk.",144
browser,noun,B2,"Soon, users will be able to access all the new features through their preferred browser.",141
toward/towards,preposition,A2,I am walking towards the shop myself.,101
trace,noun,B1,He sang the song and I could barely hear a trace of his voice.,124
upward,adjective,B1,He drew an upward arrow.,126
empire,noun,B1,The Romans built a vast empire.,119
overboard,adverb,B2,"You've really gone overboard with the decorations this year, haven't you?",165
Mrs./Mrs,noun,A1,This is Mrs. Smith.,5
totemic,adjective,C2,She considered wearing the totemic headdress a great honor.,169
hedgehog,noun,C1,Let the little hedgehog cross the path safely.,47
uncomfortably,adverb,B2,The old chair had been sat on uncomfortably for years.,147
cage,noun,B1,"Yesterday, they put the bird in a small cage.",125
amaze,verb,B2,The sheer scale of the ancient ruins continues to amaze visitors.,159
wisdom,noun,A2,"Your wisdom will help us decide, won't it?",83
stultify,verb,C2,Have you ever felt that repetitive tasks stultify your creativity?,162
stonework,noun,B2,Have you ever admired the intricate stonework on old buildings?,162
farcical,adjective,C2,The entire situation of trying to find my keys in this messy room has become quite farcical.,160
outdoor,adjective,B1,I bought some new outdoor shoes for my hike.,118
information,noun,A1,What information is this?,22
tape,verb,B1,She taped the broken vase carefully.,115
payment,noun,B2,The payment has been successfully processed.,166
return,noun,A2,They won't ask for a return on their investment soon.,79
shabby,adjective,B2,She's never worn such shabby clothes before.,161
speed,verb,B1,The car sped down the highway.,116
encounter,verb,B2,We encountered unexpected delays.,143
fluctuate,verb,C2,The temperature in the desert can fluctuate wildly.,150
dutifully,adverb,C1,How many tasks did the interns dutifully complete before the deadline?,31
soap opera,noun,B1,My grandmother was a big fan of that old soap opera.,123
shop,verb,B1,We need to shop for groceries after work.,180
thrill,noun,B2,"I've just finished the roller coaster ride, and the thrill is still amazing!",160
hollow,adjective,B2,The politician's promises felt hollow and unconvincing.,167
reclaim,verb,B1,She managed to reclaim her lost bag last week.,119
high-tech/hi-tech,adjective,B2,We had our office rewired with the latest high-tech security systems.,181
order,verb,A2,What can we order for dinner?,87
size,noun,A1,These shoes are a good size.,27
chimney,noun,B2,The old house dreamt of a sweeping that would clear its dusty chimney.,153
improperly,adverb,B2,She felt she had behaved improperly during the meeting.,170
elation,noun,C2,We decided to share our elation with everyone.,168
unworldly,adjective,B2,Her unworldly advice was always appreciated by the villagers.,144
prise,verb,C2,They had to prise the old lid off the chest.,151
other,pronoun,A2,Who is helping today? - The other students.,76
but,preposition,B1,"Everyone ate their lunch, but me.",119
waistcoat,noun,B2,He had rung the bell and then put on his waistcoat.,152
reassurance,noun,C1,The team sought reassurance from their leader.,29
cogent,adjective,C2,His argument was considered cogent.,156
method,noun,A2,Will this new method help us finish the project?,80
suffice,verb,C1,My childhood diaries would suffice to show how deeply I felt about that period.,178
flap,verb,B2,The wings of the bird weren't allowed to flap freely.,157
classic,noun,B2,"Have you ever seen that movie, the one that's considered a real classic?",162
locomotive,noun,C2,"If the old locomotive were functional, we would ride it through the countryside, but it's broken, so we must take the bus instead.",139
huddle,noun,C2,The lost children formed a protective huddle.,155
punishment,noun,B1,The boy received a mild punishment for his mistake.,117
important,adjective,A1,This doesn't seem important.,58
washing-up,noun,A2,Who may do the washing-up?,100
unease,noun,B2,A growing unease was felt by the villagers as the storm approached.,156
fold,noun,B1,This is the paper airplane which I made with one single fold.,175
environmental,adjective,B1,What kind of damage did the storm cause to the local environmental conditions?,135
first,adverb,A1,Have you seen it first?,12
circle,noun,A1,"One circle, many circles.",30
act,noun,A2,He is doing a good act now.,71
leavening,noun,C2,the dough needed more leavening.,143
rotate,verb,C1,Is it possible for the Earth to rotate without moving around the sun?,4
set,noun,A2,"If I buy a new set of paints, I will paint a picture.",102
distraction,noun,B2,His phone ringing was a welcome distraction from the difficult task.,154
oral,noun,B1,She practiced her oral for the presentation last night.,119
abhorrent,adjective,C2,"If their actions were not so abhorrent, we might consider cooperating with them.",139
persecution,noun,C1,The ancient texts spoke of a time when widespread persecution had been brought about by religious intolerance.,149
packet,noun,B2,She managed to find a forgotten packet of biscuits in her bag.,167
ostensible,adjective,C2,Her ostensible reason for attending the party was to see her friends.,164
cynic,noun,C1,"His pronouncements on social progress were rarely as optimistic as one might expect from a reformer, but more the pronouncements of a seasoned cynic.",110
civil,adjective,B1,They behaved in a civil manner throughout the difficult negotiation.,119
ow,noun,B2,I have never heard of such an ow.,161
rumble,noun,C1,The distant rumble of thunder meant the storm was approaching.,126
application,noun,B1,I brought my job application yesterday.,118
hunger,noun,B1,We fought the hunger yesterday.,127
temperature,noun,A2,The temperature will be high tomorrow.,78
underneath,adverb,B2,She denied hiding the keys underneath the rug.,169
peel,noun,B2,I enjoy avoiding the sticky peel of oranges when preparing them.,169
voluntary,adjective,C1,Donating blood is a voluntary act.,69
runaway,noun,B1,The family was relieved when their runaway dog finally returned home.,180
supply,noun,B1,The food supply was very low when they went home.,122
dance,noun,A1,They are a good dance.,67
serve,verb,A2,"If the waiter doesn't serve us soon, I will ask for the manager.",102
packing,noun,B1,The noisy packing continued all afternoon.,131
statistics,noun,B2,The important statistics were presented clearly during the meeting.,156
authorize/authorise,verb,B2,I wish my manager would authorize the budget for the new project.,179
candidate,noun,B2,The promising candidate has meant well throughout the interview process.,153
request,verb,B1,She requested a day off.,129
garbage,noun,A1,Many garbage bins are full.,32
jazz,noun,B1,Did you listen to any jazz music last night?,133
secure,verb,C2,We will have to secure the building before dark.,140
garden,noun,A1,It's a nice garden.,2
puzzled,adjective,B2,"The detective looked at the clues, feeling quite puzzled.",148
cattle,noun,B1,The farmer will bring in the cattle at dusk.,180
stabilize/stabilise,verb,C2,Does anything help to stabilize the situation?,172
agonize,verb,C1,She agonized over the decision for weeks.,115
cupboard,noun,A2,You may not open the cupboard.,97
bath,noun,A1,They are in the bath.,67
bourbon,noun,B2,"The oak barrels had slowly seasoned, imparting a rich, woody flavor to the bourbon.",155
northeast,adjective,B1,The ship's captain dreamt of reaching the northeast coast.,126
unsurpassed,adjective,C2,Does this hotel offer any accommodations with unsurpassed views?,172
military,adjective,A2,The soldiers marched military.,111
joy,noun,A2,I must find joy in this.,90
eagle,noun,B2,The falconer will have to release the eagle soon.,140
living,adjective,A1,How many living things can you see?,56
bloom,noun,A2,This flower's bloom is more beautiful than that one's.,107
suggestion,noun,A1,He has got a good suggestion.,14
mentor,noun,B2,My teacher is my mentor.,164
consistent,adjective,B2,His explanation must be consistent with the evidence.,177
descend,verb,B2,Where can the hikers descend the mountain?,159
after,conjunction,B1,He felt better after he ate some soup.,121
scratch,verb,B2,I've decided to scratch that idea because it's too complicated.,167
blood,noun,A2,My blood won't boil if you are late again.,79
safety,noun,B1,Did you check the children's safety before leaving?,133
beagle,noun,B2,My neighbour's beagle has just chewed through my garden hose.,160
meaningless,adjective,C1,"After all the efforts prove **meaningless**, we will reconsider our entire strategy.",105
general,adjective,B1,He felt a general sense of unease.,120
salon,noun,B2,Her hair was beautifully styled at the new salon.,145
matter,noun,A1,He is a good matter.,66
nationwide,adjective,B2,The new regulations can be implemented nationwide by the end of the year.,147
tap,noun,A2,"If I need water, I will turn on the tap.",102
entertain,verb,B1,The clowns entertained the children at the party.,117
much,pronoun,A1,Let me help you much.,47
straightforward,adjective,B2,What kind of instructions did you receive? - They were surprisingly straightforward.,163
shelter,noun,B1,They found temporary shelter from the storm.,119
wizened,adjective,C1,Is that a wizened old face?,7
serious,adjective,B1,"Last night, the dog looked at me with a serious expression.",131
respiratory,adjective,B2,The effects of the new virus on the population's respiratory health are still being studied.,156
attribute,noun,B2,Is that particular attribute considered a key strength?,158
quietly,adverb,A2,"After the children finish playing, they will quietly go to sleep.",105
distinguish,verb,B1,I couldn't distinguish who had taken my book.,136
graduate,noun,B1,She was a proud graduate last year.,123
massacre,noun,B2,The historical accounts suggest the army was not allowed to commit such a massacre.,142
warranty,noun,B1,I felt reassured because the new phone came with a one-year warranty.,120
sight,noun,A1,He hasn't got sight.,15
minimize/minimise,verb,B1,Let's try to minimize our waste by recycling more.,180
practical,adjective,B1,He used to find that old tool very practical.,178
mug,noun,A2,Will you drink coffee from that mug?,80
happen,verb,A1,This isn't a black cat happen.,3
interrogative,adjective,C2,A question mark was added to the interrogative sentence.,166
irregular,adjective,B1,He used to have irregular attendance at his classes.,178
airline,noun,B1,"Last week, I booked a flight with a new airline.",125
resin,noun,C1,"The ancient tree sap, hardened into amber over millennia, was a valuable form of natural resin.",120
accessible,adjective,B1,The information on the website was accessible to everyone.,115
gulp,noun,B2,"You've swallowed that whole thing in one gulp, haven't you?",165
zebra,noun,B2,The zookeeper will have to feed the zebra its special diet.,140
found,verb,B2,I finally found my lost keys after having the entire house searched by a professional.,181
correspondence,noun,B2,Have you had much correspondence with your old university?,162
officer,noun,A1,How many officers are there?,56
early,adverb,A1,I wake up early.,45
inert,adjective,B2,The battery remained inert in the old toy.,159
corridor,noun,B2,The office supplies are usually stored in the far end of the corridor.,144
ironically,adverb,B2,"She had always sung beautifully, but ironically, it was a silent film that brought her the most fame.",152
exchange,noun,A2,Their friendly exchange was warmer than ours.,109
outline,verb,B1,She outlined her plan for the trip yesterday.,128
surge,noun,B2,A sudden surge of confidence made her try again.,150
choreographical,adjective,C2,The dancers' movements will be choreographicaly complex.,146
fabulously,adverb,C1,"Yesterday, my aunt fabulously decorated the entire hall for the party.",117
stare,verb,B1,I didn't stare at you during the meeting.,132
shirt,noun,A1,This is a blue shirt.,5
relief,noun,B2,"She agreed to help with the project, bringing great relief to the team.",168
deep,adverb,A2,"She can sing the low notes really deep, can't she?",89
protective,adjective,B1,She wore a protective coat when she ran outside.,124
beast,noun,B1,The hungry beast ate all the food.,117
aboard,adverb,B1,The passengers who were going aboard seemed very excited.,175
unofficial,adjective,B2,The results of the survey will be released as unofficial data next Monday.,146
donkey,noun,B2,The farmer regretted buying that stubborn donkey.,169
incredible,adjective,B1,The view from the top of the mountain was incredible.,137
accuse,verb,B1,He accused her of taking his keys.,121
present,noun,A1,We are the present.,67
miserable,adjective,B1,He felt miserable after the rainy holiday.,125
erect,adjective,B2,A very tall flagpole can be erect for the ceremony.,147
eastward,adverb,B2,The migrating birds flew eastward.,159
beside,preposition,A1,He hasn't got a chair beside the table.,15
drawing,noun,A2,He is looking at his drawing.,71
spatial,adjective,C2,The children can't have lost the map; they're always so good at spatial reasoning.,177
regard,noun,B2,The findings are held in high regard by the scientific community.,159
chancellor,noun,B2,"The new chancellor hasn't made any public statements yet, have they?",165
coincide,verb,B2,"Our vacation dates coincide with the annual summer festival, don't they?",165
projection,noun,B2,My forecast for next quarter's sales projection has just been finalized.,160
pop,noun,A1,I don't want another pop.,49
gate,noun,A2,You may not open the garden gate.,97
oval,adjective,B2,The potter shaped the clay into an oval bowl.,152
malady,noun,B2,The physician quickly diagnosed the strange malady that had been spreading through the village.,154
exception,noun,B2,"The rule about leaving early was followed by everyone, with no exception.",155
naturalness,noun,C1,What shade of green conveys the most naturalness for this particular plant?,22
luckily,adverb,A2,"Must you bring an umbrella? Luckily, it's not raining.",92
shed,verb,C1,The old snake shed its skin.,150
realize/realise,verb,A2,I may not realize the difficulty of this task.,96
leek,noun,B2,The soup was thickened with a leek.,145
clap,verb,B2,The children decided to clap enthusiastically for the performers.,167
plane,noun,A1,We go by plane.,52
mixing bowl,noun,B1,She dropped a ceramic mixing bowl.,117
confidence,noun,B1,She had a lot of confidence when she spoke.,123
launch,noun,C1,The successful launch of the new product was a significant achievement for the company.,66
cotton,noun,B1,Who was wearing cotton?,137
rug,noun,B2,"The old, forgotten rug had been broken into pieces by the enthusiastic puppy.",154
nurse,verb,B1,What did they do for the injured animals after the fire? They helped nurse them back to health.,135
result,verb,B1,The doctor explained that the new treatment would result in faster recovery.,174
hamper,verb,C2,Bad weather can hamper us to go on the trip.,167
dentist,noun,A2,I won't see the dentist next week.,79
length,noun,B1,The meeting lasted the entire length of the afternoon.,127
incisor,noun,C1,"What kind of bite do most people possess, one that predominantly uses their incisor?",53
golden,adjective,A2,Who may enjoy the golden sunshine?,100
ebb,verb,C2,I imagine the tide will ebb tomorrow.,170
sweet,noun,A2,You mustn't eat too much sweet.,91
all right,adverb,A1,"That isn't a dog, all right.",3
conduct,verb,B2,What kind of experiments have they conducted?,163
wit,noun,B2,She managed to recall her wit to answer the unexpected question.,168
exhibit,verb,B2,Is the painting exhibited at a local gallery?,158
mother,noun,A1,One mother has many children.,30
faint,adjective,B1,It's hard to see the faint stars in the city light.,182
domestic,adjective,B2,"The cat, which had been previously known for its wild nature, had finally been broken to domestic life.",154
pronounce,verb,A2,What will he pronounce in his speech tomorrow?,81
lamentation,noun,C2,The sound of lamentation was heard from the distant village.,145
quantify,verb,B2,The exact impact of the new policy has not yet been quantified.,166
dynamically,adverb,C1,The company's marketing strategy evolved dynamically to adapt to the rapidly changing consumer preferences.,125
evil,noun,B2,Have you ever encountered such pure evil?,162
surrealist,noun,C2,Was the bizarre painting by that famous surrealist?,158
treacherously,adverb,C2,Did anyone navigate the treacherously icy path successfully?,172
ferry,noun,B1,The car drove onto the ferry earlier.,117
relativity,noun,B2,The complexity of the situation can be understood through its relativity.,147
search,verb,B1,Where did you search for the lost keys last night?,135
talented,adjective,B1,The talented artist painted a beautiful landscape.,131
deficit,noun,B2,The company will be allowed to run at a deficit for another quarter.,142
vigorous,adjective,B2,"She has been doing some vigorous exercise recently, hasn't she?",165
violet,adjective,C1,one violet dress - two violet dresses,25
much,determiner,A1,Does he eat much fruit?,59
arm,verb,B1,She armed herself with a strong argument.,123
hand,verb,A2,You must hand me the book.,90
sage,noun,B2,The wise advice of the sage will be remembered for years.,146
tiptoe,verb,B2,The children had their parents tiptoe into their bedroom to check on them.,181
softly,adverb,A2,Who may speak softly?,100
outwardly,adverb,B2,My friend was outwardly calm during the difficult presentation.,164
tremor,noun,B2,"You felt that slight tremor earlier, didn't you?",165
folktale,noun,C1,This is a folktale. The folktale is ancient.,19
flee,verb,B2,The witnesses had their belongings meticulously searched before they were allowed to flee the country.,181
trick,noun,A2,I can do this trick myself.,101
maintain,verb,B1,She maintained her balance on the slippery path.,131
fantasy,noun,B1,Her vivid fantasy took flight.,117
transport,noun,B1,It's essential to arrange reliable transport for the event.,182
instantaneous,adjective,C2,The effect of the change was instantaneous.,155
exaggerate,noun,B2,My neighbor's tales of giant squirrels are clearly an exaggerate.,159
bottom,noun,A1,The bottom of the bag has fifty apples.,27
nondescript,adjective,C1,That building is rather nondescript.,19
verbal,adjective,B2,"She gave a verbal agreement, but it was never written down.",154
freezer,noun,B1,I threw the old ice cream into the freezer.,130
plan,verb,B1,We planned our holiday last weekend.,115
international,adjective,A2,"If we have international friends, we will have more interesting conversations.",102
he,pronoun,A1,He hasn't got a car.,11
direction,noun,A2,This new direction is more interesting than the last one.,107
input,noun,B2,Have you considered the user input for the new feature?,162
cottage,noun,B2,Do you have any idea where the nearest cottage is?,172
rolling,adjective,B1,The young boy was happy to see the rolling hills from the car window.,180
inheritance,noun,C1,She finally understood what her grandmother had thought about the circumstances surrounding the inheritance.,118
where,adverb,A1,I don't know where to go.,49
express,verb,B1,The artist expressed his feelings through his paintings.,129
rap,noun,A2,He is giving a rap performance.,71
cream,adjective,A2,Can you paint the wall a cream color?,86
quip,verb,C1,He would always quip about the old days when he was a renowned musician.,123
jury,noun,B2,"If the evidence was stronger, the jury would likely have reached a different verdict.",139
speculative,adjective,C1,"The historian spoke for hours, presenting a speculative theory about the ancient civilization's collapse.",128
gain,noun,B1,She felt a gain in her confidence after the presentation.,120
legend,noun,B2,"If he was telling the truth, his story would become a legend.",139
malice,noun,C2,The accusation of malice has been leveled against him.,166
cynicism,noun,C1,Did her pervasive cynicism stem from past disappointments?,133
compensate,verb,B2,We will compensate for the delay by offering a discount on your next purchase.,169
reorganize/reorganise,verb,B2,We haven't had to reorganize the office layout yet.,161
recording,noun,B1,The band finished their recording last week.,131
manual,noun,B2,What kind of training did you complete? - I had to read the entire technical manual.,163
service,verb,B1,The mechanic serviced the car yesterday.,129
calendar,noun,A2,"We will finish the project next month on the calendar, won't we?",83
secretly,adverb,B1,She admitted that she had secretly eaten the last cookie.,174
succulently,adverb,C1,What did the mangoes taste like in Thailand? They tasted    succulently sweet and juicy.,135
yield,verb,B2,The investigation has yielded some surprising results.,154
bankruptcy,noun,B2,Have you heard about his company's recent bankruptcy?,162
prediction,noun,A2,My prediction is not as accurate as yours.,110
you,pronoun,A1,You are a good student.,19
enjoyment,noun,B1,My childhood was full of simple enjoyment.,123
appliance,noun,C1,"The old refrigerator, a bulky appliance that had served them for decades, finally stopped cooling last night.",125
antivirus,noun,B2,The antivirus software needed a quick update.,148
chop,verb,B2,There will be no wood to chop for the fire.,173
grow,verb,A1,What colour do the plants grow?,22
recollect,verb,B2,"If I could clearly recollect his exact words, I would tell you precisely what he said.",139
fleet,noun,B2,The admiral brought his fleet through the stormy seas.,149
want,verb,A1,I want one apple.,25
thereby,adverb,C1,"Who crafts intricate narratives, thereby captivating readers with each turn of the page?",63
drive,verb,A2,Will you drive me to the station later?,80
applause,noun,B1,She didn't hear any applause after her performance.,132
face,noun,A1,Are there any faces in the picture?,41
quality,noun,A2,The chef prepared the dish with great quality.,111
blockbuster,noun,C1,They are the producers of that summer blockbuster.,67
sophomore,noun,B1,The sophomore decided to put off studying until the last minute.,180
paramount,adjective,C2,Protecting the environment is paramount.,69
soil,verb,B1,The constant rain will soil the garden that we just planted.,175
correctly,adverb,A2,You must answer the questions correctly.,94
familiarize/familiarise,verb,B2,We have no time to familiarize ourselves with the new software.,173
tanned,adjective,B2,My skin is nicely tanned after our holiday.,164
discovery,noun,B1,Did they make an important discovery in the lab?,133
salve,noun,C1,Who is it? That's a salve.,9
constitute,verb,B1,What kind of activities did the volunteers constitute at the local park?,135
cruise,noun,A2,What will they do next year? They will go on a big cruise.,81
strange,adjective,A1,Thirty-one apples look strange next to thirty-two oranges.,26
super,adjective,A1,one super car - two super cars,25
stem,verb,B1,The river stemmed from the melting snow in the mountains.,130
glitzy,adjective,C2,They don't have to go to the glitzy party.,140
concern,verb,B2,The delay in the project was concerning for the entire team.,145
brightly,adverb,B1,The small lamp shone brightly in the corner.,116
reverberation,noun,C2,I have just experienced the deep reverberation of the gong.,160
cost,verb,A2,This ticket may cost a lot of money.,96
ally,noun,B2,She always considered him a trusted ally.,169
preference,noun,B1,My preference is to put away the books after reading them.,180
routine,noun,B1,He followed his morning routine carefully.,121
one,number,A1,What color is that one?,23
rotten,adjective,B1,"Yesterday, the apple on the table looked rotten.",131
tense,noun,B1,It's not pleasant to feel so much tense.,182
nearly,adverb,A2,This book is nearly as interesting as the last one.,107
scramble,noun,C1,What is it? It's a mad scramble for the last train.,8
steak,noun,A2,"This steak is good, but the one we had last week was better.",108
unsustainable,adjective,C1,"The council **drew** up plans for a housing development that, in hindsight, proved to be an unsustainable burden on local infrastructure.",124
TV,noun,A1,Is it a TV?,4
normally,adverb,B1,"Normally, I thought about what to cook for dinner the night before.",118
clothes,noun,A1,What has she got for clothes?,18
lid,noun,B2,I'm getting the pot's lid replaced because it's cracked.,181
literally,adverb,B2,I have literally just finished reading that book.,160
attuned,adjective,C2,The singer had been attuned to the audience's energy.,151
bookshelf,noun,A2,Is he putting that book on the bookshelf?,74
requirement,noun,B1,The main requirement was that he had to move to a new city.,122
foolishly,adverb,B2,She foolishly continued spending all her money.,170
advertise,verb,B1,She explained that they wanted to advertise their new shop.,174
is,be-verb,A1,It is a small cat.,2
considering,preposition,B2,"This proposal is being reviewed, considering its potential impact.",144
mine,noun,B2,Some of this delicious cake is mine.,171
consign,verb,C2,I am not allowed to consign this old furniture to the charity shop.,142
battered,adjective,C1,Let's get that battered old sofa reupholstered.,47
inspector,noun,B2,The building inspector had been checking the safety regulations for hours.,151
fiddly,adjective,C1,One tiny screw proved too fiddly for the aged mechanic.,28
friendship,noun,A2,What kind of relationship can we build? A lasting friendship.,87
untrimmed,adjective,B2,"The hedges have finally been trimmed, but one section remains untrimmed.",166
mournful,adjective,B2,The lonely wolf let out a mournful howl that echoed through the silent woods.,149
provocative,adjective,C1,There isn't a provocative statement in his entire speech.,37
forehead,noun,B1,I didn't touch your forehead then.,132
dirt,noun,B1,The children were covered in dirt.,137
right,noun,A2,The smallest child had the right to choose the last toy.,109
conceit,noun,B2,"Her exaggerated sense of self-importance, often bordering on conceit, was widely known.",157
southwest,noun,B1,We slept in a small cabin in the southwest.,120
strangle,verb,B2,The thick fog seemed to strangle the sunlight.,148
pedal,noun,B2,My old bicycle's rusty pedal had meant to be replaced for ages.,153
Thursday,noun,A1,"You go to the library on Thursday, don't you?",65
diarrhea/diarrhoea,noun,B2,He is not allowed to eat any more spicy food because he often gets diarrhea.,142
advantage,noun,A2,He won't see any advantage in that.,79
culture,noun,A1,It's a rich culture.,2
harass,verb,C1,Is the company still allowing its employees to harass their colleagues?,74
edition,noun,B1,This was the first edition of the book I read.,123
organizer/organiser,noun,B2,She intends to be a good organizer for the upcoming conference.,168
stoicism,noun,C2,His apparent stoicism was seen by many as bravery.,145
first floor,noun,B1,She lived on the first floor for many years.,125
unite,verb,B1,"The community members united to clean the park last Saturday, didn't they?",138
bother,noun,B1,She said that the constant noise was a real bother.,174
pleasurable,adjective,C1,Has she got any pleasurable hobbies to share?,17
reef,noun,B1,That wasn't a dangerous reef we swam over.,134
significance,noun,B1,The victory had great significance for the team's future.,125
culturally,adverb,B2,This festival is culturally significant.,159
engaged,adjective,B1,She looked very engaged when she listened to the lecture.,114
tenaciously,adverb,C2,She had to hold on tenaciously to the rope.,140
dancer,noun,A2,The young dancer must practice every day.,94
barber,noun,A2,My brother can cut my hair; he is a barber.,84
unfit,adjective,B1,What kind of equipment did they use for the expedition? - It was old and unfit for the conditions.,135
speculation,noun,C1,Don't engage in idle speculation about sensitive matters.,44
worldly,adjective,B2,"Having traveled extensively, she was considered quite worldly.",151
part-time,adjective,B1,It's convenient to work part-time from home.,182
appall/appal,verb,C1,"The sheer disregard for basic human rights displayed in the report is appalling, isn't it?",77
permission,noun,A2,Do I need permission to use your phone?,99
own,pronoun,A2,I will build my own house next year.,78
impossible,adjective,A2,It may be impossible to finish this today.,96
third,adjective,A2,This is the third coldest winter I have experienced.,109
waste,verb,B1,I wasted my time looking for it.,117
survivor,noun,B1,She was a survivor of the big storm.,123
oven,noun,A2,"You can put the pizza in the oven, can't you?",89
bakery,noun,B1,We bought some fresh bread at the bakery yesterday.,115
ignominiously,adverb,C2,"The champion, having been unexpectedly defeated, left the stadium ignominiously.",155
oppression,noun,B1,Who was tired of the constant oppression?,137
lowland,noun,B2,I wish my family had inherited some of the lowland property.,179
test,noun,A1,What does the student do? - He takes a test.,60
opaque,adjective,C2,The dark glass felt opaque to the touch.,148
adjust,verb,A2,You must adjust the volume.,93
well-dressed,adjective,B1,He thought the woman was very well-dressed at the party.,118
marriage,noun,B1,Who was ready for marriage?,137
ceaselessly,adverb,C1,What can the ocean do ceaselessly? The ocean can roar ceaselessly against the shore.,87
theft,noun,B1,I didn't commit the theft.,132
file,noun,A1,Where does he put the file?,61
nothing,pronoun,A1,What has she got? She's got nothing.,18
my,determiner,A1,I've got my book.,14
street,noun,A1,I don't walk on this street.,49
readable,adjective,C1,This manuscript isn't particularly readable.,157
times,preposition,B2,She enjoys listening to music times in a while.,170
post,verb,A2,"You must post the letter, mustn't you?",95
drugstore,noun,A2,He walked slowly to the drugstore.,111
cultivate,verb,B1,She cultivated a love for reading from a young age.,126
moreover,adverb,B1,"He wasn't the manager before, and moreover, he didn't even work here.",134
pet,noun,A1,There is a pet in the house.,36
immense,adjective,C1,"What is it? - It's an immense, ancient oak tree.",8
cool,adjective,A1,What has she got? She's got a cool phone.,18
air conditioning,noun,B1,The hotel I stayed at last week had excellent air conditioning.,123
stylistically,adverb,C1,"This novel is stylistically more adventurous than the author's previous work, and by far the most stylistically daring of his career.",107
poster,noun,A1,Where is the poster?,20
grade,noun,A1,She gave me a good grade.,46
analysis,noun,B1,She brought her detailed analysis to the meeting.,118
transient,adjective,B2,Are there any transient artists exhibiting their work nearby?,172
jump,noun,B2,A sudden jump in the music made everyone startled.,156
centimeter/centimetre,noun,A2,What will the new ruler measure in centimeter?,81
alarm,noun,A2,What will happen if the alarm sounds?,81
transfer,noun,B2,Some transfer of data will occur overnight.,171
excitement,noun,B1,The old friends dreamt of the excitement of their reunion.,126
blessing,noun,B1,She felt it was a blessing that the heavy rain finally stopped.,130
dependable,adjective,B2,Our new assistant will be a very dependable addition to the team.,146
quick,adjective,A2,I am making a quick snack.,75
echolocation,noun,C2,The bat's echolocation provided a detailed map of its surroundings.,143
peak,noun,B2,This season's sales figures are expected to reach their peak next month.,144
daunt,verb,C1,"After completing the marathon, the sheer thought of the recovery period did not daunt her in the slightest.",105
status,noun,B1,His new job changed his social status.,129
psyche,noun,C1,What is it that influences our deepest desires and fears? It's the human psyche.,8
jail/gaol,noun,B1,He went to jail last year.,124
stink,verb,B2,Your attitude will start to stink if you keep complaining like that.,146
fluently,adverb,B1,The student who speaks English fluently found a great job.,175
resilience,noun,C1,"Having weathered numerous setbacks, the community's resilience had clearly grown.",155
export,noun,B2,The government reported a significant increase in their annual export.,143
river,noun,A1,What have you got near the river?,13
honest,adjective,B1,The politician who promised to be honest has kept his word.,175
hockey,noun,A2,Must they play hockey in the rain?,92
listener,noun,B2,Is that advice followed by the listener?,158
pursuit,noun,B2,"The officer can't have given up the pursuit, he's still driving very fast.",177
impact,noun,A2,We must consider the impact of our actions.,90
meeting,noun,A1,Do you have a meeting today?,50
tribe,noun,B2,The stories of the ancient tribe were passed down through generations.,159
pink,noun,A2,Is that shade of pink your favourite colour?,74
angsty,adjective,C2,Is that angsty novel finished?,158
distressing,adjective,B2,The news about the ongoing environmental damage was incredibly distressing.,155
gaze,noun,B2,Her steady gaze was spoken of by many as being incredibly persuasive.,154
collection,noun,A1,Whose stamp collection is this?,62
mumble,verb,B2,She will have to mumble her excuses if she wants to avoid detention.,140
badminton,noun,A2,"When we play badminton, we have fun.",103
fashionable,adjective,B1,She said that her new coat was very fashionable.,174
heighten,verb,C1,"The tension in the room seemed to heighten, intensifying everyone's awareness of the unspoken issues.",170
worship,noun,B2,There was no public worship held in the town square that day.,173
adhere,verb,C2,We must adhere to the agreed-upon rules.,149
vestigial,adjective,C2,That vestigial organ will be removed during surgery.,146
stranger,noun,A2,I wouldn't talk to a stranger myself.,101
cascade,noun,B2,A beautiful cascade of flowers has been arranged.,166
guide,noun,B1,Did you follow the tour guide's instructions?,133
back,adverb,A1,Is there a phone back there?,38
mystery,noun,A2,This is the biggest mystery of all.,106
superlative,noun,A2,The winner received the superlative of the competition.,113
lyrics,noun,B2,The singer's voice *rang* out with the heartfelt lyrics.,152
telescopically,adverb,C2,The images were telescopically focused on the distant planet.,156
Olympic,adjective,A2,You mustn't touch the Olympic medals.,91
syndrome,noun,B1,The doctor diagnosed a rare syndrome last week.,119
bronze,noun,B1,She wore a bronze medal.,124
bribe,verb,C1,Do you often bribe your dog with treats to get him to behave?,50
fair,noun,B1,This year's fair was a great success.,123
promenade,noun,C2,I wish I could walk along that beautiful promenade more often.,179
drum,noun,A1,The boy doesn't play the drum.,58
intent,adjective,B2,"The message, though seemingly harmless, was intent to deceive its readers.",151
belief,noun,B1,It's hard to change someone's strong belief.,182
management,noun,B1,The new management implemented better strategies last year.,119
conciliatory,adjective,C2,He will be able to offer a conciliatory solution soon.,141
fool,noun,A2,Will that be a fool's errand?,80
data,noun,B2,The collected data must be incomplete; several key figures are missing.,177
boot,noun,B1,She thought her old boot was lost forever.,118
clearness,noun,B2,The clearness of the water was appreciated during the dive.,159
recession,noun,B2,Some experts predict a mild recession next year.,171
forever,adverb,A2,I will love you forever.,112
auxiliary,adjective,B1,Did the auxiliary verb help you understand the sentence?,133
numerical,adjective,B2,They will be allowed to enter the numerical data after the system update.,142
red,adjective,A1,What has he got? He's got a red ball.,18
intensive,adjective,B1,He spoke about his intensive training.,128
ravage,noun,B2,The village was a ravaged landscape after the storm.,143
shrug,verb,B2,She decided to shrug off the criticism.,167
oneself,pronoun,B1,The artist grew to understand oneself through painting.,130
antithesis,noun,C2,"He is permitted to be the antithesis of his brother, and you are permitted to be the antithesis of your sister.",142
transistor,noun,B2,The engineer will have to replace the faulty transistor.,140
loudspeaker,noun,B1,"The teacher's voice, amplified by the loudspeaker, meant everyone in the hall could hear the important announcement.",126
steady,adjective,B1,She had a steady job before she went travelling.,122
saving/savings,noun,B2,My recent savings have been very little.,148
internal,adjective,B1,He had a big internal struggle about his decision.,123
sauna,noun,C1,We enjoyed the steam in the sauna yesterday.,127
control,verb,B1,This is the software which helps me to control my smart home devices.,175
trade,verb,B2,Our old phones will be traded for new ones.,146
contractual,adjective,C2,Have you seen the contractual agreement?,162
less,adverb,A2,"When you work less, you feel happier.",103
indebted,adjective,B2,The community felt deeply indebted to the volunteers for their tireless efforts.,156
prolong,verb,C2,We are able to prolong the discussion if needed.,141
disappointing,adjective,A2,This weather is disappointing right now.,75
steam,noun,B1,The kettle let out a lot of steam.,127
agriculture,noun,B1,The village focused on modern agriculture last year.,114
colloquium,noun,C2,The speaker must have been preparing for the colloquium all week.,177
electronics,noun,B2,The demand for advanced electronics has grown significantly in recent years.,155
chill,noun,C1,What does he do for relaxation? - He enjoys a good chill by the fireplace.,60
intrusion,noun,B2,We will have to deal with this privacy intrusion.,140
revolutionary,adjective,B2,Did the team develop any revolutionary new ideas for the project?,172
prolific,adjective,C1,"That prolific author published three novels this year, didn't she?",138
acutely,adverb,C1,They will acutely feel the consequences of their inaction in the coming months.,78
sheaf,noun,C2,Did anyone bring a sheaf of papers to the meeting?,172
hypocrite,noun,C1,"He strikes me as a bit of a hypocrite, constantly preaching about honesty while often bending the truth.",57
communication,noun,A2,Good communication is as important as good teamwork.,110
aim,verb,B2,The company aims for no losses this quarter.,173
after,adverb,A2,You may leave after the meeting.,96
round,adjective,B1,We used to play a funny round game in the garden.,178
surfing,noun,A2,You may try surfing if you like.,96
severely,adverb,B1,The tree grew severely during the summer.,130
devastating,adjective,B1,She explained that the news of the accident was devastating.,174
windscreen,noun,B1,"You didn't wash the car's windscreen this morning, did you?",138
kneel,verb,B2,We are allowed to kneel down for a moment during the long hike.,142
merchandise,noun,B2,The shop will be able to sell more merchandise once renovations are complete.,141
preach,verb,C1,What does the charismatic leader do? He often preaches about environmental responsibility.,60
purchase,verb,B2,The new laptop was purchased by my brother last week.,145
social networking,noun,B1,She felt tired after hours of social networking.,120
vain,adjective,B1,He made a vain attempt to fix the broken vase.,119
recognizably/recognisably,adverb,C1,There is a style in his art that is recognizably his own.,36
dry,verb,A2,Who will dry your clothes?,82
spray,noun,B2,A fine spray settled on the leaves after the rain.,154
stagger,noun,B2,Was the audience a stagger at the unusual performance?,158
net,noun,B1,They caught many fish in the net.,121
economist,noun,B2,Have you spoken to an economist about the financial forecast?,162
light,noun,A1,Whose lamp gives the best light?,62
income,noun,B1,My father earned a good income last year.,115
height,noun,B1,It's amazing to see the height of the mountains.,182
may,modal auxiliary,A1,Does he may be tired?,59
unjustly,adverb,B2,He felt he was unjustly blamed for the incident.,144
whenever,conjunction,B1,I used to listen to music whenever I walked to school.,121
magnify,verb,B2,We had magnified the details of the old map to better understand the terrain.,151
ease,noun,B2,The tension was broken with surprising ease.,154
handicap,noun,B2,The lack of accessible ramps will be a significant handicap for wheelchair users.,146
gay,adjective,B1,She thought the parade was really gay and colourful.,118
vote,noun,A1,What does the student give? - He gives one vote.,60
youth,noun,A2,What must we remember about our youth?,93
will,noun,B2,His final will was that his ashes be scattered at sea.,154
pound,noun,B1,She brought me a pound of apples.,118
resume,verb,B2,The meeting will resume at 3 PM.,148
pan,noun,A2,The pan is the first one on the shelf.,113
worsen,verb,B2,"The pollution must have worsened the air quality, as everyone is coughing more today.",177
cafe/café,noun,A1,Let's go to the cafe.,47
frost,verb,C1,It isn't the delicate pattern that frost etches onto the windowpane.,3
indulgent,adjective,B2,"Her parents were incredibly indulgent, always buying her whatever she asked for.",144
great,adjective,A1,There isn't a great book here.,37
thank,verb,A1,I thank you.,46
racket,noun,A2,Where can I find my tennis racket?,99
boring,adjective,A1,One story is boring.,29
war,noun,A1,Is there a war in the country?,38
cell,noun,B1,He used to keep his pet hamster in a small cell.,178
plug,noun,B1,Sarah took out the plug.,136
gale,noun,C2,A strong gale blew the leaves around.,154
minimum,adjective,B1,We should aim for a minimum of ten minutes of exercise each day.,180
scenery,noun,A2,We are enjoying the beautiful scenery.,72
bear,noun,A1,Let's not see the bear.,48
attractive,adjective,A2,She is wearing an attractive new coat today.,75
jumper,noun,B1,This is the jumper that I bought yesterday.,175
towel,noun,A1,How much time do you need for the towel?,34
unison,noun,C1,Let's not agree on that point in unison until we have all the facts.,48
assert,verb,B2,His point of view is frequently asserted in meetings.,156
bridge,noun,A1,Let's cross the bridge.,47
institute,verb,C1,Are there any new procedures being instituted by the committee this quarter?,41
uncover,verb,B1,The detective uncovered the truth behind the mystery.,128
healing,adjective,B1,The warm sunshine was a healing balm for his tired muscles.,180
scold,verb,B1,"My mother, who is usually very kind, had to scold me for being late.",175
gravestone,noun,B2,The groundskeeper had the old gravestone cleaned and repaired.,181
complain,verb,A2,She can't complain about her new job.,84
zoo,noun,A1,Whose animals does the zoo have?,62
medium,adjective,B1,"You chose the medium size shirt for him, didn't you?",138
greatly,adverb,A2,"This success will greatly help your career, won't it?",89
drink,verb,A1,Where does he drink water?,61
coarse,adjective,B2,The rough fabric felt coarse against my skin.,153
organic,adjective,B1,She ate an organic apple yesterday.,115
producer,noun,B1,He used to be a film producer for many years.,178
a,determiner,A1,I have a book.,24
somber/sombre,adjective,C1,Was the atmosphere in the funeral hall always this somber?,158
enduring,adjective,B2,"That film must have an enduring appeal, considering it's still popular after all these years.",177
tool,noun,A1,This is a good tool.,52
concern,noun,A2,We must address this concern immediately.,90
weekday,noun,A2,She is working on a difficult project this weekday.,71
uncertainty,noun,B1,Who caused this uncertainty?,136
cavity,noun,C1,The dentist confirmed he doesn't have a cavity.,58
priest,noun,B1,"The priest blessed the wedding ceremony, didn't he?",138
up,preposition,A1,How many apples are up in the tree?,56
gear,noun,B2,We felt the difference in the car's gear when we drove uphill.,150
customs,noun,B1,The tourists respected the local customs.,136
hole,noun,A1,This is a sock. The sock has a hole.,19
complement,noun,B1,His skills were a perfect complement to hers.,129
commerce,noun,B2,There is some evidence of increased international commerce.,171
supple,adjective,C1,We are currently stretching our supple muscles after the long hike.,72
quiet,adjective,A1,a quiet room of students,42
ache,noun,B1,I've had a headache ache all day.,180
vortex,noun,C2,"The spinning water formed a dangerous vortex, and he was sucked into it.",151
revulsion,noun,C2,The sight of the spoiled food filled me with revulsion.,155
more,determiner,A1,I have one apple and more apples.,25
panorama,noun,C1,"From the mountaintop, they felt a profound sense of awe at the breathtaking panorama that stretched before them.",120
intend,verb,B1,I intend to clean out the garage this weekend.,180
extinction,noun,B1,It is sad to think about the extinction of many animals.,182
hard drive,noun,B2,He's allowed to access the shared hard drive for project files.,142
potent,adjective,B2,She decided to use the potent herb for her remedy.,167
pleasantly,adverb,B1,The warm sun shone pleasantly on my face.,115
daunting,adjective,C1,The prospect of learning a new language from scratch can be quite daunting for some.,144
party,noun,A1,What colour cake do you want for the party?,54
circuitry,noun,B2,The technician has repaired the faulty circuitry.,164
pardon,verb,B1,I truly pardon my mistakes from yesterday.,128
jog,noun,B2,"After a brisk jog, she felt much more awake.",152
cleanly,adverb,C1,"The robot will assemble the parts cleanly, won't it?",83
gushing,adjective,C1,What kind of praise can the critic offer? Gushing praise.,87
prestigious,adjective,B2,Some students aim for admission to that prestigious university.,171
cull,verb,C2,Unwanted plants will be culled from the garden.,147
subplot,noun,B2,The author brought in a new subplot about the protagonist's childhood to add depth to the main story.,149
wave,verb,B1,She waved goodbye yesterday.,119
drunk,adjective,B1,He looked drunk after he drank too much wine.,180
passive,adjective,B1,"The child was passive during the story, he barely moved.",124
minute,noun,A1,This is a minute detail.,66
insensitive,adjective,C1,"Her insensitive remark, though unintentional, rang through the quiet room.",124
tram,noun,A2,"In case the tram is late, we will walk.",104
cleaner,noun,A2,The cleaner must finish before the guests arrive.,90
acute,adjective,B2,Some concern was expressed about the acute shortage of medical supplies.,171
commission,noun,B2,The artist received no commission for the unfinished sculpture.,173
sadness,noun,B1,He explained that his sadness was caused by the bad news.,174
outdistance,verb,B2,What have you achieved in your training? - He's managed to outdistance all his competitors.,163
eyelash,noun,B2,She blew a stray eyelash from her cheek and made a wish.,155
goddess,noun,B1,"She looked like a goddess in that dress, didn't she?",138
exact,verb,C2,Some people exact a high price for their services.,171
questionnaire,noun,B1,He completed the questionnaire last night.,129
camping,noun,A2,Camping is more fun than staying at home.,107
deforestation,noun,B2,I have never witnessed the devastating effects of widespread deforestation firsthand.,161
modification,noun,B2,We will be allowed to proceed with the modification once the permit is approved.,142
half-price,adjective,A2,What amazing half-price tickets you found!,75
chaotic,adjective,B2,The market had been a chaotic mess after the sudden storm.,151
privacy,noun,B1,She valued her privacy when she worked from home.,119
trip,verb,B2,I had my bag tripped by a stranger in the crowded market.,181
make-up,noun,A2,I must put on my make-up.,90
incongruous,adjective,C2,"A bright pink hat was worn by the serious businessman, which looked quite incongruous.",156
delay,verb,B1,The bus wasn't able to delay its arrival due to the bad weather.,134
guarantee,noun,B1,My previous experience was a guarantee of future success.,122
strawberry,noun,B1,That wasn't my favorite flavor of ice cream; I prefer strawberry.,134
protrusion,noun,C2,"If there wasn't a sharp protrusion on the rock, I would be able to climb it easily.",139
resuscitate,verb,C2,I wish I had known how to resuscitate the drowning cat.,179
mundanity,noun,C2,She tried to avoid the sheer mundanity of her daily routine by planning a surprise trip.,169
qualitative,adjective,C2,The group sung a qualitative song.,152
participle,noun,B1,"Yesterday, the participle appeared in the sentence.",131
Tuesday,noun,A1,Do you work on Tuesday?,50
building,noun,A1,Have you got a big building?,12
chemical,noun,B1,She accidentally touched a dangerous chemical.,119
washtub,noun,C1,Who in the future will be brave enough to brave the chilly water of that old washtub?,82
arch,noun,B2,She enjoys walking through the old stone arch.,169
rebound,verb,C2,The ball rebounded off the wall.,152
rider,noun,B2,The horse's previous **rider** had evidently **thrown** it before.,155
cinematographer,noun,C2,The cinematographer's work is a celebrated one.,143
clerical,adjective,B2,The team has *grown* accustomed to the new *clerical* procedures.,155
maintenance,noun,B1,The car required regular maintenance.,131
regularly,adverb,A2,"After I finish this course, I will practice English regularly.",105
itch,verb,B2,I keep itching to travel somewhere new.,170
restrict,verb,B1,The new rules restricted our freedom.,129
splatter,noun,B2,He felt a small splatter of rain on his cheek.,150
spare,adjective,B2,"He thought he had brought enough paint, but then he realised he didn't have any spare.",149
insurance,noun,B1,I need to look into getting car insurance.,180
robustly,adverb,C1,Are there any studies that robustly support this particular hypothesis?,41
thirst,verb,B1,Did the desert plants thirst for rain?,133
thirdly,adverb,B2,"Thirdly, they intend to launch the new product next month.",168
hoist,verb,C2,I wish they hadn't had to hoist such a heavy load.,179
fancy,noun,B1,He never had a fancy for expensive cars.,121
participate,verb,B1,The teacher explained that all students had to participate in the group activity.,174
angrily,adverb,A2,"It's a very small dog, and it barked angrily.",2
unfair,adjective,A2,We are finding this situation very unfair.,72
anticancer,noun,B2,"The new compound, once successfully developed, might become a potent anticancer.",155
penalize/penalise,verb,B2,The referee will penalize no player for that minor infraction.,173
immortalize,verb,C1,Does the artist's latest masterpiece aim to immortalize the spirit of the city?,59
ancestor,noun,A2,"We must respect our ancestor, mustn't we?",95
elemental,adjective,B2,The basic needs of the refugees weren't being met; they were still struggling with elemental survival.,157
innuendo,noun,C2,Did you hear any innuendo in his comment?,172
citizenship,noun,B1,They applied for their new citizenship last year.,121
desperate,adjective,B1,"He was desperate for a change in his life, so he used to plan big adventures.",178
crumble,verb,C1,The old plaster cannot help but crumble after so many years.,85
nurse,noun,A1,The nurse is in the hospital.,35
fully,adverb,A2,This machine doesn't work as fully as the new one.,110
proceed,verb,B1,"Yesterday, the team decided to proceed with the new plan.",131
promotable,adjective,C2,I wish my current position was more promotable.,179
adjoin,verb,C1,"If the hotel rooms didn't adjoin, we would have more privacy.",139
select,adjective,B1,They chose the select few students for the advanced class.,121
untreated,adjective,B2,They will be allowed to start their untreated project next week.,142
compliment,noun,B1,She thought his compliment was very kind.,118
repute,noun,C2,Is that company known for its good repute?,158
indirect,adjective,B1,She was an indirect influence on his decision to move.,122
sickness,noun,B1,"Yesterday, the sickness spread quickly.",131
milk,noun,A1,What have you got? - I've got milk.,13
melon,noun,A2,You must buy a sweet melon.,93
test,verb,B2,The patient has now been tested for the virus.,166
bulb,noun,A2,"The lamp needs a new bulb, doesn't it?",95
inner,adjective,A2,She can use her inner strength to finish the race.,84
bracelet,noun,B1,It was lovely to receive the silver bracelet.,182
missile,noun,B2,The recovered debris indicated that a stray missile had been fired accidentally.,151
ago,adverb,A1,Where was he a minute ago?,20
homeless,adjective,B1,"Yesterday, the community spoke about helping the homeless.",128
sunglasses,noun,A2,I am wearing my new sunglasses today.,70
steering wheel,noun,B2,Some part of the steering wheel felt loose.,171
invoice,noun,C1,There are no outstanding invoices in the system.,40
entertaining,adjective,B2,I haven't found a truly entertaining movie recently.,161
dissension,noun,C2,The committee has decided to avoid further dissension by postponing the vote.,167
cereal,noun,A2,I'm not eating cereal now.,73
or,conjunction,A1,There are apples or bananas in the kitchen.,39
reggae,noun,B2,"You've listened to a lot of reggae music before, haven't you?",165
lapse,noun,C1,How many times has there been a lapse in your concentration during the exam?,56
transition,noun,B2,Does this new job involve any significant transition for you?,172
little,adverb,A1,This is my friend. He is little tired.,16
scholasticism,noun,B2,The lecture focused on how medieval universities were deeply influenced by scholasticism.,145
lifeless,adjective,B2,The old abandoned house looked completely lifeless after the owners had moved out.,149
additional,adjective,A2,"This cake is good, but the additional frosting makes it even better.",108
when,conjunction,A1,What do you eat when you are hungry?,51
lawsuit,noun,B2,He was granted permission to proceed with the lawsuit.,142
blame,noun,B1,"The blame was yours, not mine.",123
deep,adjective,B2,Her voice held a deep resonance that calmed everyone in the room.,164
sleep,noun,B1,I always get good sleep after a long day.,120
portray,verb,C1,We've got a new actor who can portray any character convincingly.,10
ideally,adverb,B2,The report was ideally presented by the new intern.,145
bring,verb,A1,He doesn't bring a bag.,15
excess,noun,B1,My doctor warned me about the excess sugar in my diet.,136
aquarium,noun,C1,The entire marine exhibit at the aquarium will be renovated over the summer.,146
baroque,adjective,C2,"The intricate, baroque carvings on the old furniture were not damaged.",157
tranquility,noun,C1,I have never experienced such profound tranquility as during that silent retreat.,161
part,verb,B2,The team participated in the charity run to raise money for a good cause.,149
eco,noun,B1,Let's try to make a little more eco around the house.,180
tuition,noun,B2,Many students worry about affording university tuition.,169
artistic,adjective,B1,She was an artistic child.,123
bona fide,adjective,C2,"If she were a bona fide expert, she would offer more insightful suggestions.",139
undressed,adjective,B2,They were allowed to leave the changing room even though they were still undressed.,142
thoughtless,adjective,B2,"My request was not considered, which was a thoughtless oversight.",157
agonize/agonise,verb,B2,What did you have to agonize over for so long?,163
music,noun,A1,Do you listen to music in the morning?,50
antonym,noun,B1,"Please look up the antonym for ""brave"" for me.",180
stylistic,adjective,C1,The author's decision to use unusual punctuation was a deliberate stylistic choice.,164
shell,verb,B2,The crab must have finished **shelling** its old armour; it's completely gone.,177
target,noun,A2,May I have this as my target for the game?,98
outgrow,verb,B2,Children often outgrow their old clothes very quickly.,148
where,conjunction,A1,Does he go where his friends are?,59
avenue,noun,B1,They walked down the wide avenue.,121
suppose,verb,B1,It's easy to suppose that everyone agrees.,182
appointment,noun,A2,"In case I miss my appointment, I will reschedule it online.",104
journalist,noun,B1,The journalist didn't see me enter the room.,132
figurative,adjective,B2,The artist intended to use figurative language to express her deepest emotions.,168
which,determiner,A1,"On the street, which house is yours?",35
charm,noun,B1,She spoke with a gentle charm that attracted everyone.,119
second-hand,adverb,B1,She bought the dress second-hand.,129
intersperse,verb,C2,She enjoys interspersing her serious work with moments of fun.,170
united,adjective,B2,Have you ever seen a truly united front from the community?,162
neck,noun,A1,Don't touch my neck.,44
as,preposition,A1,My brother works as a driver.,64
along,adverb,A1,Whose toys does Tom play with along?,62
neat,adjective,B2,This is a neat place to have a party.,159
next,adverb,A2,Who is arriving next?,76
lethargy,noun,C1,A strange lethargy overcame the explorer after the long trek.,117
exaggeration,noun,B2,I can't imagine life without a little exaggeration.,170
functionality,noun,B2,The company announced improved software functionality.,143
similarity,noun,B1,A striking similarity existed between their handwriting.,117
eclectic,adjective,C1,We must consider a truly eclectic range of factors to make a well-rounded decision.,90
bumper,noun,B2,The car will have to get a new bumper after the accident.,140
broken,adjective,A1,What does the toy do? It looks broken.,60
unlimited,adjective,B2,She must have unlimited energy to do all that work.,177
ruthless,adjective,C1,We are being ruthless in our pursuit of efficiency.,72
patriotic,adjective,B2,The marching band played patriotic music during the parade.,159
sports center/sports centre,noun,A2,This new sports center is busier than the old one.,109
board game,noun,A2,Must we finish this board game before dinner?,92
sulphuric,adjective,C2,"Acid rain, which had been made more damaging by the addition of sulphuric compounds, eroded the statues.",151
up,adverb,A2,May I speak up?,98
chemistry,noun,B1,Who was good at chemistry?,137
splash,verb,A2,"The children are splashing in the pool, aren't they?",77
correct,adjective,A1,How many answers are correct?,31
repellant,adjective,C1,"The strong, repellant odor of the chemicals overwhelmed him for a moment.",115
inscribe,verb,B1,The artist carefully chose a stone and began to inscribe his name.,125
disadvantage,noun,A2,"This weather is a disadvantage, isn't it?",77
permanent,adjective,B1,The old scar gave him a permanent reminder of that day.,115
irony,noun,C1,The irony is that the book about time management was published late.,19
banana,noun,A1,Has he got a banana?,17
detract,verb,C2,We don't have to let small problems detract from the overall success of the project.,140
vanity,noun,B2,Her vanity never cost her much in terms of genuine friendship.,148
word,noun,A1,He has a word for you.,14
doubly,adverb,B2,"The choir, having sung beautifully last week, was doubly praised for their performance.",152
dress,noun,A1,I put on a nice dress.,52
preservation,noun,B1,We thought about the preservation of ancient artifacts.,118
chewing gum,noun,B1,I didn't leave any chewing gum on the bus.,132
modernization/modernisation,noun,B2,The city's extensive modernization of its public transport system has been widely praised.,154
September,noun,A1,Is there a holiday in September?,38
August,noun,A1,a month of August,42
idolize/idolise,verb,B2,"Young fans often idolize their favorite musicians, seeing them as perfect and flawless.",149
referee,noun,B1,The referee blew his whistle loudly.,125
instruction,noun,B1,He dreamt he received a strange instruction.,126
quarry,noun,C1,I am the quarry.,68
throw,noun,A1,Is there a throw on the sofa?,38
Monday,noun,A1,One Monday is fun.,25
aspirin,noun,B1,"I had a headache, so I took an aspirin.",122
satisfactory,adjective,B2,The progress on the project has been satisfactory.,151
shine,verb,A2,Is the sun shining today?,74
brief,noun,C2,"If the meeting were a brief one, we would have more time for lunch.",139
eliminate,verb,B1,She felt they had to eliminate the old system.,120
unsuspected,adjective,C2,The treasure had been hidden in an unsuspected location.,151
rubbish,noun,B1,This is the rubbish that I need to take out.,175
activity,noun,A1,His favorite activity is playing football.,66
invade,verb,A2,We don't want to invade their country as they don't want to invade ours.,110
munch,verb,C1,They happily munched their popcorn through the entire movie.,119
actually,adverb,A2,I can't actually remember his name.,85
aid,noun,B1,They offered their financial aid.,121
disparaging,adjective,C2,My accomplishments weren't met with disparaging remarks.,157
impediment,noun,C1,His lack of experience was a significant impediment to his promotion.,143
spark,noun,B2,Where does the idea for a new invention often appear? - From a sudden spark of inspiration.,159
soft,adjective,A2,May I touch your soft sweater?,98
sort,noun,B1,That sort of music pleased them greatly.,115
catch,noun,A1,Who is it? That is a catch.,9
bereft,adjective,C2,"After losing his dog, he will have to feel bereft for some time.",140
procedure,noun,B2,We have agreed to follow the correct procedure for applying for the grant.,167
estimation,noun,C1,"Based on our initial estimation, we believe the nearest town is located approximately twenty miles east.",52
remorsefully,adverb,C1,Was that a sharp needle he was holding remorsefully?,7
pertain to,verb,C1,Any concerns about the new regulations will pertain to the legal department.,146
plan,noun,A1,They haven't got a plan.,11
doing,do-verb,A1,Have you been doing anything interesting?,12
bound,adjective,B1,He was bound for the city.,127
instantaneously,adverb,C2,The magician's trick happened instantaneously; the rabbit disappeared from the hat.,160
bureau,noun,B1,The documents were kept in a large wooden bureau.,120
modal verb/modal,noun,B1,"That strong ""might"" modal verb/modal suggested a possibility.",117
stress,verb,B2,The loud music began to stress her out.,151
silently,adverb,A2,You may enter the room silently.,96
balky,adjective,B2,This old car is so balky that it often refuses to start in the morning.,144
IT,noun,A2,You may not have it.,97
brilliantly,adverb,B2,The idea was brilliantly conceived by the team.,145
animation,noun,B1,I didn't see the animation at the start of the game.,132
waterfall,noun,B1,We went to see the beautiful waterfall.,122
funk,noun,B2,Did anyone feel a little funk this morning?,172
Ms./Ms,noun,A2,Who is arriving now? Ms. Smith is arriving.,76
extensively,adverb,B1,She read extensively last month.,117
no,adverb,A1,What quality of coffee is this? It's no good.,23
better,adjective,A1,Is this a better apple?,7
presupposition,noun,C2,The argument relies on a false presupposition.,148
trigger,noun,B1,That wasn't the trigger for the argument.,134
us,pronoun,A1,Have you got the key for us?,12
hire,verb,B1,My grandfather used to hire a boat every summer for our family holidays.,178
worm,noun,B2,The early bird kept the worm.,150
forfeiture,noun,C2,We have decided to avoid any action that could lead to the forfeiture of our deposit.,167
mean,verb,A1,Who does this word mean?,63
giraffe,noun,B1,The giraffe ate all the leaves.,129
laud ,verb,C2,His efforts will be lauded by the community.,146
mesh,verb,C2,"The gears meshed perfectly, turning the machine.",150
green,noun,A2,I'm not painting the wall **green** now.,73
resemble,verb,B1,The new building resembled the old one.,129
squeeze,verb,B2,Was the tube of toothpaste squeezed too hard?,158
seaside,noun,A2,"We must visit the seaside, mustn't we?",95
haphazard,adjective,C2,His approach to organizing the files was quite haphazard.,144
gender,noun,A2,"We are discussing the person's gender, aren't we?",77
credential,noun,C1,What further credential will she acquire to advance her career?,81
reply,verb,B1,He would always reply to my letters quickly.,178
histrionic,adjective,C2,Have you noticed his histrionic outbursts during team meetings?,162
exactly,adverb,A2,This car is exactly the same colour as my old one.,109
criteria,noun,C1,He hasn't got the right criteria for the job.,15
slow,adverb,B1,She sang slow and a little sad.,124
razor,noun,B1,My father would always keep his razor very sharp.,178
singular,adjective,A2,I am having a singular experience.,70
unfeasible,adjective,C2,The original plan was deemed unfeasible by the committee.,145
conventional,adjective,B2,"She considered changing her career, moving away from conventional expectations.",170
blaze,verb,B2,The hikers watched as the setting sun began to blaze behind the mountains.,151
exuberant,adjective,C1,Did the children seem particularly exuberant after their surprise party?,133
artificially,adverb,B2,The music must have been artificially enhanced to sound so clear.,177
appallingly,adverb,C1,What kind of service do they provide? - They provide an appallingly slow and indifferent service.,53
pounce,verb,C1,Who can pounce on this opportunity?,88
executive,noun,B2,The executive spoke confidently about the company's future plans.,154
buzzard,noun,C2,The farmer hoped to catch the buzzard stealing his chickens.,167
cruelly,adverb,B2,"He treated her cruelly, didn't he?",165
escape,noun,A2,This is our only escape.,99
guts,noun,B2,Have you got the guts to try that again?,162
cogently,adverb,C2,He will be able to argue his point cogently with the committee.,141
falter,verb,B2,I wish my determination hadn't begun to falter during the difficult exam.,179
ash,noun,B2,She admitted scattering his ashes by the sea.,169
delight,verb,B2,Some of the performers' unexpected jokes continued to delight the audience.,171
eyebrow,noun,B2,I was able to raise an eyebrow at his surprising announcement.,141
relaxing,adjective,B1,She listened to the relaxing music all afternoon.,114
starve,verb,B2,Don't imagine starving yourself; eat something.,170
upright,adjective,B2,The old man had always stood upright in his beliefs.,151
prohibition,noun,B1,The initial prohibition prevented many people from entering.,117
remittance,noun,C2,We had our remittance processed by the bank.,181
atom,noun,A2,We must study every atom.,90
motive,noun,B1,She didn't have a clear motive for doing that.,132
melody,noun,B2,The simple melody can be remembered easily.,147
county,noun,B1,The old farmer grew his prize-winning pumpkins in a field in the next county.,130
ploy,noun,C1,I'm trying to figure out their latest ploy.,70
arrogant,adjective,B2,He tends to act arrogant when he thinks he's right.,168
thoughtful,adjective,B2,Have you ever received a thoughtful gift?,162
developed,adjective,A2,This developed country has the most advanced technology.,108
enormously,adverb,C1,The impact of the new policy on our company's productivity has been enormously improved.,143
premise,noun,C1,What has she got on that premise?,18
anniversary,noun,A2,What will you do for your wedding anniversary?,81
fissure,noun,C1,"The ancient statue will be able to retain its structural integrity over time, despite the visible fissure developing on its base.",141
collocation,noun,B2,I enjoy learning about word collocation.,170
revise,verb,B1,My teacher said that I needed to revise my essay.,174
profoundly,adverb,C1,Have you found the latest research on climate change profoundly disturbing?,162
owing,adjective,B1,The success was owing to their hard work.,117
penicillin,noun,B2,Penicillin was discovered by accident.,145
favorite/favourite,adjective,A1,Where is your favorite book?,20
speech,noun,A1,What colour speech do you hear?,54
potential,adjective,B2,The young athlete's potential was recognized after he grew significantly over the summer.,155
joint,noun,B2,The decision was made at a joint meeting of the committees.,156
atmosphere,noun,B1,The air hostess quickly created a relaxed atmosphere.,116
tiger,noun,A1,I don't see a tiger.,49
cabin,noun,B1,He dreamt of a small cabin in the woods.,126
snowboarding,noun,A2,"When it snows, I love snowboarding.",103
debt,noun,B1,"You paid off that small debt last week, didn't you?",138
vague,adjective,B1,She gave a vague reason for being late.,136
include,verb,A2,You must include your name on the form.,90
correlate,verb,C2,Where does the increase in tourism correlate with the rise in ice cream sales?,159
ammonia,noun,B2,The strong smell of ammonia had been noticed by everyone in the laboratory.,154
rainbow,noun,B2,We have just seen a beautiful rainbow after the rain.,160
improvisational,adjective,C2,The jazz band's improvisational music had flown through the crowd.,155
exceed,verb,B2,We will have to exceed our budget if we want to finish the project on time.,140
shower,noun,A1,one shower - many showers,30
massive,adjective,B1,The workers repaired the massive bridge.,114
hinder,verb,C2,The lack of funding is hindering our progress on the project.,181
moribund,adjective,C2,The ancient traditions will be slowly made moribund by modern influences.,146
pronunciation,noun,A2,"In case my pronunciation is not good, please correct me.",104
anywhere,adverb,A2,Will you travel anywhere interesting next year?,81
disillusionment,noun,C1,He has got a profound disillusionment with the political system.,14
deduce,verb,B2,"From his initial remarks, I was able to deduce his true intentions.",141
dehumanize/dehumanise,verb,B2,It can be easy to dehumanize others when you don't take the time to understand their experiences.,141
stock market,noun,B2,The price of shares on the stock market will likely be higher by the end of the year.,146
kindness,noun,B1,She always showed great kindness when she helped the old lady.,114
unrelated,adjective,B1,That comment seemed unrelated to our conversation.,129
persuasion,noun,B2,He finally got his stubborn neighbor's agreement through sheer persuasion.,181
solve,verb,A1,Whose problem can he solve?,64
possibility,noun,B1,We discussed the possibility that the project might be delayed.,175
branch,noun,A2,Must we water this plant's branch?,92
practically,adverb,B2,"With daily practice, he is practically able to play the entire song from memory.",141
sports,adjective,B1,She didn't play any sports games last weekend.,132
like,verb,A1,Do you like to read books?,50
bullet,noun,B1,He explained that the stray bullet had hit the window.,174
last-minute,adjective,B2,She made a last-minute decision to cancel the trip.,151
cross,noun,A2,Can you show me the cross on the map?,86
sharply,adverb,B2,The company's profits declined sharply.,143
acoustic,adjective,C1,We will perform a set of acoustic measurements to assess the building's sound insulation.,78
outward,adjective,B1,She showed a calm outward appearance that hid her true feelings.,175
without,preposition,A2,May I borrow your phone without asking my parents?,98
who,pronoun,A1,"Don't go there, who is there?",44
conceivable,adjective,B2,"The most convenient solution, while perhaps not the most exciting, has now been realized, leaving all other conceivable outcomes behind.",151
laborer/labourer,noun,B2,The skilled labourer has finished building the wall.,164
enhance,verb,B2,I have never yet found a way to truly enhance my cooking skills through a single recipe.,161
detach,verb,B2,The soldiers refused to detach themselves from their posts.,167
lily,noun,A1,There are no lilies in the garden.,40
black,adjective,A1,I often see a black cat.,45
staccato,adjective,C1,"The urgent commands will be delivered in a staccato rhythm, won't they?",83
housemaster,noun,B2,The expelled student avoided the housemaster.,143
afterwards,adverb,B1,She spoke to the teacher afterwards.,128
actress,noun,B1,The famous actress performed beautifully in the play.,125
appoint,verb,B1,They appointed a new manager last week.,124
perform,verb,A2,We are performing a song for them.,72
ecotourism,noun,C2,The recent growth in ecotourism has benefited local communities immensely.,148
fact,noun,A2,You may consider this fact.,99
accrue,verb,C2,Interest will accrue on the savings.,154
invite,verb,A2,What will you invite to the party?,81
sequel,noun,C1,Has the much-anticipated sequel to the popular fantasy novel been released yet?,158
woo,verb,C1,"The aspiring politician campaigned vigorously throughout the district, hoping to woo voters with promises of lower taxes.",125
messenger,noun,B2,The crucial information was delivered by a trusted messenger.,156
topographically,adverb,C2,The explorer can't have been lost topographically – the map was clearly marked.,177
lapse,verb,C1,Several crates of supplies began to lapse in quality after prolonged exposure to the damp air.,42
infringement,noun,B2,The company has decided to take legal action against the infringement of its copyright.,167
feign,verb,C2,She continued feigning sleep to avoid the conversation.,170
dazzle,noun,B1,The parade's bright lights offered a welcome dazzle.,130
toll,noun,B2,"The highway must have had a toll booth that was closed, because there's no record of payment.",177
nervous,adjective,A2,I felt a little nervous doing it myself.,101
crack,noun,B2,Did you find any tiny crack in the wall?,172
usage,noun,B1,He carefully studied the old book's archaic word usage.,114
line,verb,B2,Some people lined up for the new product.,171
concerto,noun,C1,She mentioned that the orchestra performed a breathtaking Beethoven concerto.,174
slide,noun,A2,The third slide was the fastest.,113
head,noun,A1,How much stuff is in my head?,34
embody,verb,C2,Have you ever seen someone who truly embodies kindness?,162
magician,noun,B1,The magician pulled a rabbit from his hat.,121
windsurfing,noun,B1,My brother cut his leg during windsurfing last summer.,116
spaghetti,noun,A2,My brother is eating spaghetti.,76
torment,noun,C1,His constant regret doesn't bring him peace; it's a relentless torment.,58
fisherman,noun,A2,"The fisherman will catch many fish, won't he?",83
demographic,noun,C1,"We must consider the changing demographic, mustn't we?",95
ride,noun,A1,Who wants a fun ride?,63
gush,verb,C1,A torrent of praise began to gush from the audience.,42
alarm,verb,B1,Did the loud noise alarm you this morning?,133
insubordinately,adverb,C1,"She continued insubordinately ignoring the commander's direct orders, a defiance that ultimately led to her dismissal.",170
calmness,noun,B1,She dreamt of a future filled with peaceful calmness.,126
white,noun,A1,What color is the chalk? - It is white.,60
incident,noun,B1,We discussed the recent incident in class yesterday.,114
system,noun,A2,What can we do to improve the transport system?,87
ban,verb,B2,That noisy music will be banned from the park next month.,146
consumption,noun,B1,My neighbor started the new electric car's high energy consumption.,136
strap,verb,C1,There are no loose straps on the backpack.,40
morally,adverb,B2,Is it morally acceptable to keep quiet?,158
indefinitely,adverb,C1,I'm going to continue practicing my French indefinitely.,70
'm,be-verb,A1,I'm not sure if there's much sugar left.,33
murder,noun,A2,The murder was more shocking than any other crime.,107
amorphous,adjective,C2,The blob of jelly was an amorphous mass.,143
irate,adjective,C1,What do you do when you're irate?,51
picky,adjective,B2,She admits being very picky about what she eats.,169
journey,noun,A2,This journey was longer than the last one.,106
trust,verb,A2,We are trusting you with this important job.,72
beneath,preposition,B1,They hid the treasure chest beneath the old oak tree last night.,119
signpost,noun,B1,A weathered wooden signpost marked the forgotten trail.,117
register,verb,B1,She registered her name for the competition.,136
tooth,noun,A1,There isn't a tooth in my mouth.,37
alcoholic,adjective,B1,"He woke up feeling the familiar, alcoholic haze from the night before.",128
prick,noun,B2,"If that sharp prick hadn't caught my attention, I might have accidentally touched the hot surface.",139
public,adjective,B1,The choir sang at the public event.,124
chronology,noun,C2,The police report must follow a strict chronology of events.,177
dessert,noun,A2,I'm not eating dessert now.,73
terrorist,noun,B1,The police caught the terrorist yesterday.,116
cookie,noun,A1,Is there a cookie on the plate?,38
still,adjective,A1,How many cookies are still there?,31
salary,noun,B2,He hopes to be able to negotiate a higher salary next year.,141
lease,noun,B2,"The old office building's lease had been renewed, then eventually outgrown.",155
wristwatch,noun,B1,He was happy to wear his new wristwatch.,122
dozen,determiner,B1,She was a dozen years younger when she first went to live there.,122
another,determiner,A1,It's another nice day.,2
sister-in-law,noun,B2,My sister-in-law often sang in the choir when she was younger.,152
subdivision,noun,B2,The city council is considering approving the new subdivision of the old farmland.,169
knack,noun,C2,She seems to have a knack to charm everyone she meets.,167
convey,verb,B1,The painting didn't convey a sense of happiness.,134
wrap,verb,B1,It's nice to wrap a warm scarf around your neck when it's cold.,182
overbook,verb,B2,"The airline has just overbooked the flight, so they are asking for volunteers to take a later one.",160
scary,adjective,B1,That wasn't a scary movie.,134
digital camera,noun,A2,He is taking photos with his new digital camera.,71
good morning,interjection,A1,"Good morning, whose car do you drive?",55
unmusically,adverb,C1,There is a strangely unmusically timed chirp from a hidden bird.,36
week,noun,A1,It isn't this week.,3
resolve,verb,B1,She decided to resolve the problem quickly.,125
wordlessly,adverb,B2,"The old photograph had spoken volumes, and she simply stared at it, wordlessly remembering.",155
maternalistic,adjective,C1,How much maternalistic concern can one person show before it becomes overwhelming?,34
qualification,noun,B2,The new employee's qualification has been verified.,166
scarlet,noun,B2,The artist will have to mix more scarlet for the sunset.,140
notoriety,noun,C2,His notoriety as a prankster led to his expulsion.,143
crowded,adjective,A2,You may not go into that crowded shop.,97
behave,verb,B1,He behaved well during the meeting last week.,123
fiddle,noun,C1,I haven't got a fiddle to play.,11
humble,adjective,B2,"His efforts were widely praised, and he remained a humble individual.",145
lunch,noun,A1,Whose lunch does he eat?,62
once,conjunction,B2,We were relieved once the difficult task was completed.,151
confinement,noun,C1,He isn't experiencing confinement in his current circumstances.,73
birth,noun,A1,How much is the birth certificate?,34
financial,adjective,B1,"Before the crisis, they were a successful financial advisor.",123
adverse,adjective,B2,The long-term effects of the medication had been less adverse than initially feared.,151
regrettably,adverb,B2,"Regrettably, she confessed to missing the important meeting.",169
mansion,noun,B2,"The grand old mansion had been left untouched for years, its former glory broken by neglect.",154
ahead,adverb,A2,Can we walk ahead to the shop?,86
cent,noun,A2,Are you spending every last cent?,74
call,noun,A1,Whose name is the next call?,62
voice,verb,C1,"In case the speaker falters, the moderator is prepared to voice concern about the session's timing.",104
scramble,verb,B2,We scrambled to get our coats before the rain started.,152
dollar,noun,A1,on the table is one dollar,35
flagging,adjective,C2,"The runner's pace, after being so strong, started flagging.",152
shy,adjective,A1,Are there any shy cats in the house?,41
conscience,noun,B2,He fought his conscience and did the wrong thing.,149
acidic,adjective,C1,The scientist predicts that the solution will become increasingly acidic over time.,78
mainly,adverb,A2,You may mainly use this room for studying.,96
couch,noun,A1,Are there any cushions on the couch?,41
nutrition,noun,B1,That meal wasn't about good nutrition.,134
reunion,noun,A2,Who can help organize the class reunion?,88
overseer,noun,C1,I am reporting directly to the new site overseer.,70
superficially,adverb,C1,"You can only understand the topic superficially, can't you?",89
partly,adverb,A2,She is partly reading her book now.,71
analyst,noun,B2,The financial analyst had drunk his coffee quickly before the important meeting.,152
pipe,noun,B1,The plumber repaired the broken pipe yesterday.,115
relapse,noun,C1,Who fears a relapse into old habits?,63
unable,adjective,B1,She felt unable to move yesterday.,127
learner,noun,A2,I am a happy learner at this school.,70
gourmet,noun,C1,She's got a taste for the gourmet.,14
worst,noun,B1,I didn't have the worst day of my life.,132
need,modal auxiliary,A1,He needs a new shirt.,66
recumbent,adjective,C2,The lazy cat continued to recline in a recumbent position.,168
spite,noun,B2,He had the whole project redone out of spite.,181
concerned,adjective,B1,She looked concerned when she saw the broken toy.,119
steal,verb,A2,Must I steal that apple?,92
maelstrom,noun,C2,She intended to escape the maelstrom of her troubled thoughts.,168
tame,adjective,B2,They found that resisting the urge to try the wilder recipes was a tame decision.,169
herald,verb,C2,The approaching storm will herald a change in the weather.,140
upset,adjective,A2,"If she is upset, I will try to make her happy.",102
stew,noun,B2,The cook stirred the thick stew.,155
patriotism,noun,B2,"In that country, patriotism is deeply felt by the citizens.",156
tone,verb,C1,Her new approach to leadership will tone down the company's aggressive marketing strategies.,78
mind,verb,A2,He is minding the shop this afternoon.,71
hamburger,noun,A1,Is there a hamburger in the fridge?,38
damage,noun,B1,The heavy rain caused a lot of damage to the roof.,124
assistant,noun,B1,My assistant dreamt of becoming a famous chef.,126
beard,noun,B1,"He had a long, grey beard when he was a young man.",122
relationship,noun,B1,That event changed our relationship.,129
sauce,noun,A2,I must add some sauce to my pasta.,90
postal,adjective,B2,Your letters will be sent by the postal service tomorrow.,146
reader,noun,A1,"What have you got, reader?",13
twice,adverb,A2,"In case you need to check it twice, I've written the instructions clearly.",104
basket,noun,A2,"You must put the shopping in the basket, mustn't you?",95
track,verb,B2,They decided to track the lost hikers.,167
registration,noun,B1,We used to complete the **registration** form by hand.,178
knife,noun,A1,He needs a knife for dinner.,57
human,adjective,A2,Who will explore distant planets? Our human descendants.,82
flat,adverb,B2,The tires went flat under the weight of the wagon.,159
commit,verb,B1,Who was going to commit to the project?,137
irritate,verb,B1,The constant noise which my neighbor makes really starts to irritate me.,175
assure,verb,B2,I was assured that all the necessary safety measures had been taken.,156
sponge,noun,B1,He wiped the table with a wet sponge.,121
confabulate,verb,C2,They will confabulate and confabulate about the plan.,148
angst,noun,C2,He'll be allowed to express his teenage angst soon enough.,142
pursue,verb,A2,You may pursue your dreams.,96
geographic,adjective,B2,We were granted permission to access the geographic data.,142
idle,verb,C2,The factory was left to idle for weeks.,145
capital,noun,A2,This capital is bigger than the other capital.,106
bride,noun,A2,The bride may not see the groom before the wedding.,97
sweet,adjective,A1,Where does she get that sweet cake?,61
campsite,noun,B1,We found a good campsite by the river.,117
emulsifier,noun,C2,We will have to add an emulsifier to the sauce.,140
approval,noun,B1,We were waiting for their approval.,123
hush,verb,B2,The parents had their crying baby hushed by the lullaby.,181
playmate,noun,B2,The child decided to ask the new girl at school to be her playmate.,167
nineteen,number,A1,I have nineteen apples.,56
evacuate,verb,B2,The entire building had to be evacuated immediately.,147
punctuation,noun,A2,I will check the punctuation myself.,101
lover,noun,A2,Can you teach me how to dance like a true lover?,86
shortness,noun,B2,Is its shortness noticeable to most people?,158
outcome,noun,B2,We are awaiting the final outcome of the experiment.,143
resonate,verb,C1,This proposed legislation mustn't fail to resonate with the public's deep-seated concerns about social justice.,91
workshop,noun,B1,She spoke about her new painting at the art workshop.,128
noun,noun,A2,"In case you forget the correct noun, write it down on the paper.",104
addict,noun,B2,He had his gaming habit recognized as an addict's need.,181
nonetheless,adverb,B1,"They finished the difficult project quickly, but nonetheless, they still felt tired.",119
earache,noun,B1,He had a terrible earache and couldn't sleep.,122
calf,noun,B1,The farmer helped the cow bring up her new calf.,180
nowhere,adverb,B1,"He looked for his keys, but they were nowhere to be found.",136
unnervingly,adverb,C2,The silence was unnervingly complete.,157
linger,verb,B2,The sweet scent of jasmine seemed to linger in the evening air.,152
always,adverb,A1,What is it? It's always a book.,8
pastor,noun,B2,The congregation voted to ask the new pastor to lead their church.,167
huge,adjective,B1,"That was a huge party last night, wasn't it?",138
approve,verb,B1,The manager approved the proposal.,118
furiously,adverb,B2,"He was furiously working on his assignment, determined to finish it before the deadline.",141
command,noun,B1,The sergeant gave the command to advance.,180
reproduce,verb,B1,The printer reproduced the image perfectly.,114
medal,noun,A2,Is he wearing his new medal?,74
northern,adjective,B1,Did you visit the northern lights last winter?,133
room,verb,B1,The large table finally roomed in the centre of the hall.,115
stupid,adjective,B1,I dreamt I did a stupid thing yesterday.,126
appear,verb,A2,I am appearing on stage in a minute.,70
publish,verb,A2,The author is publishing his new book soon.,75
ritual,noun,B2,The morning coffee became a comforting daily ritual.,151
unpopular,adjective,B2,This new policy is proving quite unpopular with the staff.,144
drapery,noun,B2,"You have admired the exquisite drapery in this room before, haven't you?",165
space,noun,A2,We can use the spare room as extra space for storage.,87
convert,verb,B2,We will have to convert the old barn into apartments.,140
sound,noun,A2,This is the soundest advice I've heard.,108
wake,noun,A1,Don't wake the baby.,44
appalling,adjective,C1,"The hotel's hygiene standards must have been appalling, given the number of guests who fell ill.",177
additive,adjective,C2,I have never tasted food with such an unusual additive.,161
difficulty,noun,A2,You may have difficulty finishing this on time.,96
cornerstone,noun,B2,My teacher believes that critical thinking is the cornerstone of a good education.,164
terror,noun,B1,The sudden noise filled the small room with terror.,120
hypocrisy,noun,C1,We are witnessing rampant hypocrisy when leaders advocate for environmentalism while maintaining extravagant lifestyles.,72
proliferation,noun,C2,They worry about the proliferation of misinformation online.,170
fiendishly,adverb,C1,"This author, an otherwise gentle soul, crafts his characters fiendishly complex.",16
snowstorm,noun,B1,We were stuck inside all day because of the snowstorm.,135
rural,adjective,B2,The traditional crafts of the region can be preserved in rural communities.,147
love,noun,A1,There is love in my heart.,36
challenge,noun,A2,I can meet the challenge.,84
rape,noun,B2,She has never experienced the trauma of rape.,161
both,adverb,A1,Who is it? - It's both a cat and a dog.,9
lifeguard,noun,B1,The lifeguard saw the child and jumped into the water.,127
repose,noun,C2,His trust was placed in repose.,156
automatic,verb,C1,The system will automatic learn from user behaviour to improve its suggestions.,180
indicate,verb,A2,The signs may indicate where we are allowed to park.,96
grant,verb,B1,She granted him her permission to enter.,120
rat,noun,A1,This is a rat. The rat is small.,16
yacht,noun,B2,Where are the celebrations usually held? On a luxurious yacht.,159
Olympics,noun,A1,He hasn't got tickets for the Olympics.,15
jurisdiction,noun,C1,Are there any legal disputes currently falling under the court's specific jurisdiction?,41
huddle,verb,C2,The lost children have been huddled together for warmth.,166
think,verb,A1,I think there are thirty-one apples and thirty-two apples.,26
indiscretion,noun,C2,The king's past indiscretion was spoken of only in hushed tones.,154
tomato,noun,A1,It is a tomato.,66
solo,noun,B2,The performer just finished his impressive solo.,160
bookshop,noun,A2,My sister will work in that new bookshop.,82
about,preposition,A1,There are books about animals.,39
senior,noun,A2,He is the third senior on the team.,113
fine,adverb,B2,The job wasn't done fine.,157
stimulant,noun,B2,Have you ever tried a natural stimulant to stay awake?,162
pavement,noun,B2,"You've walked on this cracked pavement before, haven't you?",165
out,adverb,A1,What kind of food do you like to eat out?,53
utilitarian,adjective,C2,We will be able to choose a more utilitarian design for the new equipment.,141
deadline,noun,B1,We flew past the deadline for the project submission.,130
worst,adverb,B2,He's worst able to manage the team now than he was last year.,141
corn,noun,A1,Is this a yellow corn?,7
flask,noun,C1,"You always keep your experimental chemicals in that sturdy glass flask, don't you?",65
scooter,noun,B2,My new scooter was delivered this morning.,159
motorcycle,noun,B1,She rode her new motorcycle yesterday.,115
environment,noun,B2,There was no evidence of a healthy environment in the abandoned factory.,173
instead of,preposition,B1,She wore a red dress instead of the blue one she had bought.,116
cause,noun,B2,Who has shown such kindness? - The unexpected donation was the cause.,164
mother-in-law,noun,B2,My new roommate has no intention of inviting her mother-in-law to stay.,173
flatter,verb,C1,He flattered himself on his wit.,152
explanatory,adjective,C1,"The professor provided several explanatory notes, unlike the single one from the previous lecture.",29
drought,noun,B2,Some regions experienced a severe drought last summer.,171
flight,noun,A2,"If there is a flight delay, we will miss our connection.",102
governor,noun,B1,The governor used to visit our town quite often.,178
second,pronoun,A2,"He ran the race quickly, but the second place runner ran even faster.",111
adore,verb,B2,You must adore that new song; you've been humming it all day.,177
proposition,noun,C2,She refused to consider the risky proposition.,169
groom,noun,B1,He explained that the groom was wearing a blue suit.,174
picture,verb,B2,He had his portrait pictured by a renowned artist.,181
lack,verb,B2,The project may be hampered if essential resources lack.,147
immortality,noun,B2,The ancient myths often spoke of a hero who had been granted immortality.,151
kite,noun,A1,That's a kite. The kite is red.,16
occupational,adjective,C1,She avoided asking too many probing occupational questions during the interview.,169
simultaneously,adverb,B1,The two birds sang their songs simultaneously.,117
anchorperson,noun,B2,The news broadcast will be presented by the new anchorperson.,147
stay,verb,A1,What kind of party will stay fun?,23
pajamas/pyjamas,noun,B2,My little brother accidentally wore his pajamas to school today.,117
ski,noun,A2,Where will you buy your ski?,81
disorganized/disorganised,adjective,B2,Have you ever found your desk quite disorganized after a busy week?,162
laudatory,adjective,C2,The award was accompanied by a laudatory speech.,166
billion,noun,B2,The company's value had been estimated at over a billion.,151
administrative,adjective,B2,"If I had more time, I would tackle those administrative tasks, but unfortunately, I'm swamped with urgent client work.",139
pacific,adjective,A2,He is being very pacific with his younger sister now.,71
opulent,adjective,C2,The heir was finally allowed to inherit the opulent estate.,142
supplement,noun,B2,He might have forgotten to take his vitamin supplement this morning.,177
scent,noun,B2,The dog picked up the faint scent of rabbit.,148
deprivation,noun,C1,There has been some evidence of severe sleep deprivation among the night shift workers.,171
fire brigade,noun,B2,The fire brigade will be called if the alarm sounds.,146
king,noun,A1,Who is the king?,63
mortar,noun,B2,Do you have any spare mortar for the wall?,172
surgery,noun,B1,My uncle felt much better after his surgery.,124
whoever,pronoun,B1,Whoever borrowed my book yesterday returned it today.,114
license/licence,verb,A2,The city doesn't license as many new restaurants as it did last year.,109
beg,verb,A2,Who is asking for more food? My dog is begging.,76
brain,noun,A1,There isn't a brain in the box.,37
forward,adverb,A2,What can we do to move the project forward?,87
seven,number,A1,What kind of apples are there? There are seven.,23
astonishment,noun,B2,They went on describing their findings with utter astonishment.,170
unhealthy,adjective,A2,"This food is unhealthy, but that one is unhealthier.",106
advise,verb,A2,He is advising me on what to do next.,71
down,preposition,A2,I'm looking down at my phone now.,70
harvest,noun,A2,This year's harvest was the best we have ever had.,108
scope,noun,B1,The investigation's scope widened significantly.,117
warning,noun,B1,Who was given a warning?,137
electronic,adjective,B1,She was a very keen user of electronic devices when she was younger.,123
screw,verb,B2,Did anyone manage to screw the lid on tightly?,172
institution,noun,B2,The old stone building was a respected institution in the town for centuries.,154
tidy,adjective,A2,My room is tidier than my brother's.,107
posturing,noun,C2,The committee's constant posturing can be ignored by the public.,147
aggressive,adjective,B1,The team played an aggressive game yesterday.,116
runner,noun,A2,What can the runner do with that water bottle?,99
reluctant,adjective,B2,"She will have to attend the meeting, though she is reluctant.",140
transmission,noun,B2,There was no sign of transmission failure.,173
assistance,noun,B1,She didn't offer any assistance with the heavy boxes.,132
insecure,adjective,C1,How much confidence does she have when she feels insecure?,34
solipsism,noun,C2,"If one were to truly believe in solipsism, they would probably assume that the entire world outside of their own mind is just a figment of their imagination.",139
extinct,adjective,B1,It is sad to think that dinosaurs are now extinct.,182
cane,noun,B2,"If the old man hadn't used his cane, he might have fallen down the stairs.",139
greatness,noun,B2,Her early achievements hinted at future greatness.,148
concert,noun,A1,There are no tickets for the concert.,40
lousy,adjective,B2,I decided to buy a new umbrella because the old one was lousy.,167
coverage,noun,C1,They have agreed to extend their insurance coverage.,167
wound,verb,B2,The accident seemed to wound his confidence deeply.,168
magical,adjective,B1,"Last night, the moon cast a magical glow over the sleeping town.",125
basketball,noun,A1,What colour basketball do you play with?,54
thief,noun,A2,The police will catch the thief soon.,78
verbatim,adjective,C2,"You've heard her exact words, verbatim, haven't you?",165
construct,verb,B1,They constructed a small shed last summer.,123
crop,noun,B1,We plan to bring in the new crop of vegetables next week.,180
repair,noun,A2,"This bike needs a serious repair, and it’s more expensive than the last one.",109
hotelier,noun,C2,The hotelier has been contacted.,166
dramatically,adverb,B2,The price of the imported goods has dramatically increased since the new tariffs were brought in.,149
interest,noun,A2,I will handle this project myself with great interest.,101
south,adjective,A2,"In case the south wind blows, bring a warm jacket.",104
star,verb,B1,Where did that singer star in the early 2000s?,135
resistance,noun,B2,"If there wasn't so much resistance from the villagers, the new development would have been approved by now.",139
split,adjective,A2,You mustn't use the split dough.,91
perfect,adjective,A2,This is the perfect size for my new shoes.,109
venture,noun,B2,"The small business is a risky venture, but its owners are hopeful it will succeed.",154
artist,noun,B1,The famous artist painted a beautiful picture.,115
pace,verb,C1,"After the marathon runner has sufficiently warmed up, she will pace herself strategically for the race.",105
actor,noun,A1,Let the actor speak.,47
these,pronoun,A1,Where do these go?,52
dissemble,verb,C2,The child dissembled his toy to see how it worked.,155
antiquity,noun,C1,Must we preserve the ruins of antiquity with such stringent regulations?,92
instruct,verb,B2,She has to instruct the new employees on company procedures.,140
thirsty,adjective,A2,"In case you get thirsty, there's water in the fridge.",104
occasional,adjective,B1,He made an occasional comment about the weather.,129
turmoil,noun,C1,I didn't realize the political turmoil would affect our travel plans so drastically.,132
brainstorming,noun,B1,My team had a productive brainstorming session last week.,122
inclusive,adjective,C1,She didn't find the initial offer fully inclusive of all her requirements.,132
leak,noun,B2,The leak has finally been fixed.,166
fifty,number,A1,Fifty apples cost ten dollars.,25
vessel,noun,B1,She poured water into the clay vessel.,127
conferencing,noun,B2,The team decided to invest in better virtual conferencing software.,167
sulfur/sulphur,noun,B2,The ore has been treated to remove the sulfur.,166
landlord,noun,B1,My landlord brought back the deposit.,124
retirement,noun,B2,Where does a significant portion of her savings go? Towards her retirement.,159
seawater,noun,B1,The dog licked the salty seawater.,136
commitment,noun,A2,Who must show commitment?,94
quarrelsome,adjective,B2,Have you ever dealt with a quarrelsome neighbour?,162
increase,verb,A2,She can increase her speed.,84
immerse,verb,B2,"If you wanted to truly understand a new culture, you would immerse yourself in its daily life.",139
subjunctive,noun,B2,I'm considering mentioning the subjunctive mood in my next grammar presentation.,169
isolate,verb,C1,What have you been doing lately to isolate yourself from the constant noise of the city?,163
spontaneous,adjective,C1,One spontaneous idea led to a series of spontaneous decisions.,24
equable,adjective,C2,The weather must have been equable; there were no complaints from the campers.,177
turning,noun,B1,Did you notice the turning of the market trend last week?,133
match,verb,B1,She didn't match her shoes to her bag.,132
educator,noun,B2,The experienced educator had grown tremendously in her career.,155
athleticism,noun,C2,The player's natural athleticism has been recognized by many coaches.,166
synopsis,noun,C1,Have you read the synopsis of the upcoming novel?,162
programmer,noun,B2,What has that programmer been working on recently?,163
ideal,adjective,A1,Who is the ideal student?,9
fitness,noun,B1,He felt a great deal of fitness after his walk.,121
allegorical,adjective,C2,The story was allegorical and meant to teach a lesson about greed.,153
incise,verb,C2,The artist will incise the design onto the metal.,164
bout,noun,C2,They decided to have one more bout of their friendly competition.,167
shoot,verb,A2,"You can shoot a good photo, can't you?",89
composer,noun,A2,May I play the music by that famous composer?,98
glocal,adjective,B2,The new manager has implemented a glocal marketing strategy.,164
average,noun,A2,"This score isn't the average, is it?",95
deliver,verb,B1,I delivered the pizza to your door last night.,123
rectangular,adjective,B2,The rug had a rectangular shape.,148
greedy,adjective,A2,What food must the greedy dog not eat?,93
orator,noun,B2,The politician is known as a gifted orator.,164
prissy,adjective,C2,He was too prissy to help with the messy job.,141
politeness,noun,B2,"If you showed a bit more politeness, we would be able to reach an agreement, but your rudeness makes it impossible.",139
ephemeral,adjective,C2,"The beauty of the sunset must be ephemeral, as the colours are already fading.",177
lottery,noun,B1,She thought she had won the lottery.,118
guerrilla,noun,B2,The resistance fighters operated as a guerrilla force.,159
conquest,noun,B2,The historical conquest meant a significant shift in power.,153
dear,noun,B2,"What are you doing, my dear?",163
alright,adverb,A2,"We're going to the park now, aren't we, alright?",77
damage,verb,B1,The strong winds damaged the old roof.,116
golfer,noun,B1,The golfer that won the championship is my neighbour.,175
daughter,noun,A1,one daughter - two daughters,29
plaque,noun,C1,The ancient inscription on the bronze plaque must have taken years to carve.,177
wallboard,noun,B2,"If the builders had used stronger wallboard, the impact wouldn't have created such a large hole.",139
outfit,noun,B2,The carefully chosen outfit had been admired by everyone at the party.,151
west,adjective,A2,Will you travel to the west coast next year?,80
grapefruit,noun,C1,Don't leave the grapefruit in the sun too long.,44
memory,noun,A1,There isn't a good memory of the day.,37
fond,adjective,B1,My grandmother was fond of telling stories.,136
lark,noun,B2,"We thought it was just a bit of fun, a harmless lark, but it turned out to be much more serious.",153
reaction,noun,B2,The unexpected news caused a strong emotional reaction.,152
parasite,noun,C1,The organism was not intentionally introduced as a beneficial parasite.,157
exorcist,noun,C2,The priest who had recently been trained as an exorcist had helped many troubled souls.,155
melancholy,adjective,C2,"If the music wasn't so melancholy, we would feel happier.",139
safeguard,noun,B1,What measures did they take in the past to ensure the safeguard of their private information?,135
facial,noun,C1,She meticulously followed the steps for her new skincare routine and completed the entire facial.,114
out of,preposition,A2,That was out of sight the most exciting movie I've ever seen.,108
fortunately,adverb,A2,"Fortunately, I can help you with that, can't I?",89
menu,noun,A2,This is the best menu I've seen all week.,108
artificial,adjective,A2,This company will probably use artificial intelligence to help with their work.,78
uneven,adjective,B2,"The road ahead was uneven, so we slowed down considerably.",148
suspiciously,adverb,B2,I wish he hadn't looked at me so suspiciously.,179
smugly,adverb,C1,"There were no available seats, but he sat down smugly.",173
thickly,adverb,B2,"The old forest was thickly overgrown, and we were allowed to explore only the main paths.",142
circumnavigate,verb,C2,"You have circumnavigated the globe before, haven't you?",165
saloon,noun,C1,What does the cowboy frequent? He frequents the dusty saloon.,60
descent,noun,C1,The family’s long descent into poverty had begun generations before.,120
creative,adjective,A2,Who can draw a creative picture?,88
insist,verb,B1,She insisted we all go to the party together.,116
brimstone,noun,C2,The ancient texts suggested the cauldron could be filled with brimstone.,147
beauty,noun,A2,"The beauty of this plan will help us, won't it?",83
gruelling,adjective,C1,His daily training regimen for the marathon was truly gruelling.,57
seasonal,adjective,B2,The local produce has been specifically sourced for its seasonal availability.,166
counter,verb,B1,Did you counter their argument in the meeting?,133
inevitable,adjective,B1,The traffic jam felt inevitable.,129
T-shirt/tee-shirt,noun,A1,I haven't got a blue T-shirt.,11
microwave,noun,B2,"You haven't used the microwave to reheat leftovers before, have you?",165
cliff,noun,B1,The bird that landed on the cliff had a long beak.,175
blush,verb,B2,He will be allowed to blush freely when his embarrassing secret is finally revealed.,142
emergence,noun,B2,Have you noticed the emergence of new cafes in the city centre?,162
buzzer,noun,C1,The winning buzzer was heard by the entire stadium.,156
ruthlessness,noun,C1,Who in the future will judge their actions with such utter ruthlessness?,82
flexibility,noun,B2,My newfound flexibility has just made me realize how much I've improved at yoga.,160
resignation,noun,B2,She began to prepare for her eventual resignation.,168
skin,noun,B1,Did you get sunburn on your skin?,133
single,noun,B1,She only heard a single knock at the door.,126
starvation,noun,B2,The villagers must have suffered from starvation during the long drought.,177
sink,verb,B1,"Yesterday, the heavy rock sank to the bottom of the pond.",119
pick,noun,B1,"She mentioned that she needed a ride to the store, so I offered to give her a pick.",174
contrary,adjective,B1,I didn't have a contrary opinion at the time.,132
catalog/catalogue,noun,B2,This is a cataloged collection.,143
addiction,noun,B2,His gambling addiction is often discussed by the media.,144
finance,verb,B1,The company that we want to finance needs more investment.,175
difficult,adjective,A1,A bag of apples is difficult to carry.,42
worktable,noun,B2,The spilled ink had been cleaned from the worktable.,151
after,preposition,A1,a blue car after a red car,1
wild,adjective,A2,I think the weather will be wild next week.,78
stripe,noun,B1,Who was wearing a blue stripe?,137
loneliness,noun,B2,Loneliness can be overcome by connecting with others.,147
economy,noun,B1,The new policy helped the economy.,129
keyboard,noun,B1,My new keyboard arrived this morning.,129
absolute,noun,C1,The decision was treated with absolute by the committee.,145
formally,adverb,B1,He formally proposed to her last night.,126
feel,verb,A1,She feels happy today.,57
law,noun,A2,Will this law help people?,80
soundtrack,noun,B2,I enjoy listening to the movie's soundtrack.,170
unreasonable,adjective,B2,Some of his demands were quite unreasonable.,171
nutritious,adjective,B1,The fruit salad tasted very nutritious.,129
warn,verb,B1,The sign warned visitors about the slippery rocks.,120
likeness,noun,B1,She felt a strange likeness to the stranger in the old photograph.,120
leap,verb,B1,The cat leaped onto the table.,117
revolutionize/revolutionise,verb,B2,This new software will revolutionise how we manage our data.,164
blandishment,noun,C2,I wish I hadn't been so easily swayed by his blandishment.,179
grieve,verb,B2,He must grieve for his lost pet; he hasn't stopped looking sad.,177
boxing,noun,B1,"He didn't watch the boxing last night, did he?",138
fabricate,verb,C2,We fabricated the story to avoid trouble.,149
museum,noun,A2,Where may I buy a ticket for the museum?,99
bush,noun,A2,Can you see the small bush in the garden?,86
irresponsible,adjective,B2,The company's unchecked expansion was an irresponsible decision.,143
day,noun,A1,What colour flowers for the day?,54
nod,noun,B1,He wasn't the one who gave a nod of agreement.,134
motivation,noun,B1,My lack of motivation made me delay the project.,136
bend,noun,B2,I'm not allowed to make a sharp bend in the road here.,142
nightlife,noun,B1,The city's nightlife excited us.,129
sister,noun,A1,This is my sister.,16
marketability,noun,C2,Some of the company's marketability has been affected by recent news.,171
differ,verb,B1,The results of the two tests didn't differ significantly.,134
return,verb,A2,You may return tomorrow.,96
final,adjective,A2,You may not make that final decision.,97
collider,noun,C2,He was not allowed to approach the particle collider.,142
authenticity,noun,C2,She wants to ensure the authenticity of the document.,167
combustion,noun,C2,The engine's **combustion** sputtered.,150
action,noun,A1,We always take action.,45
extract,noun,B2,"The dentist carefully removed the tooth, an unpleasant but necessary extract.",155
add,verb,A1,It's a big cup to add.,2
realism,noun,C1,Who may appreciate the gritty realism of this film?,100
employer,noun,B2,Is your salary paid by the employer on time?,158
assume,verb,B1,I assume you already bought the tickets.,131
draw,noun,A2,You mustn't draw this picture.,91
two,number,A1,Where do you go for two days?,61
psychologist,noun,A2,"In case I need to talk about my feelings, I will see a psychologist.",104
contagion,noun,C2,"Fear can be a powerful contagion, having been spoken about by many experts.",154
closeness,noun,C1,Who is feeling the closeness now?,76
inspection,noun,B1,The final inspection of the building took two hours.,117
clumsy,adjective,B2,She tends to drop things and seems a bit clumsy when she's tired.,168
forget,verb,A1,This is a thing I must not forget.,5
headache,noun,A1,"I have a headache, don't I?",65
mutually,adverb,C1,They had mutually agreed upon a course of action that was broken down into several manageable phases.,154
play,noun,A1,Where does she go for play?,61
midwife,noun,C1,She will have to find a new midwife.,140
snail,noun,C1,The growth in our small business this quarter was slower than a snail's pace.,109
prestige,noun,B2,The university's new library has been built with a lot of prestige.,166
several,pronoun,A2,"After I finish these tasks, several will be done by tomorrow.",105
author,noun,A2,Who can write the story? The author can.,88
saucer,noun,B1,She was sure that the alien spaceship had left a saucer-shaped imprint in the garden.,122
disconnect,verb,B2,I felt I had to disconnect from social media for a while.,153
emotional,adjective,B1,She was an emotional child who went to live with her grandparents.,122
regulation,noun,B1,Did they change that regulation last year?,133
highly,adverb,B1,She performed highly in the competition.,127
part,noun,A2,This part of the book is more exciting than the last part.,109
peaceful,adjective,A2,We won't have a peaceful afternoon if you keep making noise.,79
mistreat,verb,B2,We should never mistreat animals.,150
cough,verb,B1,He coughed loudly during the quiet movie.,114
friendly,adjective,B2,The new neighbours have just moved in and they seem very friendly.,160
grown-up,noun,B2,I've decided to act like a grown-up and take responsibility for my mistakes.,167
paralyzingly/paralysingly,adverb,C2,I wish I hadn't been so paralyzingly afraid of failing.,179
toothache,noun,A2,My toothache isn't as bad as your toothache.,110
instant,adjective,A2,This new app is more instant than the old one.,107
series,noun,B1,The team saw a series of small victories.,116
respond,verb,B1,The dog happily respond to his owner's whistle.,117
problem,noun,A1,They have a problem.,67
fractious,adjective,C2,The baby must be feeling fractious; he's been crying for an hour.,177
housewife,noun,B2,"She has just finished tidying the house, as any good housewife would.",160
clutch,noun,C1,"She grabbed the steering wheel, her knuckles white, in a desperate clutch.",127
inference,noun,B2,"Over time, he will be able to make a well-supported inference from the data.",141
risky,adjective,B2,They decided against investing in such a risky venture.,169
trail,verb,B2,We plan to trail the new hiking path this weekend.,167
announcement,noun,B1,The announcement was about our new school club.,123
commission,verb,C1,The museum will commission a new sculpture for the central plaza.,159
gang,noun,B2,She hasn't joined that street gang yet.,161
evaluation,noun,B2,She admitted making a mistake during the initial evaluation.,169
bother,verb,A2,What can we do to bother them?,87
tug,noun,B2,A gentle tug on the leash will be given if the dog wanders too far.,146
clan,noun,C1,Whose ancestral lands are these that have belonged to the clan for centuries?,21
whose,determiner,A1,Whose dog is barking?,64
stability,noun,B2,She has been working to improve the company's financial stability.,164
shift,verb,B1,What did the team do to improve the process? They decided to shift their focus to customer feedback.,135
tap,verb,B2,We'll have to tap into our savings if we want to buy a new car.,140
focus,verb,A1,What colour do you focus on?,22
map,noun,A1,What has she got? She's got a map.,18
mount,noun,B1,He was a skilled rider and loved to conquer any mount he was given.,122
slack,noun,C1,We will have to build some slack into the schedule to accommodate unexpected delays.,140
availability,noun,B2,We dreamt of the increased availability of fresh produce year-round.,153
adjustment,noun,B2,Some minor adjustment was made to the schedule.,171
fantastic,adjective,A2,Will this fantastic party be long?,80
expectation,noun,B2,Did anyone have any specific expectation for the event?,172
fortune,noun,A2,He's earned a great fortune.,94
tablecloth,noun,B2,Was that nice tablecloth embroidered by hand?,158
classmate,noun,A1,Where is my classmate?,20
ecology,noun,B1,It's interesting to learn about the local ecology.,182
considerably,adverb,B2,The company's profits increased considerably after the new marketing campaign.,143
utensil,noun,C1,"One child needed a spoon, but a group of children required several different eating utensils.",30
kindly,adjective,A2,You may kindly bring your own water bottle.,96
sentence,noun,A1,This is a sentence.,19
wardrobe,noun,B1,She found her old coat in the back of the wardrobe.,124
stately,adjective,C1,"The venerable old manor, with its stately facade, hosted the annual charity ball, didn't it?",138
monkey,noun,A1,I haven't got a monkey.,11
training,noun,A2,Will the company provide new training?,80
unsustainably,adverb,C1,Must we continue to exploit resources unsustainably?,92
coward,noun,B2,He was called a coward by his teammates after he refused to participate.,144
pancake,noun,B2,There were no pancakes left for dessert.,173
conflict,noun,B1,The sudden conflict surprised them yesterday.,115
imperative,noun,B2,The immediate delivery of the aid was an imperative.,157
logic,noun,B1,She explained the logic of her plan carefully last night.,125
interval,noun,B1,What was the interval between their last meeting and the one they had in Paris?,135
relay,noun,B2,Some runners are preparing for the next relay race.,171
fixed,adjective,B2,"If the price was fixed, we would be able to budget for the project, but currently, it's uncertain.",139
rejoin,verb,B2,"After a long absence, she decided to rejoin the choir.",167
idiot,noun,B2,He's decided to become an idiot and join their ridiculous plan.,167
monk,noun,B1,The old monk went to a quiet monastery in the mountains.,122
publication,noun,B2,My article's publication hasn't been confirmed yet.,157
overcome,verb,B1,She had overcome many challenges before she went to college.,122
wake,verb,B1,I woke up early this morning.,119
navy,noun,B2,There are some navy blue curtains in the living room.,171
brainstorm,noun,A2,What are we doing for the new project? We are having a brainstorm.,75
stall,noun,B1,Who was at the market stall?,137
victim,noun,B1,The brave child awoke and saw the victim of the accident.,128
prospect,noun,B2,I wish there was a better prospect of finding work in this area.,179
injection,noun,B2,a quick injection of adrenaline,143
insufficient,adjective,B2,Is there any insufficient evidence to support that claim?,172
terrify,verb,A2,The loud thunder can really terrify young children.,112
proscription,noun,C2,They recommend avoiding the proscription of certain medical treatments.,169
trick,verb,B2,He was tricked into buying the faulty product.,143
amateur,noun,C1,The museum displayed the work of several amateur artists alongside the masters.,30
bus stop,noun,A2,The third bus stop is on the corner.,113
slip,noun,B1,"He made a slip in his presentation, didn't he?",138
detest,verb,C1,She detests the way her brother always exaggerates his achievements.,136
accumulate,verb,B2,What new skills do you hope to accumulate through this internship?,163
actively,adverb,B2,The proposal is actively being considered by the committee.,166
rack,noun,B2,I haven't put my coat on the coat rack yet.,161
meal,noun,A1,Is this a good meal?,7
democracy,noun,B1,Many people fought for democracy in the past.,115
medieval/mediaeval,adjective,B2,"The stonemason had carefully carved a beautiful, **medieval** gargoyle.",155
ethic,noun,B2,"I have just finished my first day at the new company, and their strong work ethic is immediately apparent.",160
movement,noun,B1,The subtle movement of his hand told me everything.,129
electric,adjective,A2,Can you turn on the electric lights?,86
spuriously,adverb,C2,He spuriously claimed he had fought the dragon.,149
shift,noun,B2,The heavy furniture can be a shift to manage alone.,147
link,noun,B1,Who was the missing link?,137
ironic,adjective,C2,Is there anything ironic about the situation?,172
briefly,adverb,B1,"You spoke to him briefly yesterday, didn't you?",138
mate,noun,B2,Where do you usually meet your mate for a drink?,159
therapy,noun,B2,This plant can be helped with regular therapy.,147
porten,noun,C2,The gate has been reinforced with iron porten.,166
fondly,adverb,B2,"You have often spoken fondly of your childhood holidays, haven't you?",165
hip hop/hip-hop/hiphop,noun,A2,This is the first hip hop song I learned.,113
itinerary,noun,C1,Was the meticulously planned itinerary finalised by the travel agent?,158
guitar,noun,A1,Let me play the guitar.,47
raise,verb,A2,Who can raise their hand?,88
virtually,adverb,B2,We will have to virtually rebuild the entire system from scratch.,140
bark,noun,B1,The dog's loud bark was the only sound in the quiet forest.,122
tickle,verb,B2,Was the funny poem meant to tickle your funny bone?,158
exuberantly,adverb,C1,The children sang exuberantly as they were sung to sleep.,152
agree,verb,A1,We don't agree on that.,40
urgent,adjective,B1,The urgent call surprised them.,129
permit,verb,B1,The security guard permitted us to enter the building after checking our IDs.,124
congregate,verb,C1,"The protestors will congregate here tomorrow, won't they?",83
cooperation,noun,B2,"If they offered more cooperation, we could find a solution to this problem.",139
snippet,noun,C2,That short snippet wasn't heard by the audience.,157
alignment,noun,C1,"The team's objectives will be in perfect alignment, won't they?",83
light,adjective,A1,one mouse - many light mice,30
encumber,verb,C2,Did any financial worries encumber your decision?,172
wherever,conjunction,B1,She **broke** her promise wherever she went.,128
brake,noun,A2,The car can't find its brake.,85
interviewee,noun,B1,The interviewee spoke clearly.,131
chase,verb,B2,The rabbit wasn't chased by the fox.,157
fun,noun,A1,It was a lot of fun.,28
scrutiny,noun,C1,Who in the future will face such intense scrutiny?,82
tin,noun,B1,She found the old key in a dusty tin.,120
coach,noun,A1,Let the coach start the game.,47
conciliation,noun,C2,"One group sought conciliation, two groups did not.",25
generation,noun,A2,Can this new generation understand the old technology?,86
project,noun,B2,This ambitious project will cost a fortune.,148
dominate,verb,B2,I wish that feeling of insecurity didn't dominate my thoughts so often.,179
surge,verb,C2,No energy seemed to surge through the tired runners.,173
finance,noun,B2,We will be able to secure the necessary finance for the expansion by next quarter.,141
purple,noun,A1,"You like purple, don't you?",65
optimism,noun,B2,"Despite the setbacks, there was no sign of his optimism fading.",173
grounds,noun,C1,There weren't sufficient grounds to suspect his involvement.,134
ease,verb,B2,The tension was eased by the arrival of the reinforcements.,145
snow,verb,A2,The forecast said it would snow more than last year.,109
versatility,noun,C1,Does this new software offer any significant versatility for our design needs?,172
fetch,verb,B1,What did the dog do in the park? He fetched the ball.,135
legion,noun,C2,Are such troubles legion?,158
medium,noun,B1,Did you paint it on a medium canvas?,133
cultural,adjective,B1,The festival celebrated their rich cultural heritage.,129
coherence,noun,B2,The story lacked coherence; it felt disjointed and hard to follow.,150
somersault,verb,C1,Have you ever managed to somersault over a park bench?,162
politically,adverb,B2,The government will have to act politically to avoid further unrest.,140
cheek,noun,A2,You mustn't touch my cheek.,91
acknowledge,verb,B1,Did you acknowledge his help?,133
attached,adjective,B2,"The broken vase, the most cherished item, was attached to the mantelpiece by a strong wire.",154
speed,noun,A2,The fastest speed is more exciting than the slower speed.,107
desktop,noun,B2,I kept my desktop computer clean and organized.,150
jet,noun,A1,Has he got a toy jet?,17
awareness,noun,B1,She increased her awareness of healthy eating habits.,114
thinker,noun,B2,He is considered a deep thinker by his colleagues.,144
irately,adverb,C1,"The critic, who had initially lauded the play as the most excellent he'd seen all year, now spoke irately about its surprisingly poor second act.",108
revolution,noun,B2,That technological leap must have started a quiet revolution in how we communicate.,177
shooting,noun,B2,There was no shooting at the park last night.,173
gray/grey,noun,A1,Whose gray is that?,62
commute,verb,B2,Some people commute by bicycle.,171
recycled,adjective,B1,We used recycled paper for the project.,121
clown,noun,A2,"He thought the first clown was funny, but the second one was the best.",108
drawer,noun,A2,"You can find the keys in the top drawer, can't you?",89
absolutely,adverb,B1,He absolutely forgot her birthday last year.,121
seem,verb,A2,It will seem easy to finish the work yourself.,101
sport,noun,A1,It's a fun sport.,2
minority,noun,B1,The small minority dreamt of a better future.,126
servant,noun,B2,She has been able to manage the household and act as a servant for years.,141
source,noun,A2,We are finding the new information's source.,72
known,adjective,B2,The best time to see the Northern Lights is when the sky is known for being clear.,159
mend,verb,B1,The tailor mended my shirt.,129
patch,noun,B2,A small patch of blue sky had been seen between the dark clouds.,151
remotely,adverb,C1,"This new policy isn't as effective as the previous one, not even remotely.",110
con,verb,C1,Did they con you out of your money?,133
adapt,verb,B1,She adapted well when she moved to a new city.,122
drive,noun,A1,Is this a long drive?,7
motto,noun,B1,She thought her new motto was inspiring.,118
scornfully,adverb,C1,She dismissed his apology scornfully.,127
relative,noun,B1,My cousin said that he was visiting a distant relative next week.,174
genetic,adjective,B1,Did you hear about the genetic research they published last week?,133
hitch,verb,C2,I wish I hadn't let that small hitch spoil our holiday.,179
site,noun,A1,I visit the new construction site.,52
outpatient,noun,B2,She expects to be discharged as an outpatient next week.,167
chiselled,adjective,C1,How many statues in the museum have chiselled features?,56
transit,noun,C1,"In case of unexpected transit delays, ensure you have a backup plan.",104
oral,adjective,B2,Your final oral presentation will be assessed by the examiner.,146
tolerant,adjective,B2,He had always been tolerant of different opinions.,152
remaining,adjective,B2,Have you finished the remaining tasks for the project?,162
prawn,noun,B2,She denies eating the last prawn.,169
seat,noun,A1,I have a seat.,68
happiness,noun,A2,The first step towards happiness is self-acceptance.,113
reinforcement,noun,B2,She has never experienced such positive reinforcement from her boss before.,161
itself,pronoun,A2,Must the machine turn itself off?,92
obituary,noun,B2,My aunt wrote a touching obituary for her best friend.,164
inadequate,adjective,B2,The support provided was inadequate.,157
racial,adjective,B1,We need to speak out against racial discrimination.,180
carbon monoxide,noun,B2,Residents are allowed to use the updated detectors that can identify carbon monoxide.,142
tremendous,adjective,B1,The economic growth they achieved was tremendous.,116
utilize,verb,C2,We utilized the spare room as an office.,153
tumble,verb,B1,The child who forgot to tie his shoes began to tumble down the small hill.,175
hauntingly,adverb,C2,Her song was hauntingly beautiful and always remembered.,144
insane,adjective,B1,The weather yesterday was absolutely insane.,121
potato,noun,A1,They are potato farmers.,67
spell,noun,A1,This isn't a long spell.,6
shopkeeper,noun,B2,The shopkeeper brought us some fresh bread this morning.,149
vein,noun,B1,She traced a blue vein on her hand.,114
climate,noun,B1,We need to think about how to deal with the changing climate.,180
brush,verb,A1,Is there a brush on the shelf?,38
burglar,noun,B1,The alarm scared the burglar away.,115
complex,adjective,B1,Will the new technology be too complex to understand?,80
she,pronoun,A1,Does she drink water in the morning?,50
instrument,noun,A2,I'm playing a musical instrument now.,70
pawnshop,noun,B2,My old guitar will probably be sold at the pawnshop.,146
romance,noun,A2,"After the movie ends, we will talk about the romance.",105
soliloquize,verb,C2,He often wishes he wouldn't soliloquize so much when he's alone.,179
shallow,adjective,B1,The pond felt shallow under my feet.,121
salesmanship,noun,B2,The product's success can be significantly boosted by excellent salesmanship.,147
desperately,adverb,B2,What have you been looking for so desperately?,163
dim,adjective,B2,The path will be dim without the moonlight.,146
wagon,noun,B1,"Last week, we pulled the old wagon to the park.",125
hard,adjective,A1,Work hard!,43
at,preposition,A1,That isn't my house at all.,3
reflection,noun,B1,Who was the quiet reflection of her mother's past?,137
cold,adjective,A1,The water is cold.,66
luxurious,adjective,B2,She bought a luxurious silk scarf.,149
balloon,noun,A2,I won't buy another balloon for the party.,79
respiration,noun,B2,Measured respiration levels indicate a healthy metabolic rate.,143
flash,verb,B2,She regrets admitting to flash that embarrassing photo.,169
encounter,noun,B1,We had a strange encounter with a fox on our walk yesterday.,118
canned,adjective,B1,It was disappointing to hear such canned responses.,182
administration,noun,B1,The new administration organized the event efficiently.,117
overseas,adverb,A2,You mustn't travel overseas without a visa.,91
blue,adjective,A1,She has a blue car.,16
reputation,noun,B1,He sang his way to a great reputation.,124
online,adjective,A2,Who may buy this product? - Anyone may use the online store.,100
linearly,adverb,C1,"The team's progress, while initially slow, **linearly** improved as the project deadline neared.",126
temple,noun,A1,Who is it? - It's a temple.,9
amazed,adjective,B1,She was amazed by the beautiful sunset last night.,125
exotic,adjective,B2,"You've tried that exotic fruit before, haven't you?",165
personalize/personalise,verb,C1,What is it about this app that allows you to personalize your experience so effectively?,8
free,verb,B2,My old phone is being freed up of storage space by the app.,144
syllable,noun,B2,Some words have more than one syllable.,171
bracket,noun,B2,I intend to put that important information within a separate bracket.,167
heap,noun,B2,The rubbish will be collected from the heap tomorrow.,146
crowd,noun,A2,You may find it difficult to see the stage in such a big crowd.,99
liberation,noun,B1,The crowd cheered for the liberation of their leader.,117
cybercrime,noun,B2,The company had its network secured against cybercrime after the incident.,181
virtuosity,noun,C2,The conductor has just announced the soloist's breathtaking virtuosity.,160
aberration,noun,C2,What was that strange weather? - Just a small aberration.,163
vaccine,noun,B2,The doctor explained that the new vaccine meant fewer people would get seriously ill.,153
possessed,adjective,B2,She imagined a house possessed by friendly ghosts.,170
damn,adjective,B2,That damn report will be finished by tomorrow.,146
breed,noun,B2,This particular breed will be able to adapt to the harsh climate.,141
mood,noun,A2,What is her mood at this time?,75
scream,verb,B1,The loud bang made her scream.,115
goat,noun,B2,What have you heard about the wild goat population in the mountains?,163
carbonize/carbonise,verb,C2,The intense heat will carbonize the organic material.,153
distinguished,adjective,B2,She considers joining that distinguished research institute her greatest ambition.,169
fierce,adjective,B2,The competition will be fierce.,146
situation,noun,A2,This is a difficult situation.,112
long,adverb,A2,"The train journey felt long, longer than usual, and the longest ever.",106
ardor/ardour,noun,C2,His ardor grew with every performance.,155
split,verb,B2,They must have agreed to split the profits evenly — they're both smiling.,177
sneeze,noun,B1,He let out a loud sneeze.,130
symptomatic,adjective,C1,Is this persistent cough symptomatic of something more serious?,7
remember,verb,A1,This is a red car I remember.,5
variety,noun,B1,That wasn't the variety of apple I was expecting.,134
unfold,verb,B1,The story began to unfold slowly.,120
stool,noun,B2,The old wooden stool is placed by the fireplace.,144
admire,verb,A2,I will admire your paintings someday.,78
stamp,verb,B2,"The crowd stampede, and their feet had stamped the earth bare.",153
walkabout,noun,B2,We will have to go on a walkabout tomorrow.,140
adept,adjective,C2,This player is known to be adept at handling the ball.,156
instill/instil,verb,B2,The coach has just instilled a strong sense of teamwork in the players.,160
dime,noun,B2,She refused spending even a dime on that unnecessary gadget.,169
far,adverb,A2,Will we travel far next year?,80
opulence,noun,C2,Was there any opulence at the royal wedding?,172
university,noun,A2,"You can study at university here, can't you?",89
scarf,noun,A2,This red scarf is warmer than my old blue scarf.,109
salt,noun,A2,"Can you pass the salt, please?",86
phone,verb,A1,Let me phone you later.,47
many,determiner,A1,There aren't many cats here.,37
prospective,adjective,C1,She met several prospective employers.,1
story,noun,A1,This isn't a funny story.,6
apron,noun,A1,Have you got an apron?,12
type,noun,A1,What type of car is this?,23
systematic,adjective,B1,She cleaned her room in a systematic way yesterday.,115
docilely,adverb,C1,The trainer explained that the newly adopted puppy had followed all the instructions docilely.,174
cinema,noun,A1,Go to the cinema.,43
instance,noun,B1,"In that instance, he tried his best.",121
ingratiating,adjective,C2,He has just adopted an ingratiating tone to get what he wants.,160
presuppose,verb,C2,"If you want to understand this book, it presupposes you have read the previous one.",139
computerize/computerise,verb,C2,They agreed to computerize the library records.,167
truism,noun,C2,"Have you realized that ""practice makes perfect"" is a common truism?",162
unencumbered,adjective,C2,I wish I could travel the world unencumbered by responsibilities.,179
print,noun,B1,That wasn't the original print.,134
proud,adjective,B1,She was very proud of her drawing yesterday.,115
grape,noun,A1,It is a green grape.,66
compulsion,noun,C1,Do you feel a compulsion to check your phone first thing in the morning?,50
measurement,noun,B1,His last measurement surprised the doctor.,117
chef,noun,A2,"In case the chef needs more ingredients, tell them we have them.",104
pointless,adjective,B2,"You'll be allowed to start the project, but continuing it without the necessary materials would be pointless.",142
tract,noun,C1,The hikers may explore a new tract of wilderness this weekend.,96
magnificent,adjective,B1,The ancient castle was a magnificent sight on the hill.,122
discrimination,noun,B1,The team experienced discrimination from some fans.,115
doubt,verb,B2,The integrity of the evidence was often doubted by the defense team.,156
usual,adjective,A2,"She can cook our usual dinner, can't she?",89
complexion,noun,B2,Has her complexion improved since she started using that new cream?,158
sort,verb,B2,I need to sort out these documents before I can start writing the report.,167
tip,noun,A2,Who will give the waiter a big tip?,82
moody,adjective,B2,He will be able to handle the moody clients.,141
remorseless,adjective,C1,One remorseless hunter pursued many grateful prey.,28
captain,noun,A2,The captain may lead the team.,96
bat,verb,B1,He bat the ball with all his might.,128
pity,noun,A2,It's a pity that nobody is coming.,76
derive,verb,B1,He explained that he would derive great satisfaction from finishing the project.,174
legendary,adjective,B2,The old village storyteller was once described as having a legendary memory.,145
legislative,adjective,B2,The committee will have to consider the new legislative proposals.,140
philistine,noun,C2,The great work of art was misunderstood by the philistine.,156
semi-final,noun,B2,"Our team thought they had sung their last song in the competition, but they managed to reach the semi-final.",152
legislate,verb,B2,New laws are often legislated to address current societal issues.,144
fantastically,adverb,B2,Some of the new designs have been received fantastically by the public.,171
decrease,verb,B1,The rain decreased rapidly.,116
substantially,adverb,C1,He practices the piano substantially more often than he used to.,57
parade,noun,B2,The floats for the parade can be decorated for weeks.,147
exciting,adjective,A1,What exciting colour do you like?,54
only,adverb,A1,"What colour is this flower, and is it only red?",22
preacher,noun,C1,The congregation couldn't understand the preacher's sermon.,85
origin,noun,B1,She discovered that her family's origin was in a small village across the sea.,122
impressed,adjective,B2,I've never been so impressed with a concert performance.,161
up-to-date,adjective,B1,It's essential to keep your software up-to-date.,182
mean,noun,B2,He had never meant to cause so much trouble.,152
duty-free,adjective,B1,I bought a watch which was duty-free at the airport.,175
heap,verb,B2,She had heapt all the books on the floor.,152
boyfriend,noun,A1,Do you have a boyfriend?,50
conversely,adverb,B2,"He can play the piano now, but conversely, he used to struggle with simple melodies.",141
tumor/tumour,noun,B2,The doctor managed to remove the entire tumor without further complications.,169
passenger,noun,A2,What will the passenger do on the train?,81
kid,noun,A1,I haven't got a kid.,11
fatality,noun,C1,The inquiry continues investigating the single fatality at the construction site.,170
sprint,noun,B2,Did you see any impressive sprint from the athletes during the race?,172
generosity,noun,B2,"Her incredible generosity has touched many lives, hasn't it?",165
carrot,noun,A2,"This rabbit is not as fast as the other rabbit, but it does like a carrot.",110
separate,verb,B2,We should separate our recycling from the general waste.,150
original,noun,B2,The treasure map was thought to be the original.,156
theory,noun,B1,Did you hear about that new theory regarding the ancient ruins?,133
satellite,noun,B1,The scientist will set up the new satellite tomorrow.,180
apt,adjective,C1,We are being quite apt in our approach to this problem.,72
ant,noun,B1,I thought I saw an ant.,118
print,verb,A2,Must we print the document?,92
naughty,adjective,B2,"The puppy decided to chew the forbidden slipper, a rather naughty plan.",168
abnormally,adverb,B2,She felt abnormally cold even though the heating was on.,150
willing,adjective,B2,I'm willing to help you move the sofa.,160
exclusively,adverb,B2,This quiet park is exclusively used by local residents.,143
abandon,verb,B1,The old house was suddenly abandon by its owners.,117
first person,noun,B2,"If I had been told that I was speaking in the first person, I would have avoided using ""I"" so much.",139
gift,noun,A1,Where is the gift?,20
everlasting,adjective,B2,What kind of love can be described as everlasting?,163
unify,verb,B1,The past attempts to unify the country weren't successful.,134
elephantine,adjective,C2,The new refrigerator must have an elephantine size; it barely fits through the doorway.,177
stiffen,verb,C1,It isn't the fear that will stiffen your resolve.,3
athletics,noun,B2,Has the funding for school athletics been approved?,158
ruinous,adjective,B2,His repeated gambling losses became ruinous to their family finances.,150
muse,verb,B2,Has the artist often mused about using that color palette?,162
establish,verb,A2,What can they establish for the community?,87
worth,adjective,B1,The argument they dealt with wasn't worth the effort.,126
interlude,noun,C2,That argument was just a brief interlude in their long discussion.,157
pi,noun,B2,She intends to calculate pi to a million decimal places.,168
insight,noun,B1,She brought a new insight to the problem we thought was unsolvable.,118
fortunate,adjective,B1,We were fortunate to finish the work before the rain started.,115
ironing,noun,B1,She felt the ironing was done much quicker last night.,120
jaw,noun,B2,She kept biting her jaw imagining what he would say.,170
round,adverb,A2,The second person in the line walked round.,113
rent,verb,A2,"You're renting a flat, aren't you?",77
dangerous,adjective,A2,Who may go near the wild animals? - Nobody may go near the dangerous wild animals.,100
pluck,verb,B2,My guitar strings aren't plucked by anyone else.,157
film,noun,A2,I'm not watching a film now.,73
tip,verb,B2,The waiter was tipped generously because he was allowed to keep all of his earnings.,142
restaurant,noun,A1,What colour is the restaurant sign?,22
before,conjunction,A2,May I go to the toilet before the film starts?,98
outlive,verb,B2,I have never met anyone who believes they will outlive their own children.,161
misconception,noun,B2,Many people have the misconception that learning a new language is always difficult.,181
blight,verb,C2,The disease began to blight the crops.,148
wooden,adjective,A2,I am building a wooden birdhouse now.,70
back,adjective,A2,He played the song back.,111
exclusive,adjective,B1,She was an exclusive member of the club.,122
newly,adverb,B1,She didn't move into the newly painted house last week.,132
exploit,verb,B2,The company exploited the new technology to increase its profits.,155
calmly,adverb,B2,She must have handled the stressful situation calmly because she is so experienced.,177
pa,noun,B2,"He thought he had fought bravely, but his pa knew he could do better.",149
version,noun,B2,The new version had been much improved since the first one was released.,151
admittedly,adverb,B2,"Admittedly, the old clock had ticked for decades, but its chimes had finally slept.",150
tick,noun,B1,The clock's tick seemed to grow louder.,116
seventeen,number,A1,What colour is the number seventeen?,22
server,noun,B1,Who was the waiter? The server was.,137
say,verb,A1,I don't say hello to him.,49
reminisce,verb,C1,We often reminisce about our childhood summers spent at the beach.,148
had,have-verb,A1,He had my pen yesterday.,62
determined,adjective,B2,Is the success of the project determined by the team's dedication?,158
fixture,noun,C1,They haven't got a single bathroom fixture yet.,11
democratic,adjective,B1,The country that elected the new leader is a democratic nation.,175
exultant,adjective,B2,"She imagined herself exultant, finally achieving her lifelong ambition.",170
totally,adverb,B1,She totally enjoyed the concert last night.,114
curse,noun,A2,"When the weather is bad, it feels like a curse.",103
float,verb,B1,The rubber duck float in the bathtub.,116
upset,verb,B2,Has anything upset you today?,172
lance,noun,B2,"The knight's lance must have been broken in the joust, as he’s now wielding a sword.",177
slack,adjective,C1,Are there any slack periods in your schedule for us to meet?,41
extra,adjective,A2,What extra snacks will we buy for the party?,81
privilege,noun,B2,We aim to extend the privilege of education to all children in the region.,168
punctual,adjective,B2,Students are expected to be punctual for all their classes.,156
roommate,noun,B2,My roommate must be informed about the rent payment.,147
detrimentally,adverb,C1,Could that decision have detrimentally affected our team's morale?,86
evoke,verb,C1,The scent of pine needles in the forest readily evokes memories of childhood Christmases.,159
modem,noun,B1,My old computer had a built-in modem.,123
needless,adjective,B2,"You've experienced this kind of situation before, haven't you, making this discussion needless?",165
musician,noun,A1,What is it? - It's a musician.,8
beat,verb,B1,My grandfather used to beat the rug outside every Saturday.,178
monotonously,adverb,C1,I won't be repeating that performance monotonously.,79
dissemination,noun,C2,The organization had the dissemination of important research findings carefully managed.,181
fade,verb,B1,The bright colors of the old photograph began to fade.,127
limp,verb,B1,Where did he limp yesterday?,135
uninspiring,adjective,C1,"The band's performance, though technically proficient, ultimately rang hollow and felt uninspiring.",124
male,adjective,B1,The male cat didn't eat his food this morning.,132
next,determiner,A2,We are watching the next episode tonight.,72
animate,verb,B2,Have you ever seen a film that manages to animate characters so realistically?,162
belongings,noun,B2,Where are my forgotten belongings usually kept?,159
advert,noun,B1,I saw an advert for a new phone.,116
provisions,noun,C1,The untouched provisions were left as stipulated.,143
object,verb,B2,The proposal was repeatedly objected to by several members.,166
apply,verb,A2,Can I apply for the job?,86
ceaseless,adjective,C1,Is the ceaseless chatter of the cafe starting to distract you?,74
between,preposition,A1,He doesn't see a difference between red and blue.,58
yawn,verb,B2,He had yawned so much that his jaw was sore.,154
conquer,verb,B1,The small army fought bravely and finally conquered the fortified city.,118
disguise,verb,B2,What did they do to disguise the evidence?,163
baker,noun,B1,The baker didn't make that cake this morning.,132
axis,noun,B2,The company had its financial projections realigned along a new strategic axis.,181
bequeath,verb,C1,Will your grandfather bequeath you the family estate?,4
confess,verb,B2,Did anyone ever confess to stealing your biscuits?,172
tired,adjective,A1,Do you feel tired in the morning?,50
mingle,verb,C1,I wish I could have mingled more at the conference to expand my professional network.,179
curator,noun,C2,The exhibition was organized by the museum's new curator.,145
transmit,verb,B2,The company had their new security system transmit data wirelessly.,181
off,adverb,A2,He turned the music off.,111
adviser/advisor,noun,B1,My school adviser helped me choose my courses.,114
pretend,adjective,B2,They will pretend to be interested in the project.,167
prescribe,verb,B2,Doctors often prescribe rest for patients with the flu.,159
exact,adjective,B1,She remembered the exact words he had said.,119
villa,noun,B2,We dreamt of owning a beautiful villa by the sea.,153
favor/favour,noun,A2,This is my biggest favour.,106
ferocious,adjective,C1,I am wrestling with this ferocious problem.,70
plague,verb,C1,A few persistent rumours continue to plague the company.,25
awe,verb,C1,The majestic mountain range was awe-inspiringly vast.,166
prophetic,adjective,C1,The analyst claimed that his early warnings about the market downturn had been surprisingly prophetic.,174
penalty,noun,B2,The athlete was given a penalty for failing to follow the instructions.,151
refuse,verb,B1,"Yesterday, I refused to go out because it was raining.",126
ensure,verb,B1,She checked the tickets to ensure we could travel.,115
wrench,verb,C1,The unexpected news definitely wrenched my plans off course.,126
conjure,verb,C1,"As a child, I would conjure elaborate imaginary worlds in my bedroom.",123
tighten,verb,B1,He tightened his grip on the rope.,124
amazement,noun,B2,The sheer size of the ancient ruins filled the explorers with amazement.,143
teammate,noun,B1,My teammate helped me finish the project.,129
teem,verb,C2,The forest seems to teem with life.,168
nail,noun,B1,She bought a nail to fix the fence.,118
chauffer,verb,C1,"The delegates arrived at the conference center, chauffered by a team of highly discreet drivers.",143
knowingly,adverb,B2,"You've knowingly caused trouble before, haven't you?",165
quote,verb,B2,The price was immediately quoted.,166
gesture,noun,B1,Did she make a friendly gesture?,133
spend,verb,A1,He doesn't spend much time at home.,58
frightened,adjective,A2,The little cat looked frightenedly at the dog.,111
demonstrate,verb,B1,What did the scientist demonstrate in the lab last week?,135
destroy,verb,A2,"If the fire spreads, it will destroy the whole forest.",102
workplace,noun,B1,She was happier at her old workplace.,122
spill,verb,A2,"When the milk is hot, be careful not to spill it.",103
mud,noun,B1,The children played in the mud all afternoon.,121
costume,noun,B2,Some people wore fantastic costumes to the party.,171
chisel,verb,C1,Are there any ancient artefacts on display that were meticulously chisel-worked by skilled artisans?,41
switch,verb,B1,I'm going to switch to a different topic which we haven't discussed yet.,175
unfashionable,adjective,B2,Some of her early designs are now considered unfashionable.,171
bulky,adjective,C1,"When you need to transport that bulky furniture, you'll definitely need a van.",103
provocation,noun,C2,They chose not to respond to the obvious provocation.,167
ego,noun,C1,His immense ego isn't as easily bruised as some people's might be.,110
aisle,noun,A2,"He will walk down the aisle, won't he?",83
criticize/criticise,verb,A2,Must we criticize him for that?,92
verse,noun,B2,The poet often felt inspired by a poignant verse.,150
tread,noun,C1,There are no more treads on the worn tyres.,40
warmly,adverb,B1,"They welcomed us warmly, didn't they?",138
anything,pronoun,A1,I don't have anything.,32
feverishly,adverb,B1,She feverishly wrote down her ideas before she forgot them.,120
astray,adverb,C1,Let us not let the evidence lead us astray.,47
innovator,noun,B1,My uncle was a true innovator; he would invent new gadgets for the farm every year.,178
overturn,verb,B2,The committee will have to overturn their previous decision.,140
pleasing,adjective,A2,We must find a pleasing solution.,90
kilo,noun,A2,He carried a heavy kilo of potatoes.,111
common,adjective,A2,You may not share that common information.,97
class,noun,A1,What do you do in class?,51
fragmentation,noun,C1,The economic crisis led to a significant fragmentation of the national market.,111
snowball,noun,B2,We threw a snowball.,152
enduringly,adverb,C2,Your story will be enduringly remembered by the people who read it.,146
protection,noun,B1,We need to put up some protection against the rain.,180
salsa,noun,B2,She must have made a lot of salsa; the kitchen is full of tomatoes.,177
further,adverb,B1,She sang further into the night.,124
phenomenal,adjective,C1,Where do you go for inspiration? I find the natural world's resilience absolutely phenomenal.,52
stride,verb,B2,What sort of progress have you made on the new research? - I'm beginning to stride towards a breakthrough.,163
assurance,noun,B2,Was the necessary assurance provided beforehand?,158
laziness,noun,A2,He was the first one to complain about the laziness of the team.,113
haunting,adjective,B2,The **haunting** melody of the old song kept playing in her mind.,150
inchoately,adverb,C2,"The child mumbled inchoately, as if the words had just begun to form.",152
friendliness,noun,B1,The friendliness was appreciated.,137
buffoonery,noun,C2,Have you ever witnessed such buffoonery at a party?,162
alike,adverb,B1,We would often think of the same ideas alike.,178
herself,pronoun,A2,Can she cook dinner herself?,86
specialty,noun,B2,Have you tried their dessert specialty?,162
believe,verb,A1,I believe one dog is happy.,24
resounding,adjective,C2,"We have had a resounding success with this project, haven't we?",165
reason,noun,A1,Where does he go for a reason?,61
specialize/specialise,verb,B1,She specialized in painting portraits.,117
diffuse,adjective,C2,The smell of the perfume was diffuse.,144
tidy,verb,A2,"You must tidy your desk, mustn't you?",95
continuously,adverb,B1,She continuously thought about the good idea she had bought.,118
timid,adjective,C1,The timid kitten has been found curled up in the basket.,166
reduction,noun,B1,The factory saw a reduction in output last quarter.,117
nocturnal,adjective,C1,What were the common nocturnal animals found in the Amazon rainforest centuries ago?,135
participation,noun,B2,His enthusiastic participation in the project had been recognized by everyone.,151
inquire/enquire,verb,B2,My colleague has inquired about the meeting's agenda.,164
vocational,adjective,C2,The vocational training wasn't offered last year.,157
underground,adverb,B2,I wish he hadn't been carrying that heavy equipment underground.,179
unpleasant,adjective,A2,Is that an unpleasant smell I notice?,74
batter,verb,C1,Who can batter down the door?,88
breakable,adjective,B2,There were no breakable items left on the shelf.,173
condition,verb,C1,We are conditioning the air for the exhibition.,72
possible,adjective,A2,This is absolutely possible.,112
hand-held,adjective,B1,He likes to take photos with his hand-held camera.,180
immoral,adjective,B2,I have never witnessed such an immoral act.,161
examine,verb,B1,He used to examine his stamp collection for hours.,178
notice,verb,B1,She noticed him watching her.,136
pop,verb,B2,The cork will pop when the bottle is opened.,146
noticeboard,noun,B1,She mentioned that there was a new poster on the noticeboard.,174
orange,adjective,A1,Let me wear the orange shirt.,47
remonstrance,noun,C2,"You have made your remonstrance about the late delivery, haven't you?",165
inflate,verb,B2,There was no way to inflate the balloon without a pump.,173
additionally,adverb,B2,"The car should be serviced regularly, and additionally, its tires must be checked for wear.",147
diphtheria,noun,B2,Vaccination programs have significantly reduced the incidence of diphtheria.,143
focus,noun,B2,The camera's focus was broken during the accident.,154
mist,noun,B2,There was no mist on the windows this morning.,173
cay,noun,C2,My uncle visited the cay last week.,164
paternalistic,adjective,C1,The company's new management will likely adopt a paternalistic approach to employee benefits.,78
microscopic,adjective,B2,Have you seen any microscopic organisms in the pond water?,172
nuisance,noun,B2,The constant noise from the construction site has become a real nuisance.,164
individual,noun,B2,Have you spoken to that individual about the project?,162
semester,noun,A2,I may not finish all my homework this semester.,97
each,pronoun,A1,"In each house, there is a small garden.",35
frustrated,adjective,B1,She felt frustrated after the difficult exam.,119
of,preposition,A1,This is a picture of a house.,5
consignment,noun,C2,My uncle sold his old car on consignment.,164
bestow,verb,B2,The committee had an award bestowed upon the most deserving candidate.,181
plain,adjective,B1,I used to prefer plain tea before I discovered Earl Grey.,178
worker,noun,A1,Whose tools does the worker use?,55
sympathize/sympathise,verb,B2,"You've been through a difficult time, haven't you? I truly sympathize.",165
regulatory,adjective,C2,The new regulatory changes weren't expected.,157
dancing,noun,A1,He doesn't enjoy dancing.,58
ungodly,adjective,B2,"What time is it? - It's an ungodly hour, that's what it is.",163
house,verb,C1,He houses the homeless for the winter.,66
chapter,noun,A2,"You can read the next chapter, can't you?",89
technical,adjective,B2,These reports are often compiled with considerable technical skill.,156
encourage,verb,A2,I may not encourage them.,97
stuffiness,noun,C1,I wish I hadn't been so bothered by the stuffiness in the meeting room yesterday.,179
demystification,noun,C2,The demystification of complex scientific concepts happens through clear explanations.,159
geographical,adjective,B1,The explorers studied the geographical features of the new island.,114
telecommunications,noun,B1,She explained that the company was investing heavily in new telecommunications technology.,174
naively,adverb,C1,She naively believed that the journey would be simple.,131
explanation,noun,A2,I'm waiting for his explanation.,70
sleeve,noun,B1,I used to keep a lucky coin in my sleeve.,123
revealing,adjective,C1,She was revealing about her past travels when she showed us her worn passport.,122
mission,noun,B1,Who was on the dangerous mission?,137
eruption,noun,B2,The small village was evacuated after the volcano's sudden eruption.,145
resolution,noun,B2,Did you find any simple resolution to the problem?,172
inherit,verb,B2,"You've inherited this old watch from your grandfather, haven't you?",165
minutiae,noun,C1,Is he concerned with the minutiae of the contract?,7
unclear,adjective,B1,The reason for his absence yesterday was unclear.,123
somersault,noun,C1,One breathtaking somersault - a dozen clumsy somersaults.,28
crude,adjective,C1,"The engineer's initial plan, though crude, laid the foundation for a revolutionary invention.",121
commercial,noun,B2,The actor's latest commercial cost a fortune.,148
pulse,noun,B2,The doctor felt a strong pulse in the patient's wrist.,148
testify,verb,B2,Witnesses will testify to the truth of his account.,155
lighter,noun,B1,He brought a lighter for the campfire.,127
bribe,noun,C1,"When she offered him a bribe, he immediately refused.",103
additive,noun,C2,The food can't have been all natural; it must have contained some kind of additive.,177
forth,adverb,B1,The explorer went forth into the unknown jungle.,122
aside,adverb,B1,He dreamt aside and thought about his future.,126
oversize,adjective,B2,My bicycle helmet felt a bit oversize for my head.,159
mass,adjective,B1,The crowd spoke of a mass uprising.,128
wax,noun,B1,The candle's wax dripped slowly.,130
sniff,verb,B2,The evidence can be sniffed out by the trained dog.,147
furious,adjective,B2,He was furious to realize he wasn't able to catch the last train.,141
scarcely,adverb,B2,Has the news scarcely begun to spread?,158
fundamental,adjective,B2,She has never experienced such a fundamental shift in her perspective.,161
gamely,adverb,C1,"If he hadn't been so exhausted, he would have gamely volunteered for the extra shift.",176
norms,noun,C1,Many cultural norms surrounding politeness are surprisingly similar across diverse societies.,32
question,verb,B2,She started questioning her own assumptions about the situation.,170
ecosystem,noun,B1,The scientist studied how the forest ecosystem had changed over many years.,122
sandy,adjective,A2,Where will we walk tomorrow? We'll walk along the sandy beach.,81
mix,noun,B2,"After they had mixed, the flavors became surprisingly delicious.",155
form,noun,A1,She gives him the form.,46
structurally,adverb,C1,Have you considered how the new policy might structurally affect the organization's long-term goals?,162
skiing,noun,A2,The first time I tried skiing was last winter.,113
occupant,noun,C1,The sole occupant of the secluded cabin was a solitary man.,1
coax,verb,C2,She coaxed the shy dog to come closer.,152
downtown,adverb,A2,The shops downtown are the busiest on Saturdays.,106
sure,adjective,A1,The book is sure on the shelf.,35
meditate,verb,B1,I wasn't able to meditate this morning.,134
inclusively,adverb,C1,The new policy may now inclusively accommodate employees from all departments.,96
outdo,verb,B2,She always tries to outdo her rivals in the competition.,168
quarantine,noun,B2,The ship was kept in quarantine until all signs of illness were gone.,149
inexperienced,adjective,B2,The inexperienced intern dealt with the customer's complaint patiently.,153
parliament,noun,B2,The government will have to present its new proposal to parliament next week.,140
complaint,noun,A2,Must I make a complaint about this?,92
barrier,noun,B2,The old stone wall acted as a physical barrier to the invading army.,155
tactical,adjective,C2,The company felt its new marketing approach was a tactical success.,150
nutrient,noun,B1,My dog felt sick after eating food with too little nutrient.,120
request,noun,A2,"When I get the request, I will send you the information.",103
tomb,noun,B2,The ancient tomb has finally been excavated.,166
glorify,verb,B2,"Some people might seek to glorify past achievements, rather than focus on current challenges.",149
branch,verb,B1,The company branched into new markets last year.,119
veneration,noun,C1,I hold a deep veneration for the ancient traditions of my ancestors.,68
personification,noun,B2,I have never encountered such vivid personification in a poem before.,161
exquisite,adjective,B2,They had the exquisite wedding cake designed by a renowned local baker.,181
alienate,verb,C1,Their refusal to acknowledge his heritage did not alienate him from his community.,3
hairy,adjective,B2,We're trying to avoid the hairy situation with the neighbours.,168
scratch,noun,B1,She had a small scratch on her hand from when she was a child.,122
anchor,verb,C1,The strong current anchored the ship firmly in place.,155
noisily,adverb,B1,The children played noisily in the garden.,127
cut,verb,A1,What do you cut with scissors?,51
competition,noun,A2,Is the company entering a new competition?,74
objection,noun,B1,He didn't raise any objection to our plan.,180
amply,adverb,C1,This historical artifact should be amply protected from further damage.,147
icon,noun,B2,The famous singer was considered a fashion icon.,152
confuse,verb,A2,He is confusing the students with his difficult questions.,71
pill,noun,A2,This is the worst pill I've ever tasted.,108
harassment,noun,C1,"Twenty cases of workplace harassment were reported last quarter, a significant increase from the nineteen cases the quarter before.",27
collaborative,adjective,C1,"If the team had fostered a more collaborative environment, they would have overcome the project's challenges more efficiently.",176
step,noun,A2,This is a good first step.,112
aghast,adjective,C2,I am aghast at the damage done to the garden.,160
prop,verb,C1,Is this a thin pole to prop up the plant?,7
brown,adjective,A1,I wear brown shoes every day.,45
amazing,adjective,B1,Did you try that amazing cake?,133
motivated,adjective,B2,Some of the students seemed highly motivated by the upcoming competition.,171
reinforce,verb,B2,They reinforced the old wall with new bricks.,152
steadily,adverb,B1,He was steadily improving his swimming skills.,122
job,noun,A1,This isn't a good job.,6
dictionary,noun,A1,I have little dictionary.,33
capability,noun,B2,We are testing the capability of the new software.,148
possessor,noun,C1,The former owner was discovered to be the rightful possessor of the ancient artifact.,150
wry,adjective,C1,Is that a wry smile you're giving me?,4
salmon,noun,B1,That wasn't the wild salmon I was hoping for.,134
board,verb,B1,She boarded the train at the last station.,122
high school,noun,A2,I won't go to high school again.,79
wholly,adverb,C2,There was wholly no reason for her to feel upset.,173
needy,adjective,B2,These children's clothes were donated to a needy family.,156
wrangle,verb,C1,We had to wrangle a few stubborn sheep into the pen.,32
newborn,adjective,B1,The puppy's mother brought her newborn litter to the vet.,124
on,adverb,A2,You mustn't turn on the light.,91
genuinely,adverb,B2,Some people genuinely enjoy waking up early.,171
bestseller,noun,B2,That book must be a bestseller – it's sold out everywhere I look.,177
blackboard,noun,A2,"When the teacher writes on the blackboard, we will copy the words.",103
enterprising,adjective,C1,"She's quite enterprising, isn't she?",95
judge,verb,A1,We must not judge all men the same.,30
cherished,adjective,B2,Your cherished memories will be preserved in the digital archive.,146
refusal,noun,B1,Their refusal surprised everyone.,127
imperative,adjective,C1,The imperative change in policy was widely discussed.,143
perch,verb,C2,"The cat must be somewhere around here, it often likes to perch on that high shelf.",177
disabled,adjective,B1,The ramp disabled their progress.,129
abhorrently,adverb,C2,I have never encountered such an abhorrently rude person before.,161
budget,noun,A2,You mustn't go over the budget.,91
whose,pronoun,A1,Tell me whose is this book.,43
cooker,noun,A2,Must you use the gas cooker?,92
manage,verb,A2,You may manage to finish the project on time.,96
vinegar,noun,B2,There was no vinegar left for the salad dressing.,173
idea,noun,A1,Whose good idea is this?,64
quit,verb,A2,When may I quit my job?,99
bottle,noun,A1,This is a water bottle.,5
killer,noun,A2,The fifth person to be arrested was the killer.,113
synthetic,adjective,C1,That wasn't a synthetic fabric; it was genuine silk.,134
restoration,noun,C1,The meticulous restoration of the ancient manuscript is what must be undertaken with utmost care.,93
fat,adjective,A1,There are fat cats in the house.,39
watch,verb,A1,What have you got to watch?,13
juice,noun,A1,Don't drink the juice.,44
consensus,noun,B2,The team had the final strategy approved by consensus.,181
physician,noun,B2,She decided to consult a physician about her persistent cough.,168
until,conjunction,B1,She waited until her brother arrived home.,136
locate,verb,B1,Where did they try to locate the hidden treasure?,135
transformation,noun,B1,The caterpillar's transformation took many weeks.,131
countryside,noun,A2,"We must visit the countryside, mustn't we?",95
comet,noun,B1,A bright comet flew across the night sky.,130
phrasal verb,noun,B1,I was confused by that phrasal verb in the book.,123
predicate,verb,B2,The lecturer **predicated** his entire argument on the assumption of universal human rationality.,149
grateful,adjective,A2,I'm not feeling grateful now.,73
alternative,adjective,B1,"You didn't consider the alternative plan, did you?",138
symphony,noun,A2,"After the orchestra finishes the symphony, we will applaud.",105
hood,noun,B2,The car engine is hidden under the hood.,159
liquid,adjective,B1,He is pouring the liquid into a glass now.,71
amongst,preposition,B2,Was there any notable artwork amongst the entries for the competition?,172
motion,noun,B2,The ball's sudden motion startled the cat.,148
flunk,verb,B1,I'm afraid she will flunk her exam.,115
struggle,verb,B2,What do you struggle with in your new job?,163
disc jockey/disk jockey,noun,B1,Did you hear the disc jockey play that song earlier?,133
idiom,noun,B1,I didn't understand that idiom.,132
flatout,adverb,C2,He flatout refused to reconsider his decision.,153
weekly,adjective,A2,They won't have their weekly meeting tomorrow.,79
intense,adjective,B1,Did you feel that intense heat yesterday?,133
disturb,verb,A2,The loud music will disturb us more than the traffic.,108
immediately,adverb,B1,She felt unwell and immediately went to bed.,120
ghost,noun,A1,The ghost scares me.,46
midst,noun,B2,He was found in the midst of the chaotic crowd.,151
timetable,noun,A2,Who will follow the new timetable?,82
canal,noun,B1,He felt tired after rowing along the canal.,120
used to,modal auxiliary,B1,They used to play football in the park every weekend.,119
destination,noun,B1,We sang our favourite songs on the way to our final destination.,124
gook,noun,B2,Is there any gook left in the drainpipe?,172
metalled,adjective,C2,The path wasn't metalled.,157
perhaps,adverb,A2,This car is perhaps more expensive than the red one.,109
range,noun,A2,Who may explore this wide range of options?,100
belong,verb,A2,Who may I belong with?,100
shortlist,noun,C1,What were the main criteria used to create the shortlist of candidates for the prestigious award?,135
accordingly,adverb,B2,"I haven't traveled to Japan yet, and I plan my trips accordingly.",161
bake,verb,A2,"She's baking a cake, isn't she?",77
prance,noun,B2,The unicorn was allowed a graceful prance around the meadow.,142
worse,adverb,A2,"My headache is getting worse, isn't it?",77
prime minister,noun,B2,The president had the prime minister’s speech translated into several languages.,181
green,adjective,A1,Are there any green apples in the bag?,41
mostly,adverb,A2,"Who must bring the snacks? - The children must, mostly.",94
republic,noun,B1,The president of the republic who was elected last year is very popular.,175
customer,noun,A2,This new shop has a more loyal customer than the old one.,107
hack,verb,C1,Whose password did the hacker manage to hack?,21
hurt,adjective,B1,My ankle hurt after I fell.,129
wordsmith,noun,C2,He had always been a true wordsmith.,151
impoverished,adjective,C1,"In case the region remains impoverished, international aid will likely be necessary for sustained recovery.",104
impressive,adjective,B1,The concert hall's architecture was impressive.,131
location,noun,B1,We searched for the best location.,131
cemetery,noun,B2,They had the old cemetery cleaned up by volunteers before the town festival.,181
bewilder,verb,B2,Have the sudden changes in the weather ever bewildered you?,162
color/colour,verb,A1,What is it? - It colors.,8
speculate,verb,C1,"If the market continues to fluctuate wildly, investors will speculate on further volatility.",102
school,noun,A1,Whose pencils does the student use at school?,62
till,noun,C1,She cleared the old till of its remaining coins before closing up shop.,119
obey,verb,B2,The dog has just learned to obey commands.,160
bookmark,verb,B2,I intend to bookmark this article to read later.,167
fusion,noun,C1,The orchestra's remarkable fusion of classical and jazz elements captivated the audience.,125
indignant,adjective,C2,What's your reaction to the unfair treatment? - I was indignant.,163
link,verb,B1,"Yesterday, the journalist tried to link the two events.",117
herd,noun,B1,The shepherd saw the large herd of sheep yesterday.,130
progressive,adjective,A2,The teacher must use a progressive approach.,94
batch,noun,A2,My mother is baking a new batch of cookies.,76
event,noun,A1,I am at the event.,68
those,pronoun,A1,"Are there any flowers there? - Yes, those are.",41
inhale,verb,B1,He inhaled deeply before diving into the cold water.,116
task,noun,A2,"When I finish this task, I will have some tea.",103
prom,noun,B2,My sister's prom dress was beautifully designed.,145
ground,noun,A1,Is this the right ground?,7
national,adjective,A2,The athletes must wear their national colours.,94
hunter,noun,A2,The hunter isn't waiting in the forest now.,73
solo,adjective,B2,That new artist might have been working on a solo project for months.,177
vomit,noun,B2,I've never had to deal with a large amount of vomit before.,161
embarrassing,adjective,A2,"If I forget my lines, it will be very embarrassing.",102
exile,noun,B2,The refugees had to endure a long exile.,140
regular,adjective,A2,My regular car is more reliable than my new sports car.,109
fast,adjective,A1,What colour is the fast car?,22
handbag,noun,A2,This red handbag is the best one I own.,108
win,verb,A1,Whose game does he win?,62
successful,adjective,A1,What do you think is successful?,51
tune,verb,C1,Have you managed to tune the guitar for the performance yet?,162
rhyme,verb,B2,"The songwriter considered rhyming ""sunshine"" with ""divine.",169
walker,noun,B2,She enjoys watching the elderly walker navigate the park.,170
destiny,noun,B2,He feels he will be allowed to fulfill his destiny.,142
since,preposition,A2,May I borrow your umbrella since it's raining?,98
spokeswoman,noun,B2,The company spokeswoman felt concerned about the recent negative press.,150
door,noun,A1,Let me open the door.,47
suspicious,adjective,B2,"He's allowed to borrow the car, but his behavior has been a little suspicious.",142
amuse,verb,B2,Were you amused by the comedian's jokes?,158
derision,noun,C2,His ridiculous suggestions were met with open derision.,150
curate,verb,C2,The exhibition was expertly curated by the museum director.,145
spoil,verb,B1,The strong sun spoiled our picnic on Saturday.,115
outlet,noun,B2,Has the newspaper been distributed to every news outlet?,158
upload,verb,B1,I dreamt I could upload my thoughts directly to the cloud.,126
obsessive,adjective,B2,Her **obsessive** checking of the lock had been spoken of by her neighbours.,154
solar,adjective,B2,The company will be allowed to install solar panels on the roof.,142
estimate,noun,B2,The final estimate has just been approved.,166
book,noun,A1,This is a book. The book is red.,16
laser,noun,B2,The barcode has been scanned by a laser.,166
pass,verb,A2,Who will pass the ball to the goalkeeper?,82
tactically,adverb,C2,"You've planned that move tactically, haven't you?",165
skylark,noun,B2,She began to skylark around the garden.,168
disciple,noun,B2,The old master's teachings were not fully understood by every disciple.,157
deprecatingly,adverb,C2,They were deprecatingly allowed to enter the staff-only area.,142
swimming,noun,A1,There isn't a swimming pool here.,37
odd,adjective,B2,She had been feeling a bit odd since the unexpected news.,151
none,pronoun,B1,None of them were students there last year.,134
resound,verb,C2,The victory of the home team did not resound throughout the entire stadium.,157
manufacturing,noun,B2,The local economy has recently seen a significant increase in manufacturing.,144
dubiously,adverb,C2,He dubiously bought a strange present for his friend.,149
collapse,verb,B2,The bridge must have collapsed under the extreme weight of the truck.,177
agreeable,adjective,C1,We will be able to reach an agreeable solution if we collaborate effectively.,141
athletic,adjective,B1,"My brother, who is very athletic, trains for marathons every year.",175
right-hand,adjective,A2,This chair is not as comfortable as the right-hand one.,110
stone,noun,A1,I see a big stone.,52
gem,noun,C1,"This small antique shop is a real gem, isn't it?",165
shell,noun,A2,"The snail moved slowly, withdrawing into its shell.",111
unwilling,adjective,B2,The package will be left outside if you are unwilling to open the door.,146
bogus,adjective,C2,That story about the hidden treasure sounds bogus.,159
laughter,noun,B1,The sound of laughter filled the room.,115
thirst,noun,B2,I sometimes admit feeling a deep thirst for knowledge.,169
place,noun,A1,Who is at this place?,9
really,adverb,A1,One apple is really good.,24
salivary,adjective,C2,She enjoys observing the salivary glands of different animals.,170
funny,adjective,A1,Has the cat got a funny toy?,17
fence,noun,A2,"You can fix the broken fence, can't you?",89
prayer,noun,B1,He would often end his day with a quiet prayer.,178
evacuation,noun,B2,The government had meant to start the evacuation much earlier.,153
precision,noun,C1,"The experienced surgeon operated with remarkable precision, having practiced the intricate movements countless times.",152
shipping,noun,B2,The shipping containers were rung as they arrived at the port.,152
twinkle,noun,B2,Is that twinkle in her eye always there?,158
demand,verb,B1,What did the hungry people demand at the market yesterday?,135
desirable,adjective,B2,She must have applied for the job; her resume looks very desirable.,177
valid,adjective,B2,"Your point of view is valid, and it will remain so as you gain more experience.",141
nationalist,noun,B1,The nationalist felt proud of his country's history.,120
bookstore,noun,A1,Let's go to the bookstore.,47
refer,verb,A2,We are referring to the document on your desk.,72
colloquially,adverb,C2,"He might have forgotten the keys, colloquially speaking, or maybe he's just playing a prank.",177
caller,noun,B1,The caller dreamt of a quieter phone line.,126
expert,noun,A2,Is he an expert in that subject?,74
horizon,noun,B1,"We saw the sun disappear below the horizon, didn't we?",138
inducement,noun,C2,Was the bribe offered as an inducement?,158
booklet,noun,B2,"You've read the conference booklet before, haven't you?",165
stylish,adjective,B1,She dreamt of a stylish dress for the party.,126
triumph,noun,B1,The victory that felt like a triumph came after many difficult challenges.,175
momentarily,adverb,B2,"I wish I hadn't been so tired, or I could have enjoyed the concert a little longer before momentarily dozing off.",179
paid,adjective,B1,She was a paid consultant for the project.,122
saucepan,noun,B1,She kept the saucepan on the stove.,120
social,adjective,A1,How many social media accounts do you have?,56
grumble,verb,C1,The old man grumbled about the poor service.,131
manual,adjective,B2,I appreciate learning through a manual explanation.,170
callously,adverb,C2,Have you ever seen someone callously ignore a plea for help?,162
balance,verb,B2,Have you managed to balance your work and personal life recently?,162
relaxation,noun,B2,"After a long week, the spa offered much-needed relaxation.",148
need,verb,A2,I need warmer clothes for this colder weather.,106
extant,adjective,C2,He admitted destroying the extant manuscript.,169
hypnotherapy,noun,C2,He is having hypnotherapy for his anxiety.,181
polio,noun,B2,The organization has just eradicated polio from the continent.,160
lorry,noun,B1,The driver felt tired after he slept in the lorry.,120
refrigerator,noun,A2,Can you open the refrigerator door?,86
slave,noun,A2,What was life like for a slave then?,75
dial,noun,B1,He turned the dial slowly last night.,119
whereas,conjunction,B2,"What have you enjoyed most about travelling, whereas I prefer staying home?",163
lobby,noun,B2,The hotel lobby's elegant design created a welcoming atmosphere.,143
alone,adjective,A2,He isn't playing alone.,73
designer,noun,B1,She bought a beautiful dress from the new designer.,118
absorb,verb,B1,The sponge absorbed all the spilled water.,129
humane,adjective,B2,The company adopted humane practices that boosted morale.,148
decision,noun,B1,What kind of important decision did she make last year?,135
icy,adjective,B2,The path was made icy by the overnight frost.,145
especially,adverb,A2,"Are you studying English, especially for the test?",74
grin,noun,B2,He gave a wide grin after he'd sung the last note.,152
liaise,verb,C2,"You have liaised with the other department, haven't you?",165
jeweler/jeweller,noun,B2,"You've spoken with the jeweler about the ring before, haven't you?",165
property,noun,B1,"That is the old house that has been in his family for generations, a valuable property.",175
scavenger,noun,C2,"I wish I were a scavenger, able to find treasures others throw away.",179
aged,adjective,A2,Who is drinking the aged wine?,76
characterize/characterise,verb,B1,His shyness used to characterize him.,123
defender,noun,B1,The defender didn't score a goal in the final match.,132
malfunction,verb,C1,The advanced navigation system is now being regularly checked because it was reported to malfunction last week.,144
soup,noun,A1,He doesn't eat soup.,58
swollen,adjective,B1,My ankle felt swollen after I twisted it.,120
butcher,verb,B2,Have you ever butchered a chicken before?,162
rhetorically,adverb,C2,He asked rhetorically if anyone had seen the lost keys.,150
undertake,verb,B2,We will undertake a thorough review of the project's findings.,149
sale,noun,A1,What has he got? - He's got a sale.,18
hate,verb,A2,I may not hate your idea.,97
must,modal auxiliary,A1,Where must we go?,52
amplification,noun,C1,Let's not pursue further amplification of those rumors.,48
ecologist,noun,B2,The ecologist's findings shaped the conservation strategy.,143
jungle,noun,B1,Where did the explorers get lost in the dense jungle?,135
seedling,noun,C1,I often check on the tiny seedling to see if it needs watering.,45
glorious,adjective,B1,Yesterday the sun shone with a glorious warmth.,131
compromise,noun,B1,This deal needed a compromise from both sides.,127
hall,noun,A1,How many chairs are in the hall?,31
dawn,noun,B2,"If the sun had risen by dawn, we would have already started our journey, but it's still dark, so we'll wait a little longer.",139
histrionically,adverb,C2,What had she been talking about histrionically?,163
oil,noun,A2,They can use the olive oil for cooking.,84
narrative,adjective,B1,She grew up with a strong narrative sense of her family's history.,130
malicious,adjective,C2,He dreamt of a malicious plot.,153
ferociously,adverb,C1,We've got a guard dog that barks ferociously at strangers.,10
motorist,noun,B2,The speeding motorist was given a warning by the police.,145
topography,noun,C2,The map's topography has been studied for years.,148
appreciative,adjective,B2,He was very appreciative when his friends got his old bike fixed for his birthday.,181
roundabout,noun,A2,That new roundabout is much busier than the old one.,109
humanist,noun,B2,"The young academic had always been a humanist, and her writings reflected a deep concern for human welfare.",152
intruder,noun,B2,The perimeter alarm was triggered by an intruder.,166
object,noun,B1,The child picked up a strange object.,117
jacket,noun,A1,one jacket - four jackets,28
cure,verb,B2,The researchers can't have found a cure yet – the disease is still spreading.,177
disgrace,noun,B2,His repeated lying brought disgrace upon his family.,155
incongruously,adverb,C2,He was incongruously able to lift the heavy box with a smile.,141
belly,noun,A2,I must rub my belly when I'm full.,90
stand,verb,A2,You may not stand here.,97
sixteen,number,A1,Don't eat sixteen apples!,44
chip,noun,B2,The paint might be chipped by the next renovation.,147
pine,noun,B2,Do you have any pine trees in your garden?,172
simplification,noun,B2,The plan must involve some simplification of the current process.,177
rain,verb,A1,"It rains a lot in April, doesn't it?",65
progress,verb,B2,Your research is always progressed by new discoveries.,156
dustbin,noun,B1,This is the street where the big blue dustbin always overflows.,175
response,noun,A2,I cannot give a quick response.,85
mysterious,adjective,A2,"The package must be from that mysterious sender, mustn't it?",95
gauche,adjective,C2,"He can be a little gauche at parties sometimes, can't he?",165
imprison,verb,B2,The king had imprison his rivals for years.,151
bird,noun,A1,Who is it? That's a bird.,9
anticipation,noun,B2,There was no anticipation for the concert after the band cancelled.,173
honestly,adverb,B1,"Honestly, I didn't see you at the party.",132
nasty,adjective,B1,I'll clean up this nasty mess later.,180
subway,noun,A1,What colour is the subway?,22
unpack,verb,B1,"After the long trip, she slowly unpacked her suitcase.",130
advance,noun,B2,We will make an advance on the enemy's position.,152
deaf,adjective,B1,The music was so loud that the neighbours were deafened.,115
disappearance,noun,B2,"If the rare artifact hadn't vanished, its disappearance wouldn't be a mystery today.",139
ruin,verb,A2,What can the bad weather do to our picnic? It can ruin it.,87
offense/offence,noun,B2,He had his comments taken as a personal offense.,181
unsure,adjective,B2,Is it still **unsure** where the package was sent?,158
picture,noun,A1,one picture - two pictures,28
sophisticated,adjective,B2,He will be allowed to try the sophisticated equipment.,142
bone,noun,A1,The dog gnaws a bone.,57
fete,noun,C2,Have you attended the village fete before?,162
refreshing,adjective,C1,"One cool breeze was refreshing after the long, hot hike.",24
gutsy,adjective,C1,"She may not be the most conventional leader, but her gutsy approach is exactly what this struggling company needs.",97
before,adverb,A1,Is that a sharp pencil before?,7
mediocre,adjective,B2,The report has been considered mediocre by the committee.,166
victorious,adjective,C1,Her performance was the most **victorious** of the entire competition.,108
leaven,verb,C2,The baker's good news is often leavened by the rising cost of ingredients.,144
dislodge,verb,C1,"The company's newest product, while having the fewest flaws, struggled to dislodge the market leader's dominant position.",108
news,noun,A1,What colour is the news?,22
queer,adjective,B2,The old map's markings meant a queer direction to the hidden treasure.,153
deadly,adjective,B1,The snake's bite was deadly.,124
frying pan,noun,B1,Who was holding the frying pan?,137
niche,noun,C1,We finally had our company's marketing strategy tailored to a specific niche market.,181
line,noun,A1,What kind of line do you want?,53
population,noun,A2,"If the population grows too fast, there won't be enough food for everyone.",102
fishing,noun,A1,I enjoy fishing on Saturday.,45
rumble,verb,C1,"The distant thunder rumbled ominously, didn't it?",138
beyond,preposition,A2,That was really beyond my understanding.,112
musical,adjective,A2,What kind of performance can we watch? A musical.,87
juvenile,adjective,C1,The court reviewed the juvenile's case file earlier this week.,115
tantamount,adjective,C1,Who in the future will find such an admission of guilt tantamount to a full confession?,82
impede,verb,C1,Let's not allow these bureaucratic hurdles to impede our progress any further.,48
heater,noun,B1,We warmed the room with the electric heater yesterday.,114
burden,noun,B1,What was the main burden of his work then?,135
swimmer,noun,B1,The energetic swimmer felt tired after the long race.,120
unhappiness,noun,B2,The source of their prolonged unhappiness has finally been addressed.,166
cellar,noun,B2,The old house had a dusty cellar where forgotten treasures were often found.,155
peninsula,noun,C1,Is the ferry currently sailing around the entire peninsula?,74
phenomenon,noun,B1,The strange light was an unusual phenomenon.,129
salad,noun,A1,How many people want salad?,56
breezy,adjective,B2,The picnic blanket was feeling quite breezy.,154
primary school,noun,B1,It is interesting to learn about the history of primary school.,182
discourage,verb,B1,My parents said that they didn't want to discourage me from trying new things.,174
degree,noun,A2,I am studying for my degree now.,70
dishonesty,noun,B2,The committee had the report reviewed for any signs of dishonesty.,181
finding,noun,B1,The most important finding that came out of the study was surprising.,175
limitless,adjective,C1,Is human potential truly limitless?,158
bitterly,adverb,B2,She had been bitterly disappointed with the results.,151
spurious,adjective,C2,Such claims are often considered spurious.,144
divorced,adjective,B1,My aunt and uncle got divorced last year.,124
noble,adjective,B2,The injured bird will be tended to with noble care.,146
organism,noun,B1,Did scientists discover a new organism there?,133
service,noun,B1,It's vital to provide good customer service.,182
copper,noun,B2,The stolen copper pipes will be recovered by the police.,146
shock,verb,B2,Were you shocked by the news?,158
vision,noun,B1,The accident damaged his vision.,129
posit,verb,C2,The theory isn't positively supported by the evidence.,157
repellant,noun,C1,The pungent smell of garlic was a natural repellant they used to dab on their skin before venturing into the woods.,178
circumstance,noun,B2,My brother paid the bill despite the difficult circumstance.,164
in,preposition,A1,What kind of weather do you like in summer?,53
objective,noun,B1,"Yesterday, we achieved our main objective.",115
fighter,noun,A2,Who can be a fighter?,99
bikini,noun,B2,What is your favourite place to wear a bikini?,163
imagery,noun,B2,The artist's evocative imagery can be appreciated by many.,147
shrink,noun,B2,Is there any shrink who can help with my anxieties?,172
skate,verb,B1,We used to skate on the frozen pond in winter.,178
grip,noun,B2,The situation is not within my grip.,157
gypsy,noun,C1,The gypsy musician played a haunting melody.,129
quest,noun,C1,Our arduous quest takes us deep into the uncharted wilderness.,52
fancy,adjective,A2,You may not use that fancy pen.,97
debut,verb,C1,She debuted her new collection last Tuesday.,123
specimen,noun,C1,"The botanist carefully prepared the rare plant specimen, knowing its preservation was paramount for future study.",150
adversary,noun,C1,What strategic advantage could be gained by understanding the adversary's motivations?,87
residue,noun,C2,She dislikes wiping the sticky residue from the counter.,169
program/programme,verb,B1,She programmed the robot to clean the floor.,120
mathematician,noun,B1,The famous mathematician worked out the difficult problem.,180
ambulance,noun,B1,Who was in the ambulance?,137
mercantile,adjective,C2,The traders **dealt** in **mercantile** goods.,153
tan,noun,B2,"She spent hours in the sun, hoping to get a deeper tan.",149
conveniently,adverb,B2,She must have conveniently forgotten to tell us about the meeting.,177
medication,noun,B2,"If I were feeling very ill, I would take my medication, but since I feel fine, I don't need it.",139
press,noun,B1,She didn't feel the press of his hand.,132
serene,adjective,B2,The calm lake looked serene after the storm had finally passed.,149
practitioner,noun,C2,Some practitioner has already finished their work.,171
press,verb,B1,Please press the button to start the machine.,180
barren,adjective,B2,Where were the ancient ruins discovered? In a barren desert landscape.,159
feature,noun,A2,You must learn this feature.,90
dress,verb,A2,Must you dress so formally for the party?,92
dry,adjective,A1,What has the dog got? He has got a dry bone.,18
tiring,adjective,B1,"Yesterday, I thought the long walk home was quite tiring.",118
myth,noun,B1,It's a myth that he finished the whole book.,132
attract,verb,B1,"That bright new shop didn't attract many customers, did it?",138
separation,noun,B1,My parents would talk about the pain of their separation.,178
undreamed,adjective,B2,Some people achieve undreamed-of success.,171
willingness,noun,B1,My willingness to help was always there.,123
testimony,noun,B2,His strong testimony was later confirmed by other witnesses.,145
lodge,noun,B1,The travellers found a warm lodge.,116
navigate,verb,B2,The ship has been carefully navigated through the stormy seas.,166
excuse,verb,B1,Did you excuse her for being late?,133
solidity,noun,B2,We will have to consider the solidity of the bridge before allowing traffic.,140
tactile,adjective,B2,I wish I had a more tactile connection to my art supplies.,179
proof,noun,B1,We need more information that serves as proof of his innocence.,175
foreigner,noun,A1,I've got a foreigner friend.,10
track,noun,A2,We are following the train track.,72
knit,verb,B1,Did your grandmother knit that sweater for you?,133
either,conjunction,A2,We can either go to the park or stay at home.,87
fight,noun,A1,They are in a fight.,67
loyal,adjective,B1,She remained loyal to her friends for many years.,119
emphasis,noun,B1,The emphasis was on teamwork when we were a small company.,123
tension,noun,B1,He spoke about the tension in the room.,128
mold/mould,verb,C2,The bread must have gone stale — it's starting to mold.,177
prosper,verb,B2,She continues to prosper by investing wisely.,170
taste-maker,noun,C2,Is this album considered a taste-maker?,158
distance,noun,B1,"She was a great runner, and her speed covered a long distance.",122
wasp,noun,B2,She decided to avoid the garden after seeing a wasp.,168
plus,conjunction,B1,"We need to hang up the coats, plus put away the shoes.",180
immediate,adjective,B1,What was the immediate result of his sudden announcement?,135
impose,verb,B2,The new regulations will impose restrictions on small businesses.,143
tell,verb,A1,Please tell me where you go.,52
pool,noun,A1,Whose pool is it?,21
precocious,adjective,C2,The precocious child has already been praised.,166
mediation,noun,C2,The dispute was resolved through mediation.,159
town,noun,A1,I don't go to that town.,49
wash,verb,A1,Are there any clothes to wash?,41
post office,noun,A2,I will go to the post office later.,78
weather forecast,noun,B1,Yesterday the weather forecast was wrong.,119
prohibit,verb,B2,The new regulations must prohibit the sale of certain chemicals because the store is clearing its shelves.,177
flightiness,noun,C2,Her flightiness led to a poorly executed plan.,143
buccaneer,verb,C2,He must have been buccaneering all night – he's exhausted.,177
equal,adjective,B1,The two sides of the argument were not equal.,117
bee,noun,A1,Don't touch the bee.,44
octogenarian,noun,C2,A surprise party was held for the octogenarian.,159
coal,noun,B1,The miners dug out a lot of coal.,121
loiter,verb,C2,The suspicious man loitered near the shop.,153
incredibly,adverb,B1,She explained that the weather was incredibly hot.,174
cheque,noun,A2,Who is writing the cheque?,76
dignify,verb,B2,Her hard work is often seen to dignify the entire project.,144
needle,noun,B1,I found the sewing needle that I lost yesterday.,175
consumer,noun,B1,The unhappy consumer felt disappointed with the broken product.,120
unafraid,adjective,B1,She didn't seem unafraid of the dark.,132
schedule,verb,B2,We have just scheduled our next meeting for Tuesday.,160
italicize/italicise,verb,B2,The author's name has been italicized.,166
previous,adjective,B1,I need to check the previous email that I sent to him.,175
verbally,adverb,B2,She intends to verbally confirm her attendance.,168
diagram,noun,B1,I cut the diagram into two pieces.,116
maker,noun,A2,You mustn't touch the bread maker.,91
March,noun,A1,What colour shoes do you wear for March?,54
revelatory,adjective,C2,She had no revelatory insights into the situation.,173
today,adverb,A1,This isn't a busy day today.,6
fiddler,noun,C1,The new fiddler wasn't as talented as the previous one.,110
ineffective,adjective,B2,What kind of study methods have you found ineffective?,163
nowadays,adverb,A2,You may not go out with friends nowadays.,97
gardening,noun,B1,She brought her gardening gloves from the shed.,118
temporarily,adverb,B2,The park will be temporarily closed for maintenance.,143
facilities,noun,B2,The university has recently upgraded its sports facilities.,164
overhear,verb,B2,I will be able to overhear their conversation if I stay quiet.,141
picnic,noun,A1,We have a picnic.,10
merger,noun,B2,There is some talk about a potential merger.,171
carrier,noun,C1,Whose baggage carrier are you borrowing?,55
spoon,noun,A2,"When dinner is ready, I will get a spoon.",103
aircrew,noun,B2,The experienced aircrew had successfully navigated through the turbulent storm.,154
roast,verb,A2,I can't roast the chicken properly.,85
apostrophe,noun,B2,The apostrophe has been added to the correct word.,166
industrialize/industrialise,verb,B2,"This country has begun to industrialize quite rapidly, hasn't it?",165
travel,noun,A2,I can't afford that kind of travel.,85
superstition,noun,B1,"That old superstition, which many people still believe, often causes unnecessary fear.",175
await,verb,B2,We eagerly await seeing the results of our hard work.,170
swimsuit,noun,A2,"After I buy a swimsuit, I will go to the beach.",105
marvel,noun,C2,The restored painting was a marvel.,143
oblique,adjective,C2,The politician's statement was an oblique reference to his rival.,153
acoustics,noun,C1,It's a challenging acoustics.,2
bearded,adjective,C1,One bearded dragon – many bearded dragons.,24
scene,noun,A2,We are watching a beautiful sunset scene.,72
humanize/humanise,verb,B2,Have you found ways to humanize your interactions online?,162
spreadsheet,noun,B2,He had fought for months to get the data into the correct spreadsheet format.,149
cathedral,noun,B2,We visited the ancient cathedral yesterday.,148
four,number,A1,Do you have four apples?,50
primitively,adverb,C1,"She can operate the old machinery primitively, relying on instinct and experience.",84
defeat,verb,B1,Did the team defeat their rivals in the final match?,133
impersonally,adverb,C1,"She responded impersonally to the urgent request, offering no personal reassurance.",119
proximity,noun,B2,The proximity of the university was what had really brought my decision to move here.,149
spectacular,adjective,B1,Last night the fireworks were spectacular.,125
dormitory,noun,B2,We will have to share a dormitory room.,140
miniature,adjective,B2,"The museum displayed a wonderfully intricate, preserved diorama of the ancient city with many miniature figures.",143
welcome,verb,A1,Whose party is it? We welcome you.,21
graphics,noun,B1,The game's graphics improved significantly.,131
definite,adjective,B1,The agreement was a definite step forward.,131
prosperity,noun,B1,The country enjoyed great prosperity last year.,131
shortly,adverb,B1,He felt much better shortly after taking the medicine.,120
attainment,noun,B2,The students' successful attainment of their goals was celebrated.,150
ageless,adjective,B2,The beauty of classical music is often described as ageless.,159
ceiling,noun,B2,The old painting on the ceiling was broken when the water leak started.,154
teenager,noun,A2,"When she becomes a teenager, she will get her own room.",103
grown-up,adjective,B2,I wish I'd made more grown-up decisions when I was younger.,179
fluent,adjective,B1,My cousin speaks fluent English.,136
old,adjective,A1,Whose old book do you read?,55
simplicity,noun,C1,The intended simplicity wasn't there.,134
isolated,adjective,C1,This is a village. The village is quite isolated.,19
mutable,adjective,B2,She enjoys contemplating how human opinions are surprisingly mutable.,170
recognize/recognise,verb,B1,I recognized the tune from a song I heard before.,118
govern,verb,B1,The strict rules used to govern the monastery were softened over time.,116
unplug,verb,C1,Whose laptop is it that needs to be unplugged?,21
profit,noun,B2,The company aimed for significant profit from the new product line.,159
silhouette,noun,C1,Some lone figure's silhouette against the sunset was striking.,171
violently,adverb,B1,The dog barked violently at the mailman.,125
hero,noun,A2,He may be a hero to many people.,96
dependent,noun,C1,Are they still relying on external funding as dependents?,74
dispersal,noun,C2,What about the dispersal of seeds in the wind?,163
preoccupation,noun,C2,"I have just finished my exam, and my preoccupation now is finding a good restaurant.",160
upstairs,adjective,B1,Yesterday the upstairs light flickered.,131
interrogatively,adverb,C2,"She looked at me interrogatively, asking if I had seen her keys.",162
support,verb,B1,My sister said that her friends would support her through the difficult time.,174
embarrassed,adjective,B1,It was embarrassing to forget her name.,182
colleague,noun,B2,I wish I had remembered to thank my colleague for their help yesterday.,179
ballet,noun,B2,She continues watching the ballet performance with great interest.,170
psychological,adjective,B1,Who was under immense psychological pressure?,137
parcel,noun,B1,I dreamt I received a large parcel in the mail.,126
unlikely,adjective,B1,"The early train was delayed, so it seemed unlikely they arrived on time.",114
burning,adjective,B1,"Yesterday, the forest was quiet, but today the burning trees are a terrible sight.",125
generously,adverb,B2,My aunt generously offered us a place to stay for the weekend.,164
concerning,preposition,B2,We have found some new information concerning the incident that occurred last week.,149
smart,adjective,A1,Let her wear the smart dress.,47
hardware,noun,B2,We bought some new hardware for the office renovation.,149
into,preposition,A1,How many apples go into the big basket?,31
macabre,adjective,C1,The artist has just unveiled a series of macabre sculptures.,160
apprentice,verb,C1,We apprentice new designers to the senior team members.,67
stoke,verb,C1,Whose ambitions does the leader stoke?,62
induce,verb,C2,Was the fever induced by the medication?,158
ecstatically,adverb,C1,She sang ecstatically when she heard her name announced as the winner.,124
interpretation,noun,B2,Her unusual interpretation of the music was appreciated by the critics.,144
massage,noun,B2,I felt a deep muscle massage was needed after the long hike.,150
fish,noun,A1,He has a fish.,14
pork,noun,B1,My family used to have roast pork every Sunday.,178
defend,verb,B1,He will defend his ideas at the meeting.,180
eclectically,adverb,C1,The artist's inspiration grew eclectically from ancient myths and futuristic visions.,130
snooze,verb,C1,"We mustn't snooze through the entire morning, must we?",95
long-term,adjective,B2,The company has grown its market share through long-term strategic investments.,155
blogger,noun,B1,"That popular blogger shared her travel photos online last night, didn't she?",138
lip,noun,A2,I can bite my lip.,84
monastery,noun,B2,The ancient stone walls of the monastery had been broken by centuries of harsh weather.,154
region,noun,B1,The weather in that region felt colder than usual yesterday.,121
toast,noun,A2,This toast is better than the last one I had.,109
ounce,noun,B2,Have you added even an ounce of spice to the stew?,162
far,adjective,B2,We aim to go far in this competition.,168
liver,noun,B1,It's good to eat healthy foods for your liver.,182
converse,adjective,C2,The tense verb felt the converse strain.,150
hijack,verb,B2,The conversation was hijacked by an irrelevant tangent.,147
ingenuous,adjective,C2,"She was quite ingenuous about the whole situation, wasn't she?",165
same,adjective,A1,This toy car is the same as that toy car.,25
recent,adjective,A2,Who can tell me about the recent news?,88
substitute,noun,B1,This wasn't a suitable substitute.,134
suffix,noun,B1,Someone added the suffix to the word.,136
anymore,adverb,A2,Who can help me anymore?,88
horrible,adjective,B1,I dreamt of a horrible monster last night.,126
calculation,noun,B1,"You didn't finish the financial calculation for the project, did you?",138
aesthetic,adjective,C1,"If the designer prioritizes the aesthetic appeal over functionality, the product might not be practical for everyday use.",102
dioxide,noun,B1,The plant absorbed carbon dioxide.,114
confusion,noun,B1,There was some confusion about who was supposed to bring the cake.,123
lift,noun,B1,That wasn't a real lift.,134
corrupt,adjective,B2,This government has never been accused of being corrupt.,161
skew,verb,C2,Why do the results of the experiment skew?,159
positively,adverb,B1,He positively enjoyed the concert last Saturday.,121
trader,noun,B2,The valuable shares are sometimes sold by a shrewd trader.,144
manipulate,verb,B2,She knew he had manipulated her feelings to get what he wanted.,154
hypothetical,adjective,C2,The problem wasn't solved with a hypothetical solution.,157
stubbornly,adverb,B2,He stubbornly clung to his original plan.,149
liter/litre,noun,A2,Who can carry this one-liter bottle of water?,88
apprehend,verb,C2,They apprehended the suspect.,152
amid,preposition,C1,Whose advice did you seek amid the general uncertainty?,55
topic,noun,A1,What topic is it?,23
negative,adjective,A2,"The news had a negative impact, making things worse.",108
ally,verb,C2,The organization had its members ally with the neighboring community.,181
passage,noun,A2,"You can't find the correct passage, can you?",89
inexorability,noun,C2,She tried to deny the inexorability of time.,168
mama/mamma,noun,B2,Some children are looking for their mama.,171
testament,noun,C1,There is a testament to their resilience in the rebuilt community.,36
altogether,adverb,B1,The problem felt much harder altogether then.,127
genuine,adjective,B2,She seemed to offer a genuine apology.,168
holder,noun,B2,The certificate holder dreamt of future success.,153
foundation,noun,B1,The company grew its foundation on honesty and hard work.,130
bus,noun,A1,"One bus, many buses.",30
sleep,verb,A1,What kind of sleep do you have?,23
hatch,noun,B1,The chick finally broke through the egg hatch.,119
singer,noun,A1,How many singers do you know?,56
alliance,noun,B2,They were allowed to form a strategic alliance after the war.,142
consequently,adverb,B1,"The alarm did not ring; consequently, I overslept.",128
period,noun,A1,on the calendar is a period,35
brand,noun,A2,I am looking for a new brand of coffee.,75
competent,adjective,B2,Do you know any competent mechanics in this area?,172
adaptable,adjective,B2,The new design has been made more adaptable to different user needs.,166
wildlife,noun,B1,We saw so much amazing wildlife on our trip.,129
crave,verb,C1,Must we always crave the forbidden?,92
buzz,noun,B2,The town experienced a real buzz after the festival announcement.,164
rate,verb,B2,We will have to rate the success of the campaign next week.,140
tie,verb,B1,She tie her hair into a ponytail.,116
wonder,noun,B1,"I dreamt of all the places I could go, a wonder of the world.",126
fool,verb,B1,My brother said that I shouldn't fool him with that story.,174
dispute,noun,B2,The ownership of the ancient artifact was the subject of a long dispute.,145
veritable,adjective,C2,What a veritable feast you've prepared!,163
marginally,adverb,C1,What kind of adjustments do most people find marginally beneficial in their daily routines?,53
penfriend/pen friend,noun,A2,Can you write to your penfriend today?,86
humor/humour,noun,B1,She added a lot of humor to the meeting.,119
fill,verb,A1,The box doesn't fill itself.,58
moral,noun,B1,The soldier understood his moral.,124
congratulate,verb,B1,I congratulated him on his success.,121
busy,adjective,A1,Is there a busy person here?,38
temporary,adjective,B1,We signed a temporary contract last week.,114
heat,verb,B1,She heated the soup on the stove.,114
sue,verb,B2,He will be able to sue them if they don't compensate him.,141
gush,noun,C1,Can you explain the sudden gush of enthusiasm for that obscure band?,86
brother,noun,A1,Whose toys does my brother play with?,62
Wednesday,noun,A1,He has got his class on Wednesday.,14
governmental,adjective,B2,Citizens will be allowed to access certain governmental archives with the new policy.,142
mix,verb,A2,Please mix the ingredients slowly.,112
disappear,verb,A2,My cat isn't disappearing from the garden.,73
smoker,noun,B1,The ex-smoker felt much healthier.,126
double,noun,B2,The second helping will be a double.,146
card,noun,A1,Are there any cards in the box?,41
fondness,noun,B1,He used to show a great fondness for collecting old stamps.,178
jewelry/jewellery,noun,A1,This is jewelry. The jewelry is gold.,19
plant,noun,A2,This plant is not as tall as that plant.,110
micrometer/micrometre,noun,B2,I have never measured anything with a micrometer before.,161
doom,noun,B2,"We have already faced our doom, haven't we?",165
fire station,noun,B1,The children sang a song about the fire station.,124
flesh,noun,B2,"My cousin, who normally avoids anything spicy, unexpectedly ate the ghost pepper straight from the flesh.",164
compromise,verb,B2,The deadline will be compromised if we don't agree on a solution.,146
yours,pronoun,A1,These books are yours.,29
neurosis,noun,B2,Her constant worry about minor issues had developed into a recognizable neurosis.,153
survive,verb,A2,The smallest animals were the bravest and managed to survive.,106
reptilian,adjective,C2,"She imagined the ancient, reptilian creature slithering through the primordial swamp.",170
screenplay,noun,C1,"Before he was a director, he was the one who wrote that award-winning screenplay.",123
chance,noun,A2,Can I have a chance to speak?,86
naturally,adverb,B1,He woke naturally after a long sleep.,128
tropic,adjective,B2,"The humid, tropic air wasn't advertised.",157
self,noun,A1,This isn't my self.,6
receive,verb,A2,I'm receiving a lot of messages today.,70
sore,adjective,B1,My dad said his arm was sore after the accident.,174
declare,verb,B1,My uncle declared war on the lawnmower.,136
highlight,noun,B2,The bright yellow marker was the perfect highlight to her presentation notes.,168
snowy,adjective,A1,What does the weather do? - It looks snowy.,60
exhilarating,adjective,C1,What kind of experience must they seek? They must seek an exhilarating adventure.,93
stay,noun,B1,My longest stay in one city was three years.,116
relic,noun,B2,The ancient book felt like a relic from a forgotten era.,148
uneventful,adjective,C1,We are currently experiencing an uneventful period of calm.,72
paddle,noun,B1,He hit the water with his paddle.,115
later,adverb,A1,He eats lunch later.,57
austere,adjective,C2,My uncle's living room was surprisingly austere.,164
impersonation,noun,C1,He dreamt of a perfect impersonation that would fool everyone.,126
dreadful,adjective,B2,I wish I hadn't ordered that dreadful meal at the restaurant last night.,179
businesswoman,noun,A2,The businesswoman won't sign the contract tomorrow.,79
yet,conjunction,B1,Did they finish the report yet?,133
utter,adjective,C2,She has never experienced such utter joy.,161
prompt,verb,B2,Some unexpected news prompted a change in our plans.,171
to,infinitive-to,A1,Where do you go to sleep?,52
inborn,adjective,B2,"He had his talent for music recognized early, an inborn gift that needed little encouragement.",181
botany,noun,B2,The fascinating world of botany will be explored by the students during their field trip.,146
survey,noun,A1,This isn't a long survey.,6
harbor/harbour,verb,C1,We harbor no ill will towards them.,67
disturbance,noun,B1,I didn't cause that disturbance last night.,132
preschool,adjective,B1,My daughter loved her preschool teacher.,131
charming,adjective,B2,"The garden had grown wild, but its untamed nature was quite charming.",155
verse,verb,B2,The poem was beautifully versed by the acclaimed poet.,145
bum,noun,B2,Did you see any bums asking for money near the station?,172
major,noun,B2,She enjoys studying a major subject at university.,170
water,noun,A1,I don't drink much water.,49
punitively,adverb,C2,The judge punished the criminals punitively.,152
flute,noun,B1,He played a sweet melody on his wooden flute.,121
planet,noun,A2,We won't destroy this planet.,79
astronomer,noun,B1,"He wasn't an astronomer, but he loved watching the stars.",134
nice,adjective,A1,What nice color do you like?,54
lively,adjective,A2,"If the music is lively, we will dance all night.",102
overthrow,verb,B2,"The citizens might have tried to overthrow the government, but their efforts were unsuccessful.",177
erupt,verb,B2,The crowd seemed to erupt in cheers when the team scored.,168
tedious,adjective,C1,Is there a less tedious way to organize all these files?,38
reunification,noun,B1,The country's reunification happened last year.,131
court,noun,A2,The players are quickly leaving the court.,112
slide,verb,B2,I have just slid the documents under the door.,160
question mark,noun,B1,My teacher used to draw a big question mark above my homework when I didn't understand it.,178
demographically,adverb,C1,"The country’s population trends, demographically speaking, awoke a new era of economic policy.",128
jump,verb,A1,I don't jump over the fence.,49
climb,noun,A1,What kind of climb do you like?,53
rustle,verb,C1,I'm hearing the leaves rustle outside my window.,70
tantalize/tantalise,verb,C2,What amazing flavors are they trying to tantalize our taste buds with?,163
conviction,noun,C1,It is a great testament to his conviction that he continued his work despite the overwhelming opposition.,182
self-confident,adjective,B2,He is becoming more self-confident about his abilities over time.,141
con,noun,C1,It isn't a con.,3
that,determiner,A1,There is that apple on the plate.,36
bus station,noun,A2,I won't go to the bus station tomorrow.,79
formulate,verb,C1,My research assistant helped formulate a new hypothesis.,164
spiral,adjective,B1,The price of gas started to spiral upwards.,180
improbable,adjective,B2,That the package will arrive on time seems improbable given the current weather conditions.,146
pertinent,adjective,C1,The detective would often ask the most pertinent questions to uncover the truth behind the complex case.,178
confession,noun,B2,Have you heard about his surprising confession?,162
capacity,noun,B1,She explained that the theatre had a large seating capacity.,174
million,number,A2,We can expect over a million visitors next year.,84
whom,pronoun,A2,She was the sixth person whom I met that day.,113
fridge,noun,A2,"This fridge is good, but the new one in the shop is better.",108
unscathing,adjective,C1,"The news of the scandal, surprisingly, left her reputation largely unscathing.",19
secretary,noun,A2,The new secretary is the third person to start this week.,113
boost,noun,B2,The new marketing campaign provided a significant boost to sales.,159
confine,verb,B2,The prisoners were confined to their cells overnight.,145
typical,adjective,B1,My grandfather typically watched the news after dinner.,114
soap,noun,A2,I am washing my hands with soap.,75
delegate,noun,B2,What kind of tasks did you delegate?,163
catastrophe,noun,B2,I wish we hadn't forgotten to lock the back door; it led to a real catastrophe.,179
innocently,adverb,B2,Some birds chirped innocently from the trees.,171
growing,adjective,B2,The company experienced growing profits last quarter.,152
guilt,noun,B1,She felt the guilt of her mistake.,136
misty,adjective,B1,The morning air was misty and cool when I woke.,128
radical,noun,B2,The environmental group had its proposal for a radical energy policy accepted by the council.,181
mail,verb,B1,She used to mail me letters from abroad.,123
for,preposition,A1,My friend needs a gift for her birthday.,64
genre,noun,B2,This genre has cost many authors a lot of effort.,148
disposition,noun,B2,His easygoing disposition means he is rarely upset by minor inconveniences.,144
angular,adjective,C2,"His new sculpture was described as having an angular, modern design.",145
ignominious,adjective,C2,The once-proud ship's final journey was an ignominious end.,147
glass,noun,A1,one glass - two glasses,24
width,noun,B2,The desired width has been measured.,166
sticker,noun,B1,She peeled the sticker off the jar.,115
hostile,adjective,C1,The negotiations have been made hostile by the unexpected demands.,166
expose,verb,B1,The news report exposed the company's poor working conditions.,120
pessimistic,adjective,B2,What is your general outlook on the economic situation? - I'm feeling quite pessimistic about it.,163
high,adjective,A1,She eats high calories food.,57
luxury,noun,B1,He mentioned that owning a private jet was his ultimate luxury.,174
honor/honour,noun,A2,It is a great honor.,112
helpful,adjective,A2,"This book is helpful, but that one is more helpful.",107
speeder,noun,B2,"You've been caught by a speeder on this road before, haven't you?",165
nod,verb,B2,Did anyone nod in agreement with your suggestion?,172
demolition,noun,C1,They are responsible for the demolition of the old factory.,67
component,noun,B2,The team will need to consider every vital component before they agree to launch the product.,167
heroine,noun,C1,What does the author do with the central character? She develops the heroine's journey.,51
merely,adverb,B1,"You merely forgot to lock the door, didn't you?",138
dramatic,adjective,B1,The plant grew at a dramatic rate.,130
optional,adjective,B2,The advanced security system installation is optional for all residents.,181
swear,verb,B1,She was there when he did swear.,137
stringently,adverb,C2,We stringently avoid accepting any offers without careful review.,169
free,adjective,A1,This is a ticket. The ticket is free.,19
translator,noun,B2,I'm having my document translated by a professional translator.,181
presidential,adjective,B2,Such proposals are often debated during presidential campaigns.,144
oversee,verb,C1,The new project manager is overseeing the entire development process.,76
humiliating,adjective,B2,My boss's public criticism of my work was truly humiliating.,164
conserve,verb,C1,We won't conserve all the rainforests if we don't act immediately.,79
conservatory,noun,C1,"You didn't forget to water the orchids in the conservatory, did you?",138
glove,noun,A2,I must put on my glove.,90
mint,noun,B2,Have you ever seen a wild mint plant growing?,162
pottery,noun,B1,He learned to make pottery at the local workshop.,121
state,adjective,B2,"This building has a state of disrepair, hasn't it?",165
paralyze/paralyse,verb,B1,She explained that the snowstorm threatened to paralyze the entire city.,174
flower,noun,A1,"One flower, many flowers.",30
shrink,verb,B2,The sweater must have shrunk in the wash.,151
juicy,adjective,B1,"Last week I ate a juicy peach, today I'll eat a juicy plum.",125
prevail,verb,B2,The team will have to work hard if they want justice to prevail.,140
racism,noun,B2,Racism has recently been challenged by many activists.,166
sit,verb,A1,A few people sit here.,32
manner,noun,A2,What kind of manner can you show?,87
participant,noun,B1,The best participant dreamt of winning the competition.,126
ecstatic,adjective,B2,She was ecstatic when she got her essay published.,181
secular,adjective,C2,Such historical documents may be interpreted in a secular context.,147
pin,noun,B2,There are some pins in the sewing box.,171
division,noun,B2,The recent division of the company meant a lot of changes for the employees.,153
harmless,adjective,B2,What have you seen that looked harmless but was actually dangerous?,163
downward,adjective,B1,It's natural to see a downward trend in the stock market during uncertain times.,182
future,adjective,B1,We planned our future holidays last week.,115
luxury,adjective,B2,Some people enjoy the luxury of having a private chef.,171
munificence,noun,C2,The king's munificence was widely spoken of.,154
annex,verb,C2,The country has never tried to annex its neighbour's territory.,161
soon,adverb,A1,What is it soon?,8
answer,noun,A1,What has he got for the answer?,18
relative,adjective,B1,He felt a relative sense of relief after the exam.,120
overall,adjective,B2,She denied causing the overall problem with her actions.,169
awful,adjective,A2,What awful weather we must have tomorrow.,93
priceless,adjective,B2,What treasures have you discovered? - The memories we made were priceless.,163
laryngitis,noun,C2,My brother's laryngitis had been quite bad last week.,151
craft,noun,B1,Did you see the beautiful hand-made craft in the shop window?,133
fiercely,adverb,C1,Whose ideas does the entrepreneur defend so fiercely?,62
wood,noun,A2,"In case it rains, we will bring the wood inside.",104
suspend,verb,B2,The internet service provider must have decided to suspend their account due to non-payment.,177
plumber,noun,B2,We won't be able to fix the leak until the plumber arrives.,141
zip,noun,B2,The coat had a broken zip.,148
brevity,noun,C2,We had the speech's brevity noted by the audience.,181
confusing,adjective,B1,She woke up to a confusing dream.,128
troublesome,adjective,B2,I've just finished dealing with some rather troublesome paperwork.,160
beat,noun,B2,Was the drum's steady beat heard by the crowd?,158
paralysis,noun,B2,The sudden illness caused temporary paralysis.,148
mechanism,noun,C1,The ancient clockwork mechanism  suddenly began to whir and chime.,124
bury,verb,A2,They carefully bury the treasure.,111
suffering,noun,B2,She managed to avoid further suffering by seeking professional help.,169
fuse,verb,C1,What is it that can make these colors fuse so beautifully?,8
testimonial,noun,C2,The company is collecting a testimonial.,159
carbon dioxide,noun,B2,The air has been filtered to remove excess carbon dioxide.,166
quirky,adjective,C1,"The garden, which had once been meticulously planned, had since grown wild, its overgrown bushes and strangely placed statues giving it a delightfully quirky charm.",155
singe,verb,C2,Your hair will be singed by the heat of the fire.,146
plenty,noun,A2,"There is plenty of time for us to finish, isn't there?",89
diaper,noun,B1,The baby wore a clean diaper.,122
when,adverb,A1,When do two cars become three cars?,27
honeymoon,noun,B1,"They went on their honeymoon to Italy last year, didn't they?",138
stepfather,noun,B2,My stepfather sang loudly during the karaoke night.,152
egalitarian,noun,C2,Our group has just embraced a true egalitarian.,160
distant,adjective,B1,My childhood home felt very distant.,123
reasonable,adjective,B1,"You thought that was a reasonable price, didn't you?",138
mayor,noun,B1,The mayor visited our town last month.,129
insightfully,adverb,C1,He described the historical events insightfully.,121
weaken,verb,B2,Have these constant rainy days begun to weaken your spirits?,162
skyscraper,noun,B1,That building wasn't a skyscraper.,134
other,determiner,A1,Do you eat other fruits?,50
concurrence,noun,C2,"With the concurrence of the school board, the students are permitted to use the new library.",142
awkward,adjective,B1,Did you have an awkward moment when you forgot her name?,133
style,noun,A2,Her style is more modern than mine.,106
phrase,noun,B1,The teacher wrote that short phrase on the board.,125
dash,verb,B2,She decided to dash to the shop before it closed.,168
enjoyable,adjective,B1,"We decided to put off the picnic until the weather improved, making it a more enjoyable day.",180
unit,noun,A2,The kitchen unit isn't working now.,73
skilled,adjective,B2,"If she were a more skilled negotiator, we would have reached an agreement by now.",139
extraordinary,adjective,B1,She has a talent which is truly extraordinary.,175
liar,noun,B1,He became a notorious liar after he stole the money.,130
do,do-verb,A1,How many apples do you have?,31
behalf,noun,B1,I didn't attend the meeting on your behalf.,132
rosy,adjective,B2,My outlook on the project was quite rosy until the deadline was moved up.,164
electrode,noun,C2,The electrode has been inserted.,166
silk,noun,B1,It's lovely to touch the smooth silk fabric.,182
sheep,noun,A1,Whose wool is soft? The sheep's wool.,64
pause,verb,B1,My grandfather would often pause to tell stories about his childhood.,178
crown,noun,A2,Who may wear the crown?,100
climax,noun,C1,Did the film's dramatic climax leave you on the edge of your seat?,133
carpet,noun,B1,Who was standing on the expensive carpet?,137
neither,conjunction,B2,"The fabric didn't tear, and neither did the stitching come undone.",148
deed,noun,B1,He spoke of his brave deed.,128
real,adverb,A1,two hundred and twenty-one books are real many,26
share,verb,A1,What do you want to share?,18
mosquito,noun,B1,The child swatted the mosquito that landed on his arm.,121
nought,noun,B2,"The initial deposit, a mere nought, was enough to secure the reservation.",148
favorable/favourable,adjective,B1,The weather which seemed unfavorable yesterday has turned favorable today.,175
tastebud,noun,C1,What may be experienced by a particularly sensitive tastebud?,99
confident,adjective,A2,We are feeling confident about the results.,72
shout,verb,B1,I wasn't the one who had to shout to be heard.,134
magnanimity,noun,C2,I wish he had shown more magnanimity after losing the game.,179
hop,noun,B1,The rabbit took a big hop over the fence.,121
suitcase,noun,A2,My new suitcase is the lightest I've ever owned.,106
assertion,noun,C1,Where does he make such a bold assertion?,61
metaphor,noun,B2,We have to understand the writer's intended metaphor.,140
guess,noun,B1,My best guess is that Sarah left the door open.,136
near,adjective,B1,Did you see that bird near your house?,133
well-balanced,adjective,B2,Why was the diet described as well-balanced?,159
overlook,verb,B2,Some important details are often overlooked in this process.,144
sunbeam,noun,B2,I have never felt a sunbeam quite like that before.,161
slaughter,noun,B2,Has there been any indication of a planned slaughter of endangered animals?,172
elude,verb,C1,The truth of his motives continued to elude investigators for weeks.,115
drink,noun,A1,Do you want a drink?,50
half,noun,A1,I haven't got half a cookie.,11
withdrawn,adjective,C1,He will likely remain withdrawn until he feels more comfortable in the new environment.,78
apart,adverb,A2,I am pulling the two pieces apart.,70
relevant,adjective,B2,The new information was deemed highly relevant to the ongoing investigation.,145
jogging,noun,B1,"Yesterday, his jogging felt easy.",131
max,noun,A2,Will this be the max?,80
strangely,adverb,B1,"Strangely, I used to forget my keys every single day.",178
throughout,preposition,B1,Who was present throughout the meeting?,137
police officer,noun,A2,The police officer is helping the woman.,71
boredom,noun,B1,The boredom lasted for hours.,127
refresh,noun,B2,A cold drink was a welcome refresh after the long walk.,166
unforgettable,adjective,A2,This was the unforgettable trip of my life.,108
belt,noun,A2,He quickly put on his belt.,112
snore,noun,B2,The loud snore came from the bedroom.,159
waste,adjective,B1,The wasted journey meant we had to start all over.,126
restore,verb,B1,My grandfather used to restore old furniture in his garage.,178
swing,verb,B2,"There will be no children allowed to swing on the old, broken equipment.",173
mail,noun,A1,What does the postman take? - He takes the mail.,60
silver,adjective,A2,Is he wearing his silver watch today?,74
overall,adverb,B2,"Your flight will be delayed, but overall, the trip should be manageable.",146
broadband,noun,B2,I wish my old house had had decent broadband.,179
wrist,noun,B1,He felt a sharp pain in his wrist after falling off the bike.,120
countryman,noun,B2,The lost traveller was grateful to find a fellow countryman who could help him find his way.,151
act,verb,B1,The actor did act well in the play.,117
enjoy,verb,A1,I enjoy one apple.,24
renew,verb,B1,They decided to renew their gym membership.,121
disparage,verb,C2,His hard work was never meant to be disparaged.,156
report,noun,A2,You may submit the report tomorrow.,96
untidy,adjective,B1,My brother always untidy his room when he visited.,114
darkness,noun,B1,I didn't see the darkness approaching.,132
stitch,noun,B2,There is a loose stitch on the hem of my shirt.,171
room,noun,A1,Is this a big room?,7
explorer,noun,B2,The young explorer will be allowed to join the expedition next month.,142
cab,noun,A2,This taxi is more expensive than that cab.,109
replacement,noun,B2,Did you find any suitable replacement parts for the machine?,172
rebuild,verb,B1,They decided to rebuild the old theatre.,127
enthusiastically,adverb,B2,She hasn't visited the new park enthusiastically yet.,161
capable,adjective,B1,She didn't seem capable of finishing the task on her own.,132
western,adjective,B2,Many people will be able to travel across western Europe by train soon.,141
challenging,adjective,B1,Did you find that exam challenging?,133
so-called,adjective,B2,"He claimed his advice was essential, but the so-called expert only dreamt up solutions.",153
chilly,adjective,C1,Did you feel quite chilly during your walk this morning?,133
austerely,adverb,C2,"The old house stood austerely on the hill, its timbers weathered and worn.",155
domestically,adverb,C1,Our products sold quite well domestically.,131
subordinate,noun,C1,The junior officer was seen as a mere subordinate.,156
balance,noun,B1,She didn't find the right balance.,132
genius,noun,B2,She hasn't yet shown the world her full genius.,161
Englishman,noun,B1,"That tall man is an Englishman, isn't he?",138
ad lib,adjective,C2,Her speech must have been ad lib because she kept pausing to think.,177
taut,adjective,C1,Have you ever felt your muscles become taut from intense physical exertion?,162
constrained,adjective,C2,His movements were constrained by the tight space.,143
innermost,adjective,B1,She felt a deep sense of peace in her innermost self.,118
regional,adjective,B1,We will explore the regional differences in local food festivals.,180
iceman,noun,B2,"The story of the iceman, who kept his secrets well, was often told around the fire.",150
wall,noun,A1,The house has a high wall.,66
glow,noun,B2,She enjoys watching the embers' warm glow.,170
local,adjective,A2,You may not visit the local park today.,97
perfectly,adverb,A2,"You may not play with that toy; it is perfectly safe, but it's not yours.",97
beautiful,adjective,A1,Whose beautiful dress is this?,55
statue,noun,A2,"You can see the big statue in the park, can't you?",89
capacious,adjective,C2,The old trunk was capacious enough to hold all of their belongings.,141
comparison,noun,B1,This is the difficult comparison that makes it hard to choose.,175
feather,noun,A2,The bird lost a feather.,94
for,conjunction,A2,"The cake is not as sweet as I expected, for I prefer less sugar.",110
centigrade,noun,B2,The thermometer kept a steady reading of thirty centigrade.,150
buzz,verb,B2,The bee has just buzzed past my ear.,160
involve,verb,B1,The party involved a lot of dancing.,128
materialism,noun,C2,Is there any sign of materialism in their lifestyle?,172
sponsor,verb,B2,This new project can be sponsored by local businesses.,147
postcard,noun,B1,She bought a postcard yesterday.,116
remorse,noun,C1,Their future actions will be shadowed by a profound remorse for the suffering they have caused.,146
spelling,noun,B1,She spoke about her terrible spelling.,128
contemptuous,adjective,C2,She cast a contemptuous glance at him after he had sung that terrible song.,152
effective,adjective,B1,The medicine she bought was very effective.,118
unwanted,adjective,B1,I finally threw out the unwanted furniture that had been in the garage for years.,175
truth,noun,A2,I will tell you the truth myself.,101
roughly,adverb,A2,I must roughly finish my homework by tonight.,94
handsome,adjective,A1,I haven't got a handsome car.,11
roundup,noun,C1,"After the final police roundup, the city breathed a collective sigh of relief.",105
temperamentally,adverb,C1,"The acclaimed author, temperamentally predisposed to introspection, must now face the public eye for book signings.",94
pain,noun,B1,What kind of pain did you feel in your back last week?,135
sprawl,verb,C1,What colour do the city's suburbs sprawl?,54
wetland,noun,B1,The area which we visited was a beautiful wetland.,175
cruelty,noun,B2,The world has always dealt with the cruelty of war.,153
put,verb,A1,I put one apple on the table.,29
flick,verb,C1,"She flicked her wrist, and the ball sailed over the net.",150
poise,noun,C1,She is an actress. The actress maintained her composure and poise throughout the challenging interview.,16
fifth,noun,B1,I'll take the fifth if you keep asking me that.,180
classification,noun,B2,The new classification will be allowed to go into effect next month.,142
magnetically,adverb,C1,Must they be drawn so magnetically to the idea of global cooperation?,92
playful,adjective,A2,Must the puppy be playful?,92
detriment,noun,C1,"Ignoring professional advice can lead to your company's long-term detriment, can't it?",89
confrontational,adjective,C2,I wish I hadn't been so confrontational during the meeting.,179
anger,noun,B1,His sudden outburst of anger meant that no one wanted to speak to him.,126
menial,adjective,C2,He was given the menial job.,143
proprietary,adjective,C2,The company's new software is protected by proprietary technology.,156
obsession,noun,B2,I wish my brother didn't have such an obsession with collecting vintage video games.,179
nightmare,noun,B2,This project will be a nightmare if we don't start soon.,146
complexity,noun,B2,The project's difficulty was evident in its complexity.,143
emphasize/emphasize,verb,B1,The teacher emphasized the importance of practice.,130
replica,noun,B2,"The museum displayed a finely crafted replica of the ancient vase, which had been broken centuries ago.",154
differently,adverb,A2,What will happen differently next year?,81
college,noun,A1,What does she do at college?,60
hedge,noun,B2,Some overgrown hedge needs trimming.,171
farmland,noun,B1,The old tractor cut the overgrown farmland.,116
recite,verb,B1,She recited a poem she knew by heart.,124
coast,verb,B1,He coasted down the hill on his bike.,120
euphorically,adverb,C2,The crowd cheered euphorically at the victory.,159
refuse,noun,B1,The company's refuse piled up outside for days.,115
beaver,noun,B1,A beaver built a dam across the stream.,117
happy,adjective,A1,Is this a happy dog?,7
circuit,noun,B2,"You've raced on this go-kart circuit before, haven't you?",165
drawback,noun,C1,I wish I had known about that significant drawback before accepting the job offer.,179
athlete,noun,A2,"In case an athlete needs special food, we have it here.",104
telescope,noun,B2,I've never looked through a telescope before.,161
lawful,adjective,B1,She explained that the contract was entirely lawful.,174
look,verb,A1,"You look happy, don't you?",65
anxious,adjective,A2,The student is anxious about the exam.,94
cricket,noun,A2,Who will play cricket in the park?,82
home,adverb,A2,I'm not going home now.,73
sunrise,noun,B1,We saw the beautiful sunrise.,116
axiomatic,adjective,C2,We all agree to accept that the law of gravity is axiomatic.,167
efficient,adjective,B1,"This new system for sorting mail is very efficient, isn't it?",138
prejudge,verb,B2,"We are allowed to consider all evidence before making a decision, rather than prejudge the outcome.",142
freeze,verb,A2,He is starting to freeze because it's very cold.,71
coma,noun,B2,There is some hope for his recovery from the coma.,171
compare,verb,A2,We must compare these two apples.,93
save,verb,A1,Have you got money to save?,12
minus,preposition,B1,"We watched the movie, minus the last ten minutes.",114
ball,noun,A1,The dog doesn't fetch the ball.,58
breath,noun,B1,She took a deep breath and then spoke.,120
inexcusable,adjective,C1,Don't be late again; that sort of disrespect is inexcusable.,44
language,noun,A1,They teach me language.,46
exam,noun,A2,I will study for the exam myself.,101
download,verb,A2,Is he downloading the new game now?,74
forest,noun,A2,The fourth tree in the forest was the tallest.,113
text,noun,A2,What text will the teacher give us tomorrow?,81
spell,verb,A2,The first student to spell the word correctly won the prize.,113
threatening,adjective,B1,The dark clouds looked threatening.,136
arrest,verb,B1,The police used to arrest many people for minor offenses.,178
rush hour,noun,B2,The commuters had already flown into the city before rush hour.,155
conditional,adjective,C1,The agreement wasn't conditional on their approval.,134
influence,noun,A2,Her positive influence can help us.,84
predictive,adjective,B2,This company uses predictive analytics to forecast market trends.,143
torch,noun,B2,The old book could be damaged by the heat from the torch.,147
sound,adjective,B2,The broken vase made a sound that startled everyone.,154
reasonably,adverb,B2,Was the task reasonably completed on time?,158
candid,adjective,C1,We were **brought** to a more **candid** understanding of the situation after the negotiations were **fought** to a standstill.,149
nectar,noun,B1,The flower's nectar was delicious.,123
cripple,noun,B2,Have you heard about the new film focusing on the life of a former athlete who became a cripple after an accident?,162
cheeky,adjective,B2,There were no cheeky remarks from the usually boisterous children.,173
grant,noun,B1,The committee gave us a small grant.,131
neutral,adjective,B1,Her expression remained neutral when she heard the surprising news.,120
shiver,verb,B1,The cold wind made me shiver.,116
shatter,verb,B2,The glass must have shattered when it fell from the high shelf.,177
fight,verb,B1,She fought bravely for her beliefs.,118
same,adverb,A1,My brother eats the same.,64
loyalty,noun,B1,Her loyalty grew stronger with every passing year.,130
indispensable,adjective,B2,This new software has just been deemed indispensable for our operations.,166
thicket,noun,C2,The branches have been carefully cleared from the thicket.,166
full-time,adverb,B1,She worked full-time last year.,115
artistically,adverb,C1,"The statue, which was sculpted artistically by a renowned local craftswoman, immediately captured the attention of the museum visitors.",175
distract,verb,B2,His constant phone checking was a distracted viewer.,143
cyberpet,noun,B2,Some people are buying a new cyberpet for their children.,171
brotherhood,noun,B1,We didn't feel a real brotherhood in that group.,132
earth,noun,A2,He is planting a tree in the earth now.,71
surrounding,adjective,B1,Did you notice the surrounding buildings?,133
detrimental,adjective,C1,Lack of sleep is detrimental to one's overall health.,19
infernal,adjective,C2,I have just finished this infernal puzzle.,160
entry,noun,B1,My brother made a great entry in the competition last year.,125
minister,noun,B2,The minister is frequently consulted on matters of state.,144
annually,adverb,B1,The club organized a special event annually.,114
impresario,noun,C2,"If the impresario had secured more funding, the opera would have been a grand success, but sadly, he didn't.",139
observer,noun,B2,I appreciate the quiet observer watching the stars.,170
lengthen,verb,B2,Some shadows will lengthen as the sun sets.,171
first,adjective,A1,Who is this first person?,9
accept,verb,A2,He accepted the apology readily.,111
live,adjective,B1,The poet dreamt of a more live and vibrant world.,126
untalented,adjective,B2,"Despite practicing diligently, the untalented actor struggled to get a role in the local theatre production.",149
October,noun,A1,One October - many Octobers.,30
allegory,noun,C2,The novel was interpreted as a political allegory.,143
electrician,noun,B2,The experienced electrician expertly wired the new circuit.,155
like,conjunction,B1,He behaved like he had never seen snow before.,121
campus,noun,A2,He is walking across the campus now.,71
racist,noun,B2,He was labeled a racist by many for his outspoken opinions.,145
profound,adjective,C1,Can you grasp the profound significance of this cultural artifact?,86
legislation,noun,B2,We will have to understand the new legislation before we can apply it.,140
failure,noun,B1,His attempt was a complete failure.,128
railroad,noun,B1,Did you visit the old railroad museum last summer?,133
endurance,noun,B2,I haven't yet faced a challenge that truly tested my **endurance**.,161
were,be-verb,A1,The books were on the table.,19
birdcage,noun,B2,"You have painted this antique birdcage before, haven't you?",165
worthless,adjective,B2,This old equipment is considered worthless now.,144
boiled,adjective,A2,My breakfast egg isn't as soft as the other boiled egg.,110
league,noun,B1,He wasn't in the winning league.,134
nightclub,noun,B2,The music from the nightclub has finally been turned down.,166
minefield,noun,C2,I'm trying to avoid stepping into that political minefield.,168
all,determiner,A1,What kind of students do all teachers like?,53
copy,verb,A2,What can I copy from this document?,87
distill,verb,C2,I have just distilled the essential meaning of the book into a single paragraph.,160
petrified,adjective,B2,The explorers found the ancient statue to be completely petrified.,156
side-step,verb,C2,They are allowed to side-step the usual rules when dealing with emergencies.,142
freely,adverb,B1,She freely roamed the fields when she was younger.,122
sex,noun,B1,"They didn't discuss sex openly, did they?",138
paramedic,adjective,B2,Have you seen that paramedic helicopter land?,162
documentary,noun,B1,He said that the new documentary about penguins was very interesting.,174
promotion,noun,B1,The company's new advertising promotion cost them a lot of money.,116
shield,noun,B2,The ancient warrior brandished his shield.,152
proper,adjective,A2,This is the proper way to do it.,113
attitude,noun,A2,"In case of a negative attitude, we will have to reconsider the plan.",104
enemy,noun,B1,The brave knight spoke to his enemy.,128
unselfish,adjective,B2,She will have to be unselfish with her time if she wants to help everyone.,140
instantly,adverb,B2,Your request will be understood instantly.,146
disease,noun,B1,The patient felt weak because of the disease.,120
inseparable,adjective,B2,Do you think any two friends could be more inseparable than them?,172
anyone,pronoun,A1,They are anyone we know.,67
glimpse,noun,B1,I caught a glimpse of the rare bird before it flew away.,114
dialog/dialogue,noun,B1,We didn't have a real dialogue about the problem.,132
exhilaration,noun,C1,"If I had dared to go bungee jumping, the sheer exhilaration would have been unforgettable.",176
film-maker,noun,B1,The famous film-maker grew very excited when his first movie was released.,130
downstairs,adverb,A2,I may go downstairs later.,96
swing,noun,B2,The children had a wonderful time on the playground swing.,151
direct,adjective,A2,"After the direct flight lands, we will go home.",105
glance,verb,B1,The student who sat near the window would often glance at the clock during class.,175
softness,noun,B2,She has never experienced such incredible softness in a blanket.,161
indeed,adverb,A2,"You must finish the report, mustn't you, indeed?",95
stopwatch,noun,B2,Have you used the stopwatch to time your run?,162
countrywide,adjective,B2,A countrywide vaccination campaign was launched.,156
relax,verb,A2,I need to relax myself before the exam.,101
automate,verb,C2,I wish we could automate this process to save time.,179
haughty,adjective,C2,The haughty king's decree has been issued.,166
abstraction,noun,C1,Where does the artist find inspiration? He finds it in the realm of pure abstraction.,61
CV,noun,B1,Who was asked for their CV?,137
violate,verb,B2,The company was accused of having violated environmental regulations.,153
rally,verb,C1,The team has just rallied behind their new captain.,160
name,verb,B1,He named his dog Max last week.,119
water,verb,B2,I watered the plants this morning.,154
video clip,noun,B1,She was famous for that funny video clip.,123
philosophical,adjective,B2,"If I had more time, I would engage in more philosophical discussions.",139
PC,noun,A2,I can't use the PC.,85
reunify,verb,B1,"Last year, the neighbours argued, but this year they will reunify.",125
ox,noun,B2,The ancient farmer's field was plowed by a strong ox.,145
persistence,noun,B2,She has always admired his persistence in finishing the marathon.,169
aqua,adjective,C1,The previously pristine aqua lake wasn't polluted.,157
comfortable,adjective,A2,I can feel very comfortable here.,84
kick,verb,A1,Where does the ball kick?,20
notice,noun,A2,That’s the smallest notice I've ever seen.,106
astonishing,adjective,B2,The team has just achieved an astonishing victory in the finals.,160
February,noun,A1,One February - two Februarys,25
injury,noun,B1,He had a serious injury last year.,123
classical music,noun,A2,You may enjoy listening to classical music.,96
napkin,noun,A2,She is wiping her mouth with a napkin.,71
acid,noun,B2,Where is the stomach acid produced?,159
apologize/apologise,verb,A2,He apologized sincerely for his mistake.,111
waterfront,noun,C1,"He was a familiar face on the waterfront, having spent his youth working the docks.",122
wish,verb,A2,I wish I must go to bed now.,90
engagement,noun,B2,Their active engagement in the project was sung by everyone involved.,152
preliminary,adjective,B2,Preliminary tests were conducted yesterday.,145
across,preposition,A2,She walked quickly across the street.,111
geologically,adverb,C1,The region is geologically fascinating on a vast continent.,35
impatiently,adverb,B2,"She kept looking at her watch impatiently, imagining arriving at the party already.",170
taunt,noun,B2,His cruel taunt went unanswered.,164
signal,verb,C1,She didn't signal her intention to leave the meeting.,132
turn to ,verb,C1,"If you were to turn to him for support now, he would likely offer his assistance, but since you've always handled things independently, you hesitate to ask.",139
rickety,adjective,C2,The old bridge will be repaired before the rickety steps are used again.,146
edify,verb,C2,I have never read a book that so clearly aimed to edify its readers.,161
epoxy,noun,C2,We will be able to finish the table with that epoxy.,141
docile,adjective,C1,Is there a more docile temperament among the rescued animals?,38
dial,verb,B1,She dialled the number carefully.,114
port,noun,B1,We didn't arrive at that port yesterday.,132
worn,adjective,B1,She mentioned that her shoes were very worn.,174
fund,verb,B1,We will fund the new community project.,180
interview,verb,B1,I wasn't going to interview the manager today.,134
creatively,adverb,B2,"If the designers approached the problem more creatively, they would find a much better solution, but they're sticking to the same old ideas.",139
responsibility,noun,B1,"You didn't take responsibility for the mistake, did you?",138
unfortunate,adjective,B1,The unfortunate accident happened yesterday.,115
search,noun,A2,I'm in the middle of a search for my keys.,70
spaceship,noun,A2,What will we see in the sky? We will see a big spaceship.,81
invisible,adjective,B2,The stain was invisible after it was thoroughly removed.,145
resoundingly,adverb,C2,She enjoyed listening resoundingly to the opera singer's powerful voice.,170
essence,noun,B1,My grandfather would often tell stories about the essence of simple living.,178
toxic,adjective,B2,"The company's leaders had always meant to address the toxic work environment, but they had never actually done so.",153
theorist,noun,B2,The new approach to quantum mechanics isn't supported by every leading theorist.,157
classic,adjective,A2,Who is wearing that classic jacket?,76
cheerfully,adverb,B2,"He cheerfully offered to help with the heavy boxes, just as he had always done.",150
dating,noun,B1,The modern dating app that she uses is very popular.,175
sprout,verb,C1,One seedling sprouts; many seedlings sprout.,29
pose,verb,C1,"The expedition didn't pose any significant risks, did it?",138
keen,adjective,B2,The old bicycle can be keen to start on cold mornings.,147
garlic,noun,A2,"After I chop the garlic, I will add it to the pan.",105
sandwiched,adjective,C2,"The small dog, looking rather unhappy, was sandwiched between two much larger cats.",154
zoom,noun,B2,Is there any zoom in the camera's settings that you want to adjust?,172
microorganism,noun,B2,The scientist had bought many samples of the microorganism for her research.,149
manager,noun,A2,We are speaking to the manager right now.,72
eccentric,noun,C1,That distinguished gentleman isn't a mere eccentric.,3
respected,adjective,B2,He is respected as a skilled craftsman in the community.,141
dull,adjective,B1,The movie which we watched last night was quite dull.,175
slice,verb,B2,Could you slice me any more of that delicious cake?,172
annoyed,adjective,B1,My neighbour annoyed me by playing loud music late at night.,136
compatible,adjective,B2,Is this new software compatible with any of your older devices?,172
hundred,number,A2,A hundred people may attend the party.,99
maybe,adverb,A1,Who maybe likes pizza?,63
invariable,adjective,B2,My grandmother's advice has always been an invariable source of comfort.,164
male,noun,A2,The teacher may not allow the young male to join the team.,97
haste,noun,B2,There was no haste in his departure.,173
unavailable,adjective,B2,"You've tried to book the tickets for next week, haven't you? - Yes, but they were unavailable.",165
rarely,adverb,B1,She rarely brought cookies to the class.,124
calamitously,adverb,C2,Our vacation plans were calamitously disrupted by a sudden storm.,144
involvement,noun,B2,"If your involvement in the project was more consistent, we would have completed it by now.",139
duck,noun,A2,We must find a safe place to duck.,90
intermission,noun,B1,We sang for a bit during the intermission.,124
across,adverb,A2,We are looking across the street.,72
tree,noun,A1,The big tree grows leaves in spring.,57
plum,adjective,C2,What a plum dessert you've prepared!,163
undergraduate,noun,B2,"The student must be an undergraduate, as she's only just started her degree this year.",177
maestro,noun,B2,She hasn't had the chance to study under the renowned maestro yet.,161
interrogation,noun,C2,The suspect had his interrogation postponed due to illness.,181
babysitter,noun,B1,My sister often worked as a babysitter.,131
golf,noun,A2,"If the weather is good, we can play golf.",102
very,adverb,A1,There are very few apples in the basket.,32
ponderous,adjective,C2,"If the process wasn't so ponderous, we would finish the project on time.",139
verbatim,adverb,C2,The speaker's words were repeated verbatim.,156
appreciate,verb,A2,You may appreciate the quiet.,96
deem,verb,B2,"If they deemed the project too risky, they would have cancelled it by now, but they are continuing with it.",139
bell,noun,A1,Where is the bell?,20
inexcusably,adverb,C1,The delay in addressing the environmental crisis was inexcusably prolonged.,19
otter,noun,C1,"If the river wasn't polluted, we would see an otter playing there.",139
nobody,pronoun,A2,Nobody is as tall as the giant in the story.,110
humble,verb,C1,What has this journey humbled him with?,18
essentially,adverb,B2,What have you been up to recently? It's essentially a new adventure.,163
honor/honour,verb,B2,I have never had the honor to meet such a distinguished artist.,161
impartial,adjective,B2,The judge must remain impartial when hearing the evidence.,155
drag,verb,B1,He dragged his suitcase across the floor.,121
fraction,noun,C1,A fraction of the population understood the complex theory.,117
substantial,adjective,B1,There was a substantial amount of food at the party.,123
bind,verb,B2,His strong principles bind him to his promises.,164
ravish,verb,C2,"At the ball, the dancers would ravish the eyes of the onlookers.",159
skyward,adverb,B2,She imagined the balloon drifting skyward.,170
unmediated,adjective,C2,Is this experience truly unmediated?,158
souvenir,noun,B1,She bought a small wooden souvenir.,129
protrude,verb,C2,A sharp corner of the box must not protrude.,147
pigeon,noun,C1,Where is that particular pigeon usually found during the morning hours?,20
enough,adverb,A2,Must we study enough?,92
poem,noun,A1,There is a poem on the wall.,36
studio,noun,B1,My sister painted this in her art studio.,136
rag,noun,B2,My dad used a dusty rag to wipe down the old car.,164
implication,noun,B2,Does this proposal have any serious implication for the environment?,172
cousin,noun,A1,She is my cousin.,67
audit,verb,C2,She has never had her accounts audited.,161
ham,noun,A2,Must I put ham in the sandwich?,92
trampoline,noun,C1,Whose backyard features a brightly colored trampoline?,64
sick,adjective,A1,There isn't a sick cat in the house.,37
helper,noun,B2,My son wasn't given a helper for his math homework.,157
blog,noun,B1,I didn't write that blog post.,132
their,determiner,A1,Whose are these? They are their books.,9
to,preposition,A1,"You go to school, don't you?",65
wine,noun,A2,I will pour the wine myself.,101
revival,noun,B2,The city's economic revival has not been widely acknowledged.,157
unexpected,adjective,B1,"A sudden, unexpected noise scared the cat.",117
scribble,noun,B2,My child's favorite toy is a tablet where their latest scribble is always displayed.,144
meaning,noun,A2,I can understand the meaning of this word.,84
lest,conjunction,B2,"You haven't brought your umbrella, lest you get caught in the rain again, have you?",165
invention,noun,A2,"This new invention is working well, isn't it?",77
unattractive,adjective,B2,"If the building wasn't so unattractive, more people would consider moving into the neighborhood.",139
lower,verb,B2,"The temperature must have started to lower, as I feel a chill.",177
motorway,noun,A2,We may drive on the motorway tomorrow.,96
catastrophic,adjective,B2,They will have to prevent a catastrophic environmental collapse.,140
invitation,noun,B1,We always used to receive a formal invitation to their annual party.,178
reflect,verb,A2,"The glass will reflect the light, won't it?",83
significantly,adverb,B2,The economic downturn significantly affected the company's profits.,153
opinion,noun,A2,What is your opinion about the new park?,75
blooming,adjective,B2,Do you see any blooming flowers in the garden?,172
time,verb,B2,"If we had more time, we would surely complete this project by Friday, but unfortunately, we're running out of it.",139
caption,noun,B2,The image has been enhanced with a humorous caption.,166
crony,noun,C2,He felt his old crony had lied.,150
correction,noun,B1,Who was responsible for the correction?,137
supplier,noun,B2,The delivery van must belong to our new supplier; we weren't expecting anyone else.,177
seesaw,noun,B2,Some children were happily riding the seesaw in the park.,171
effortless,adjective,C1,Will climbing that mountain feel effortless for you after all your training?,80
headline,noun,B1,My dad wrote the headline.,136
latter,adjective,B2,We had the latter half of the project completed ahead of schedule.,181
sigh,verb,B2,What have you done? - I just sighed with relief.,163
aspect,noun,B1,She carefully considered every aspect of the project and then completed her part.,114
regain,verb,B1,What did she do after the long illness to feel stronger? She worked hard to regain her health.,135
sock,noun,A2,Must I wear a silly sock?,92
altitude,noun,B2,The plane's altitude can be checked on the display.,147
angle,verb,C1,She didn't angle the conversation towards her own achievements.,132
connotation,noun,C2,That phrase will be understood to have a negative connotation.,146
freak,verb,B2,This constant worry is starting to freak me out.,143
fairly,adverb,A2,"Who may drive this car? - Only experienced drivers may, and they must drive fairly.",100
niece,noun,B1,"My sister's daughter, my niece, was visiting last week.",122
football,noun,A1,one football - two footballs,28
selection,noun,B1,What kind of souvenirs did you find in that shop's selection?,135
graft,noun,C2,Was the new graft successful?,158
frequency,noun,B1,That low frequency wasn't what I expected.,134
sarcastic,adjective,C1,She thought his sarcastic remark was rather amusing.,118
climbing,noun,A2,He is enjoying climbing mountains.,71
businessman,noun,A2,Who will lead the company? - A successful businessman.,82
above,preposition,A1,What colour hat is above the door?,54
comprise,verb,C1,The committee is currently comprising ten esteemed members.,71
housekeeper,noun,B2,The hotel has no housekeeper available to clean our room today.,173
god,noun,B2,The ancient people thought the storm was the work of their god.,149
probably,adverb,A2,What will we do this weekend? We'll probably watch a film.,81
onto/on to,preposition,B1,She climbed onto the roof to get a better view yesterday.,115
idiosyncrasy,noun,C2,Some people have a peculiar idiosyncrasy for collecting old stamps.,171
idiosyncratic,adjective,C2,"You have such an idiosyncratic way of organizing your books, haven't you?",165
toy,noun,A1,Where is my toy?,20
offend,verb,B2,Who has tried to offend the teacher?,164
red,noun,A2,"You can borrow my red pen, can't you?",89
sponsorship,noun,C1,The charity's initial sponsorship of twenty-nine thousand dollars grew to thirty thousand dollars by the end of the fiscal year.,26
public,noun,A2,You mustn't smoke in public.,91
flag,noun,A1,This is a flag. The flag is red.,16
latter,adverb,A2,"I can indeed cook, but latter, I can't bake.",84
online,adverb,A2,"Learning a new language can be as rewarding as doing it in person, especially when you study online.",110
maximum,noun,B1,"They gave their best effort, reaching the maximum of their abilities.",119
refurbish,verb,C1,Don't refurbish that antique furniture without consulting an expert.,44
wicked,adjective,C1,"After the wicked clown has finished his act, the children will be able to sleep soundly.",105
custom,noun,A2,I am following a local custom now.,70
preconception,noun,C2,My preconception about him was proven wrong when I actually met him.,151
peacock,noun,C1,"They are the proud peacock, strutting their iridescent feathers.",67
underage,adjective,B1,He dreamt he was caught by the police for buying alcohol when he was underage.,126
primitive,adjective,B1,They felt that the tools were too primitive for the task.,120
nervously,adverb,B2,The package was nervously opened.,166
crystallization/crystallisation,noun,C2,The crystallization of her ideas must have taken a long time.,177
breakthrough,noun,B1,The team dreamt of a scientific breakthrough.,126
ill,adjective,A2,Who must stay home? The ill child must.,94
hammer,verb,B2,"You've hammered out the details of the project before, haven't you?",165
speaker,noun,A2,The speaker must talk clearly.,90
use,noun,A2,We must make good use of our time.,90
prurience,noun,C2,Have you noticed the reader's prurience in the newspaper articles?,162
procedural,noun,C2,What of the procedural have you found most helpful for learning new skills?,163
store,verb,B2,Do you store any extra blankets in the attic?,172
designer,adjective,B2,She considered buying the designer dress for the party.,169
slope,noun,B1,We walked up the steep slope to reach the summit.,115
concur,verb,C1,The witness could not concur that the suspect was the same person.,3
rhythm,noun,A2,I can't find the rhythm in this music.,85
guess,verb,A1,What do you guess it is?,60
adjoining,adjective,C1,What kind of rooms can we book? - Two adjoining rooms.,87
dog,noun,A1,Where do you walk your dog?,52
unconventional,adjective,C1,She was known for her unconventional approach to problem-solving.,123
childish,adjective,B2,You will have to stop being so childish.,140
according to,preposition,B1,"According to the witness, the bell rang loudly.",124
label,noun,B2,The package was clearly labelled.,150
criminal,noun,B1,The police are trying to track down the criminal.,180
inverted commas,noun,B2,My comment was put in inverted commas by the editor.,145
underline,noun,A1,Whose red underline do you see?,55
somewhat,adverb,B2,I have somewhat improved my cooking skills recently.,160
chocolate,noun,A1,She gives me chocolate.,46
haughtily,adverb,C2,The ambassador was haughtily dismissed by the guards.,145
thought,noun,A2,Must we consider this thought?,92
air force,noun,B1,My uncle served in the air force for twenty years.,180
short,adjective,A1,Are there any short trees in the park?,41
excursion,noun,B2,Where was the enjoyable hiking excursion planned?,159
transcript,noun,B2,What did you receive from the university? - The official transcript.,163
bartender,noun,B2,The tired bartender decided to close up early for the night.,167
quote,noun,B2,Do you have any particular quote you'd like to share from the book?,172
imaginary,adjective,B1,She thought about an imaginary world.,118
lasting,adjective,B1,His kindness left a lasting impression.,117
stuck,adjective,B1,She was stuck in traffic on her way home.,122
supervise,verb,B2,The construction site needs to be supervised at all times.,147
portion,noun,B2,I have just finished my portion of the cake.,160
banker,noun,B2,The experienced banker advised them on their investment strategy.,143
settee,noun,C1,I imagine lounging on that plush velvet settee for hours.,170
comb,noun,A2,Who must use the comb?,94
moor,noun,C2,They intend to moor the boat there.,168
awesome,adjective,B1,What awesome band did you see last night?,135
trust,noun,B2,I have just gained her trust.,160
I,pronoun,A1,I don't drink coffee in the morning.,49
climactic,adjective,C1,This isn't the climactic confrontation we were expecting.,3
gun,noun,A2,You may not bring that gun inside.,97
alternate,verb,B2,The two shifts alternate each week to give everyone a break from the night duty.,149
infection,noun,B1,"The doctor said you had an infection, didn't he?",138
working,adjective,B1,She felt the working of the engine getting smoother.,120
performer,noun,B1,The talented performer's song cost us nothing to hear.,116
precisely,adverb,B2,"If she had studied harder, she would have passed the exam precisely as she had hoped.",139
disability,noun,B1,She didn't mention her disability when she applied.,132
April,noun,A1,Does April start in spring?,59
paint,verb,A1,It isn't green paint.,3
all-encompassing,adjective,C2,They consider his proposal an all-encompassing solution to the problem.,169
unenviably,adverb,C1,"The explorer's mission, despite its potential for discovery, progressed unenviably through the treacherous jungle.",117
afternoon,noun,A1,There are many people in the park this afternoon.,39
sustain,verb,B2,No one can sustain such a demanding workload without regular breaks.,173
informant,noun,C2,Was the informant questioned about the stolen goods?,158
perceptive,adjective,C1,"Perceptive observers, noticing subtle shifts in body language, often anticipate behavioral changes.",69
arrow,noun,B1,He dreamt his arrow flew true.,126
fashion,noun,A2,She dresses in a very modern fashion.,94
adopt,verb,B1,Did you adopt a cat last year?,133
advertisement,noun,A2,Will this advertisement be effective?,80
compassion,noun,B2,His spoken words were filled with such compassion.,154
addicted,adjective,B2,I wish I hadn't become so addicted to watching that TV series.,179
irrational,adjective,B2,My fear of spiders is completely irrational.,157
terrace,noun,B2,I have never enjoyed a meal on a terrace quite like that one.,161
mislead,verb,B1,The misleading advertisements cost the company a lot of money.,116
cool,verb,B2,Is the project cooled down by the recent regulations?,158
import,verb,B2,We will be able to import the necessary materials next month.,141
step,verb,A1,This is a boy. The boy can step.,16
incorrect,adjective,B1,My answer to the last question was incorrect.,114
humanity,noun,B1,That discovery helped all of humanity.,117
walnut,noun,B2,The cake will be topped with a whole candied walnut.,146
midnight,noun,A2,You may leave after midnight.,99
colorful/colourful,adjective,A2,"In case the party is outside, bring something colorful to wear.",104
increase,noun,B1,A sudden increase in temperature melted the ice.,117
fiscal,adjective,B2,The government seems to avoid making any significant fiscal changes until after the election.,169
counseling/counselling,noun,B1,That wasn't the best time for counseling.,134
our,determiner,A1,Where is our book?,20
irrevocably,adverb,C2,Her reputation was irrevocably damaged by the scandal.,144
send,verb,A2,I am sending an email now.,70
vow,noun,B2,They made a solemn vow to protect the ancient forest.,167
amateur,adjective,C1,What kind of performance must the community theater stage? They must stage an amateur production.,93
yell,verb,B2,Some people in the crowd began to yell when the band came on stage.,171
compassionate,adjective,B2,"She has always been a compassionate listener, hasn't she?",165
vocalist,noun,B2,The lead vocalist has already been chosen.,166
scare,verb,B1,The sudden noise didn't scare him.,122
innate,adjective,B2,The artist possessed an innate talent for capturing emotion.,143
crystallize/crystallise,verb,B2,The details of the plan were finally beginning to crystallize after months of discussion.,156
hilarious,adjective,B2,"If she hadn't tripped over her own feet, the resulting pratfall wouldn't have been so hilarious.",139
strengthen,verb,B1,It's good to exercise regularly to strengthen your muscles.,182
intelligent,adjective,A2,What kind of computer can you buy? An intelligent computer.,87
fly,verb,A1,What have you got? - I've got a kite to fly.,13
muscle-bound,adjective,C2,He grew up feeling muscle-bound and clumsy.,155
ephemerality,noun,C2,We have sung about the ephemerality of summer's warmth.,152
OK/okay,adverb,A1,There is okay coffee in the shop.,36
amused,adjective,A2,We are amused by the funny video.,72
lot,pronoun,A1,It is a lot.,66
subtly,adverb,C1,"The artist subtly altered the composition, and the viewer intuitively felt the shift in mood.",120
curl,noun,B2,She continued to consider the tiny curl of smoke rising from her cigarette.,169
kindly,adverb,B1,My neighbour kindly helped me move the heavy sofa.,136
chase,noun,B1,It's exciting to be part of a wild chase.,182
hibernation,noun,C1,Has the bear entered its hibernation period yet?,172
connect,verb,B1,My friend said that she could connect the two ideas easily.,174
onstage,adjective,B1,The actress watched her onstage partner nervously.,114
merry,adjective,A1,I don't have a merry laugh.,49
heart attack,noun,B1,He had a heart attack last year.,124
schoolmate,noun,B1,He was my old schoolmate from primary school.,123
accident,noun,A2,Can you tell me about the accident?,86
bathroom,noun,A1,Let's not go to the bathroom yet.,48
wheat,noun,B2,The farmer has harvested a large field of wheat.,164
collar,noun,B1,The dog shook its collar vigorously.,115
nostril,noun,B2,She will have to breathe through her other nostril.,140
work,verb,A1,Do you work in an office?,50
bomb,verb,B1,The movie didn't bomb at the box office.,134
ranger,noun,B2,Do you know if any park ranger has reported unusual wildlife sightings recently?,172
stain,noun,B2,I wish that red wine hadn't left such a permanent stain on my new carpet.,179
faint,verb,B2,She has never fainted during a public speech before.,161
tramp,noun,B2,A lonely tramp is often seen sleeping in the park.,144
passionate,adjective,B2,The passionate artist's work will be displayed at the new gallery.,146
kiss,noun,A1,Are there any kisses for me?,41
second,adverb,B1,"I'll help you set up the table, and second, I can get the drinks.",180
fine,verb,B2,The company will fine anyone who parks in the disabled bays without a permit.,148
carnival,noun,B2,Have you ever visited a carnival during the summer?,162
rough,adjective,B1,The ship had a rough journey.,119
woman,noun,A1,How many people see this woman?,56
original,adjective,A2,This painting is more original than that one.,107
ID card,noun,A2,My new ID card isn't as colourful as my old one.,110
bill,noun,A2,This bill is not as expensive as the other one.,110
strongly,adverb,A2,I am strongly believing in my team's success.,70
melancholy,noun,C2,He had a touch of melancholy about him after the sad news.,181
variation,noun,B2,We felt a slight variation in the temperature today.,150
furthermore,adverb,B1,"What did the museum display last year? It had old coins, and furthermore, it showed ancient maps.",135
rite,noun,B2,He won't be allowed to participate in the ancient rite until he's proven his worth.,142
characterization/characterisation,noun,C1,"The nuanced characterization of the protagonist in the novel was praised by many readers, a stark contrast to the simplistic characterizations found in earlier works.",24
driver,noun,A1,Who is the driver?,63
virtue,noun,B2,Does honesty have any virtue in a society that values ambition above all else?,172
textbook,noun,A2,I won't use that expensive textbook for the exam.,79
misplace,verb,C1,I've mislaid my keys again; they must have been misplaced during my morning rush.,154
humbug,noun,B2,The whole affair was nothing but humbug.,157
cardboard,noun,B2,We don't have to use cardboard for the packaging.,140
pencil,noun,A1,one pencil - two pencils,27
rainfall,noun,B1,The sudden rainfall soaked our picnic blanket.,117
release,noun,A2,"When the movie has its release, we will go to the cinema.",103
title,noun,A2,"If you win the competition, you will get a special title.",102
abundantly,adverb,C2,He will be able to support his family abundantly in the future.,141
sum,noun,A1,a sum of money,42
eighty,number,A1,Is there a group of eighty people?,38
representative,noun,B1,Our team representative spoke to the manager.,117
generalize/generalise,verb,B2,We shouldn't generalize about all students' abilities based on a few examples.,157
detestable,adjective,C1,One detestable habit can quickly lead to another detestable habit.,25
subject,noun,A1,a box of subject,42
feel,noun,A2,Will I feel happy after this?,80
phone,noun,A1,Don't use the phone.,44
valentine,noun,B2,I've never received a proper valentine.,161
armful,noun,B2,I got an armful of flowers delivered for my mother.,181
fanatic,noun,C1,He isn't acting like a fanatic about the new policy at the moment.,73
psychiatric,adjective,C1,They are undergoing psychiatric evaluation.,67
fine,noun,B1,Did you pay the fine for being late?,133
fax,noun,B1,Did you send the fax yesterday?,133
poverty,noun,B1,The government tackled poverty in the region.,127
honorable/honourable,adjective,B2,The award can be given to any honorable member of the community.,147
download,noun,B2,The latest software download was completed without any issues.,145
undemonstrative,adjective,C2,"Her approval, though undemonstrative, was clearly felt.",156
move,verb,A2,We must move to a new house.,90
unauthorized/unauthorised,adjective,B2,The company prevents employees from accessing unauthorized files.,169
success,noun,A2,Must we try our best for success?,92
gruesomely,adverb,C1,What may be found gruesomely depicted in the exhibit?,99
passion,noun,B1,That wasn't her true passion.,134
background,noun,A2,"You can see the mountains in the background, can't you?",89
conservation,noun,B1,We need to carry out conservation of water during the dry season.,180
value,verb,B2,We truly valued their honest feedback.,150
out-of-date,adjective,B1,I threw out the old newspaper because its information was out-of-date.,128
quite,adverb,A2,This coffee is quite good.,112
intuition,noun,C1,Will my intuition guide me correctly about what to do next?,80
Shakespearean,adjective,B2,The play was considered rather Shakespearean in its dramatic intensity.,145
past,preposition,A1,What colour is the car past the tree?,22
principal,adjective,A2,Can you explain the principal reason for this change?,86
elective,adjective,B2,"The decision about which subject to study was an elective one, chosen by the student.",156
understanding,adjective,B2,This issue is being met with increasing understanding.,144
bread,noun,A1,It isn't white bread.,3
stepmother,noun,B2,My stepmother brought me up with great care after my mother passed away.,149
bishop,noun,B1,The king moved his bishop across the board.,122
moment,noun,A1,Where is the book at this moment?,20
opera,noun,A1,There are no operas on TV.,40
ecological,adjective,B1,My old school had an ecological garden.,122
qualify,verb,B1,He didn't qualify for the team last year.,123
reverse,verb,B2,"If the weather didn't reverse its trend, we would have to cancel the picnic.",139
nobility,noun,B2,She advocates for upholding the nobility of the legal profession.,170
somewhere,adverb,A2,We might go somewhere nice for dinner.,99
garage,noun,A2,"You must park the car in the garage, mustn't you?",95
brush,noun,A1,This isn't a small brush.,6
cultish,adjective,C2,His followers had a cultish devotion to him.,154
giggle,noun,B1,I heard a giggle that sounded like my little sister.,175
remedy,noun,B1,This new medicine is a remedy that can help many people.,175
simplify,verb,B1,The task wasn't to simplify the instructions.,134
pie,noun,B1,She dreamt of a big apple pie.,126
fascination,noun,B2,The deep fascination with ancient history is often sparked by museums.,156
spread,noun,A2,We must stop the spread of pollution.,90
long-distance,adjective,B2,We sent a long-distance runner a telegram to congratulate them.,148
welcome,adjective,B1,Your visit was most welcome yesterday.,127
themselves,pronoun,A2,They cannot see themselves clearly in the mirror.,85
waist,noun,B2,The dress can be taken in at the waist.,147
sensation,noun,B1,The whole crowd felt a strange sensation when the singer suddenly stopped.,124
ornamental,adjective,C1,"That intricate ironwork on the gate is purely ornamental, isn't it?",138
reach,noun,B1,Did you get to the house before the reach of the storm?,133
explosive,noun,B2,The bomb squad wasn't allowed to touch the unstable explosive.,142
ordain,verb,C2,The council considers ordaining new rules.,169
dismay,noun,C1,The architect felt a growing dismay as she realized the most significant part of the design was the least feasible.,107
later,adjective,B2,Do you have any later trains departing today?,172
change,verb,A1,She will change me.,46
professionalism,noun,C1,Exceptional customer service is consistently demonstrated through their unwavering professionalism.,156
reclusive,adjective,C2,The artist has been reclusive since his last exhibition.,160
subsidize,verb,C2,The government will subsidize new businesses next year.,146
near,adverb,B1,We would often walk near the park when we were children.,178
promote,verb,B1,The manager didn't promote her for the new role last month.,132
sticky,adjective,B1,My friend said that the jam was too sticky to spread.,174
conduct,noun,B1,Their conduct during the meeting woke everyone up.,128
witty,adjective,B2,Some of the guests at the party made particularly witty remarks.,171
demand,noun,B1,The market saw a high demand for these items last week.,119
learn,verb,A1,I learn in a small school.,35
bless,verb,B1,The kind old woman blessed them before they left.,125
extracurricular,adjective,C2,The students have already flown through their academic work and are now focusing on their extracurricular activities.,155
ruin,noun,B1,The strong winds blew the old ruin down.,130
occasion,verb,B1,The celebration occasioned much happiness.,128
cynically,adverb,C1,"Let him suggest a solution, though I cynically doubt it will be implemented.",47
everybody,pronoun,A1,Everybody ate a little cake.,33
unrealistic,adjective,B2,The expectation that he could finish the project in just one day was completely unrealistic.,154
formation,noun,B2,The ancient rock formation had been carved by wind and rain over centuries.,152
coziness/cosiness,noun,B2,We all strive to create a sense of coziness in our homes.,168
unfriendly,adjective,B1,The man acted quite unfriendly yesterday.,121
precise,adjective,A2,The artist needs a precise pencil for his drawing.,94
pentagon,noun,B2,The team had broken into a defensive pentagon formation.,154
unfeasibly,adverb,C2,The project was unfeasibly delayed by unforeseen circumstances.,154
singular,noun,A2,This new job will be a singular opportunity for me.,78
supernatural,adjective,B2,The ancient tales often spoke of supernatural creatures that roamed the hidden forests.,153
dynasty,noun,B1,The ancient Chinese empire had a very long dynasty.,122
flutter,noun,B2,The butterfly's delicate flutter was allowed to grace the garden.,142
voice,noun,A2,Can you hear my voice?,86
storage,noun,B1,She **ran** the extra boxes to the garage **storage** area.,124
discuss,verb,A1,We can discuss the book.,19
frankly,adverb,B2,"Frankly, some of the students seemed a bit confused by the instructions.",171
process,verb,B2,We need to process these documents carefully.,148
riddle,verb,B1,He thought he had riddled out the puzzle's solution.,118
shake,verb,B1,She shook his hand warmly after the meeting.,125
pupil,noun,B1,The pupil didn't understand the instructions.,132
bye,noun,A1,Who is that? That's a bye.,9
cautious,adjective,B1,She was always cautious when crossing the busy street.,115
sparkling,adjective,B2,She will be allowed to wear the sparkling necklace to the party.,142
boy,noun,A1,I've got a boy.,10
combination,noun,B1,We dreamt of a secret combination to unlock the treasure chest.,126
crucial,adjective,B2,"I have just finished the project, and completing this last task is crucial.",160
tasty,adjective,B1,She grew tasty tomatoes in her garden.,130
untangled,adjective,C1,Who was untangled from the thorny problem?,137
contribute,verb,B1,She contributed to the group project last week.,123
chest,noun,A2,He is touching his chest.,75
leaf,noun,A1,Where does the leaf fall?,61
queue,verb,B2,I've never had to queue for so long before.,161
innovate,verb,C1,What color is the strategy that allows them to innovate?,22
rib,noun,B2,Have you ever broken a rib?,162
firmness,noun,B2,She appreciates the firmness of his decisions.,170
posh,adjective,B2,Have you seen any posh restaurants around here?,172
confidently,adverb,B2,"She confidently gave her presentation, having practiced it until she spoke fluently.",154
topographical,adjective,C2,The explorers must have studied the topographical maps carefully before their expedition.,177
lend,verb,A2,He will kindly lend me his book.,111
sorry,adjective,A1,This is a student. The student is sorry.,19
beautify,verb,B2,We will be able to beautify the community garden with more flowers.,141
again,adverb,A1,He eats pizza again.,57
philanthropist,noun,C2,Has the local community attracted any wealthy philanthropist to support the new hospital wing?,172
enthusiast,noun,B1,"She was a keen gardener, a real nature enthusiast.",123
burst,noun,C1,You may not cause a burst of laughter during the solemn ceremony.,97
outdoors,adverb,B1,We slept outdoors last night.,120
waiter,noun,A1,I am the waiter.,68
improvement,noun,B1,He spoke about the improvement in his test scores.,128
dissolve,verb,B1,The old club members decided to dissolve their group last year.,123
page,noun,A1,Whose page is this?,21
tolerate,verb,B2,She had to tolerate his constant complaining.,151
storm,noun,A2,What will happen after the storm?,81
item,noun,A1,Put the item here.,43
conceive,verb,B2,"You've conceived of a brilliant plan, haven't you?",165
remonstrate,vern,C2,The parents remonstrated their child for misbehaving.,152
affectionately,adverb,B2,The dog wagged its tail affectionately when its owner spoke its name.,154
moonlight,noun,B2,The song was sung under the pale moonlight.,152
damply,adverb,C1,"The cat's fur, pressed damply against the car window, was the worst he had ever felt.",108
cushion,noun,B1,What color was the cushion on the old armchair?,135
lawn,noun,B2,"You've mowed the lawn this week, haven't you?",165
approach,noun,B1,Their approach to solving the problem was quite clever.,121
geology,noun,B1,The professor who teaches geology is very knowledgeable.,175
wear,verb,A1,How many hats do you wear?,56
influenza,noun,B2,The entire team wasn't able to come to work yesterday due to a bad bout of influenza.,141
dental,adjective,B2,My teeth were checked and cleaned during the regular dental appointment.,154
turn,noun,A1,There isn't a turn to the left.,37
prepare,verb,A2,I can prepare dinner.,84
utter,verb,B2,What secrets did you utter in your sleep?,163
fluency,noun,B2,She admits improving her language fluency took dedication.,169
manicure,verb,C1,Have you ever had your nails manicured professionally?,162
solvent,noun,B2,I wish the company had found a solvent buyer before it went bankrupt.,179
generous,adjective,B1,My neighbour always shared his garden vegetables because he was very generous.,114
ice skating,noun,B1,She loved ice skating when she was younger.,135
point,noun,A1,What point do you want to make?,53
ancient,adjective,A2,"This temple is ancient, but that one is even more ancient.",106
fly,noun,A1,Let's not swat that fly.,48
trio,noun,B2,The popular song was performed by a talented trio.,156
tissue,noun,B1,She carefully dabbed her eyes with a soft tissue.,114
paper,noun,A1,Let me give you the paper.,47
consultant,noun,B2,We sought a consultant who had fought many similar battles.,149
scenario,noun,C1,"In the worst-case scenario, the company might have to declare bankruptcy.",35
remote,adjective,A2,This village is more remote than the town.,107
stop,noun,A1,a stop of the bus,42
quit,adjective,B2,He had a quit attitude about finishing the difficult task.,148
was,be-verb,A1,The book was in the bag.,35
best,adverb,A1,How much water do you drink best?,34
delight,noun,B1,The music brought us great delight yesterday.,115
exhilarate,verb,C1,What does the thrill of discovery do to a scientist? It can exhilarate them.,51
lawyer,noun,A2,"The client must speak to the lawyer, mustn't they?",95
pride,noun,A2,"When she wins, she will feel great pride.",103
learning,noun,B2,There was no learning happening in that chaotic classroom.,173
birthplace,noun,B2,The city's rich history can be traced back to its birthplace.,147
timeless,adjective,B2,The story of Romeo and Juliet is a timeless tragedy.,148
show,noun,A2,May I have a show of hands for who wants pizza?,98
elaboration,noun,C1,Whose detailed elaboration of the project's future prospects do you find most compelling?,55
indiscrete,adjective,C2,She has never made an indiscrete remark at work.,161
ashamed,adjective,B1,I felt ashamed when I broke the vase.,120
launch,verb,B1,"The company launched a new product last year, didn't they?",138
extreme,adjective,B1,It's extreme to go outside without a coat in winter.,182
price,verb,B2,What has the rising demand for artisanal coffee priced on local cafes?,163
pence,noun,A2,"You can pay for this with a few pence, can't you?",89
prurient,adjective,C2,There were no prurient interests in the children's reading material.,173
elaborate,verb,C1,Are there any plans to elaborate on the proposed changes?,41
association,noun,A2,The association isn't as strong as it used to be.,110
marginal,adjective,C1,The researcher's contribution to the study proved to be marginal.,58
loud,adverb,B1,The music played so loud we couldn't talk.,121
living room,noun,A1,How many chairs are in the living room?,31
throw,verb,A2,I can't throw a ball as far as my friend can.,110
fear,noun,A2,What can we do about our fear?,87
largely,adverb,B1,The building was largely built of wood.,131
otherwise,adverb,B1,"You locked the door last night, otherwise it would have been open.",127
synthetically,adverb,C1,"Whose artworks does the gallery owner display so prominently, even though they are synthetically produced?",62
constraint,noun,C1,Don't express your dissent without considering the ethical constraint.,44
sitting room,noun,A2,We will have tea in the sitting room later.,81
secondary school,noun,B1,Where did you learn to play the guitar? - I learned it in secondary school.,135
alleviate,verb,C1,"On the coast, new initiatives aim to alleviate the impact of rising sea levels.",35
sedately,adverb,C1,What will the elderly couple do this evening? They will walk sedately through the park.,81
little,pronoun,B1,She carried her little away from the noisy room.,114
statesman,noun,B2,Where are the statues of the great statesman found?,159
unique,adjective,B1,The artist's style was so unique that his paintings grew in value.,130
correlate,noun,C2,The supposed correlate wasn't found.,157
unaware,adjective,B2,He was unaware of the danger he had met.,153
estate,noun,B2,The entire estate has been carefully surveyed.,166
graph,noun,B1,Yesterday he drew a complicated graph.,125
creation,noun,B2,The artist proudly displayed her latest creation.,164
straighten,verb,B2,The picture on the wall has just been straightened.,166
convince,verb,B1,I tried to convince him to stay a little longer.,180
tobacco,noun,B1,He bought some cheap tobacco yesterday.,121
washing machine,noun,A2,"In case the washing machine breaks, we will need to go to the laundromat.",104
surprise,verb,B1,The sudden noise surprised her.,128
clause,noun,B2,I have never been asked to explain a specific legal clause before.,161
conduit,noun,C2,Is there any legal conduit for reporting these issues?,172
lucky,adjective,A1,Whose cat is it? It's a lucky cat.,21
tendency,noun,B1,He had a tendency to forget his keys when he left the house.,125
archaeologist/archeologist,noun,B2,"If she were an archaeologist, she would be thrilled to discover ancient pottery.",139
hiking,noun,A2,What can we do in the mountains? We can go hiking.,87
group,verb,B1,The teacher explained that the students would group together for the project.,174
notwithstanding,preposition,C1,"Notwithstanding a few suggestions, the committee approved the majority of the proposals.",32
pin,verb,B1,She pinned the notice to the board.,114
execution,noun,B2,The team will have to consider the smooth execution of the plan.,140
elitist,noun,C1,Who openly dismisses popular opinions as mere noise? The elitist.,63
symbol,noun,A2,May I use this drawing as a symbol?,98
elegant,adjective,B2,Some of the proposals were quite elegant.,171
handout,noun,B2,There is a useful handout on the noticeboard.,36
soft drink,noun,A2,Will you buy a soft drink for me?,80
lavatory,noun,C1,I am currently heading towards the lavatory.,70
diminish,verb,C2,The hope we once had began to diminish.,149
programming,noun,B2,His early interest in programming meant he spent hours learning new languages.,153
breed,verb,B1,Our ancestors did not breed animals carelessly.,119
goose,noun,C1,We often see a lone goose by the river on our walks.,52
officially,adverb,B1,"They haven't officially launched the new product yet, have they?",138
myself,pronoun,A2,I am making myself a cup of tea.,75
sweater,noun,A2,"After I buy the new sweater, I will wear it to the party.",105
cheerful,adjective,B1,Did she seem cheerful at the party?,133
yard,noun,A1,It's a big yard.,2
unoccupied,adjective,C1,There was surprisingly little unoccupied space in the vast convention hall.,33
operation,noun,B1,He was a doctor before his big operation.,123
hunt,verb,B1,We will hunt for a new apartment next weekend.,180
elevation,noun,C1,We mustn't disturb the wildlife's natural elevation.,91
rocket,noun,B2,The rocket must be transported to the launchpad by a special vehicle.,147
depression,noun,B1,The economic depression lasted many years.,127
jeans,noun,A1,Whose pants are blue? My jeans.,64
incentive,noun,B2,A bonus is offered as an incentive for good performance.,144
burgeoning,adjective,C2,She enjoys watching the burgeoning field of artificial intelligence develop.,170
partnership,noun,B2,Our successful business **partnership** has meant significant growth for both companies.,153
both,determiner,A1,What have you got? - I've got both apples.,13
effort,noun,A2,Will this require much effort?,80
pond,noun,B1,We found a frog near the pond.,121
in,adverb,A2,Are they cooking dinner in?,74
turtle,noun,B1,Who was slow? The turtle was.,137
explain,verb,A2,Can you explain this to me?,86
brown,noun,A2,He is painting the wall brown now.,71
glare,noun,B2,The anger in his eyes was evident in the harsh glare.,155
comprehension,noun,B2,What aspects of the lecture have been causing you difficulty with comprehension?,163
center/centre,noun,A2,Must I go to the town center?,92
final,noun,A2,The hardest part of the race was the final.,107
tragic,adjective,B1,That was a tragic accident we saw last week.,119
more,pronoun,A1,"There are no apples, but there are more over there.",40
remain,verb,A2,We remain friends at the moment.,72
hanging,adjective,B1,The *hanging* plant in the corner looked sad.,114
call,verb,A2,Can you call my mother tomorrow?,86
straight,adverb,A1,It isn't a straight line.,3
science fiction,noun,B1,He thought science fiction always felt a bit unrealistic.,120
unlucky,adjective,B1,"I dreamt of winning the lottery, but I was too unlucky.",126
attentively,adverb,B2,The teacher's instructions were not followed attentively.,157
buffer,noun,C1,Who can provide a temporary buffer for our project's delayed shipment?,88
low,adverb,A2,I managed to keep my voice low myself.,101
pen,noun,A1,I've got a pen.,10
side,noun,A1,one side - two sides,27
loan,noun,B2,The money for the loan will be approved by the bank tomorrow.,146
hit,verb,A2,The new song already hit the top of the charts faster than the last one.,109
marine,adjective,B1,The diver saw a rare marine creature yesterday.,124
speak,verb,A1,Where does he speak English?,61
refurbishment,noun,C1,"In case the refurbishment of the theatre is completed by next month, we can schedule the premiere.",104
astringent,noun,C2,She tried avoiding the astringent.,169
game,noun,A1,Let's not play this game.,48
reckon,verb,B2,I reckon she's already arrived.,164
damaged,adjective,B1,The old bicycle looked damaged.,121
entitle,verb,B2,I wish the extra training would entitle me to a higher salary.,179
eyesight,noun,B1,My grandmother's eyesight worsened over the years.,115
getaway,noun,B2,"If they hadn't planned a perfect getaway, they wouldn't be enjoying the beach right now.",139
delay,noun,A2,There will be a delay in our travel plans.,78
southwest,adjective,B1,The southwest wind blew strong yesterday.,136
rattle,noun,B2,I've never heard such a loud rattle from an old car before.,161
tattoo,noun,B2,Her new tattoo has grown a little since she first got it.,155
route,noun,B2,We had the delivery truck find a new route because of road closures.,181
challenge,verb,B2,The old system will be challenged by new technology.,147
web page,noun,A2,You may find the information on this web page.,99
invent,verb,A2,"If you don't invent a new idea, we will not win the competition.",102
check-in desk/check-in,noun,B1,We used to queue for ages at the check-in desk when we travelled by plane.,178
key,adjective,A1,We are the key people.,67
tile,noun,B1,She painted a beautiful picture on the ceramic tile last week.,119
ethically,adverb,C1,The company treats its employees ethically.,46
arcanely,adverb,C2,He will arcanely be able to understand the ancient texts.,141
rock,noun,A2,I can lift that rock.,84
overtime,noun,B2,"With some overtime, he might be able to finish the report by Friday.",141
either,adverb,A1,Don't go there either.,44
crossly,adverb,B2,The important instructions were crossly ignored by the new employee.,156
sixty,number,A1,Has he got sixty apples?,17
plume,noun,C2,The phoenix's fiery plume hung in the air.,152
inside,adjective,B2,Have you ever eaten at that new restaurant with the inside garden?,162
station,noun,A1,How many buses stop at the station?,31
meticulously,adverb,C2,She decided to meticulously plan every detail of the event.,167
extravagance,noun,C1,He's unlikely to be able to afford such extravagance for much longer.,141
agenda,noun,B1,The committee used to discuss a very long agenda at their meetings.,178
essayist,noun,B2,The aspiring essayist will have to hone their critical thinking skills.,140
atomic,adjective,B1,"He didn't know anything about the atomic bomb, did he?",138
cosmic,adjective,C2,The young artist brought his cosmic dreams to life with bright colors.,149
catalyst,noun,B2,The new funding became a catalyst for having the research project completed ahead of schedule.,181
double,adjective,A2,We must get a double portion of cake.,90
start,noun,A1,Is it the start of the game?,4
academy,noun,B1,She attended the music academy last year.,115
shoulder,noun,A1,Don't touch my shoulder.,44
revere,verb,C1,How much respect do the villagers revere for their ancient traditions?,34
tangled,adjective,C1,One tangled vine had become two tangled vines by morning.,25
devotee,noun,C1,"If he had been a true devotee of the ancient art, he would have understood the significance of the ritual.",176
nap,noun,B1,The cat which is sleeping on the sofa is taking a long nap.,175
earring,noun,A2,I can't find my earring.,85
Christian,adjective,B1,The Christian community organized a food drive for the homeless.,114
bat,noun,A1,She gives me the bat.,46
evokingly,adverb,C2,Was that photograph taken evokingly?,158
grade,verb,B2,Some students will grade their own essays as practice.,171
valuable,adjective,B1,The antique vase cost valuable money at the auction.,116
bathhouse,noun,B2,We will have to visit the bathhouse tomorrow.,140
shadow,verb,B1,The long day began to shadow the quiet town that stood beside the forest.,175
imperceptible,adjective,C2,The tiny scratch was imperceptible after the car was polished.,155
killing,noun,B1,The long wait for the bus felt like a killing.,180
disdain,noun,C1,"Her early efforts were met with disdain from the established critics, but she persevered.",125
pH,noun,B2,The ideal pH for the plant wasn't reached by the fertilizer.,157
opposite,adjective,A2,The building on the opposite side of the street is very tall.,75
elaborate,adjective,C1,The eighth applicant presented an elaborate proposal.,113
parrot,noun,B1,My uncle bought a colorful parrot last week.,117
reverb,noun,C2,The deep bass note had a long reverb.,155
document,noun,B1,She filed the important document yesterday.,125
rebuke,noun,C2,"The player's outburst, a stern rebuke, had to be addressed by the coach.",147
neighboring/neighbouring,adjective,B2,There are no neighboring villages with a post office.,173
escape,verb,B1,The prisoner's plan to escape was thwarted.,126
unexceptionally,adverb,C2,She will unexceptionally have to finish the report by Friday.,140
hut,noun,B1,The lost hikers found a small hut and spoke with the old man inside.,128
reserve,verb,B1,She reserved a table at the restaurant.,136
round,verb,B2,We've been allowed to round up the sheep for the night.,142
furor/furore,noun,B2,The company will have to address the furor caused by their new policy.,140
fast,adverb,A1,Have you got a fast car?,12
stagger,verb,C1,A carton of eggs could barely stagger across the counter before tumbling to the floor.,42
unusually,adverb,B1,The price of the rare antique unexpectedly cost unusually high.,116
bothered,adjective,B2,He wasn't bothered by the noise as he had his windows double-glazed.,181
enclose,verb,B1,Please enclose the documents in the envelope.,180
gravitational,adjective,C2,Have you studied the gravitational pull of the moon?,162
popular,adjective,A2,We must visit that popular shop.,90
comfort,noun,B1,"You brought me a blanket for comfort, didn't you?",138
eccentric,adjective,C1,"She hasn't got an ounce of conventionality about her, living with such eccentric habits.",11
paw,noun,B2,My cat's paw was gently bandaged by the vet.,145
removed,adjective,C1,Is this the removed part of the machinery?,7
since,conjunction,B1,I dreamt of becoming a chef since I was a child.,126
twin,noun,B1,It's amazing to see the identical twin sisters.,182
thunderous,adjective,B1,The audience gave a thunderous applause when the band came on stage.,120
and,conjunction,A1,"What have you got, a book and a pencil?",13
conversion,noun,B2,The website's traffic must have seen a significant increase following the recent advertising campaign's successful conversion.,177
roar,verb,B2,"The crowd will roar when their team scores the winning goal, won't they?",165
supper,noun,A2,We are having supper together tonight.,72
infallibly,adverb,C2,We will have to infallibly achieve our goal.,140
description,noun,A2,"She will give a good description, won't she?",83
unless,conjunction,B1,I wasn't going to tell her I had a twin unless she asked.,122
agricultural,adjective,B1,"The farmer, who manages a large agricultural estate, is implementing new sustainable practices.",175
engulf,verb,B2,I have never been so completely engulfed by a story.,161
rank,noun,B1,Who was at the bottom rank?,137
row,noun,A1,Has the boat got a row?,17
cast,noun,B2,The actor's past performance was so compelling that a shadow became a memorable cast.,155
fasten,verb,B1,I fastened my seatbelt before the plane took off.,129
win,noun,B2,The team celebrated their hard-fought win.,151
illustration,noun,B2,A clear illustration of this principle is often seen in art galleries.,144
unbeatable,adjective,B2,They seem to have agreed to offer an unbeatable price for the product.,167
plus,noun,B2,"The package can be delivered tomorrow, plus a small handling fee.",147
impressionistic,adjective,C2,His painting style was impressionistic.,159
importantly,adverb,A2,"Importantly, we will visit the museum next week.",81
tease,noun,B1,His little tease about her new haircut made her laugh.,180
remarkably,adverb,B2,"You've seen this movie before, haven't you? It was remarkably well-acted.",165
bun,noun,B2,I'm getting my hair styled into a neat bun for the party.,181
deaden,verb,C2,The loud music must be trying to deaden the sound of the sirens.,177
tight,adjective,A1,He hasn't got a tight grip.,15
overlay,verb,C2,When is a protective film overlayed? - Before the screen is scratched.,159
kingdom,noun,A2,The queen can rule the whole kingdom.,84
pebble,noun,B2,"I picked up a smooth, grey pebble.",143
first lady,noun,B1,"The first lady visited the children's hospital last Tuesday, didn't she?",138
technology,noun,A1,There is no technology here.,40
hook,verb,B2,The fisherman has just hooked a big one.,160
microscopy,noun,B2,The samples of tissue are examined using microscopy.,159
trap,noun,A2,"This old house has a trapdoor, doesn't it?",95
web,noun,A2,A spider can build its web in a corner.,99
before,preposition,A1,He hasn't got milk before breakfast.,15
faraway,adjective,B1,I dreamt of a faraway land I once visited.,124
badge,noun,B2,He will soon be able to wear his new police badge.,141
possessive,adjective,B1,He grew very possessive of his new toy.,130
upside down,adverb,B2,The poster can be hung upside down.,147
accommodation,noun,B2,We will have to find new accommodation before the end of the month.,140
sentiment,noun,C1,That sentiment meant a great deal to him.,153
second,adjective,A1,I don't have a second pen.,11
praise,noun,B1,She felt such praise for the song he sang.,124
contractor,noun,C1,Are there any contractors available to bid on this project?,41
next,pronoun,B2,Your turn will be announced next.,146
hay,noun,B2,The farmer has swung the scythe to cut the hay.,152
sphere,noun,B1,She didn't have much influence in that particular sphere.,132
bookcase,noun,A2,"You're putting books on the bookcase, aren't you?",77
someplace,adverb,B1,I think I left my keys someplace.,180
lurid,adjective,C2,The tabloid headlines were lurid and shocking.,148
react,verb,B1,She was surprised and didn't react at all.,122
politician,noun,B1,The politician who spoke at the rally promised to improve public transport.,175
communicative,adjective,B2,He has become more communicative as he gets older.,141
lost,adjective,A2,"When the game is lost, we will be sad.",103
stock,verb,C1,Who stocks the shelves with fresh produce every morning?,63
carton,noun,B1,The delivery man dropped the milk carton.,117
art,noun,A1,"I see one art exhibition, and many art exhibitions.",30
alright,adjective,A2,"This exam was alright, but the last one was much more difficult.",109
point of view,noun,B2,The movie's success was seen from many a different point of view.,151
guilty,adjective,B1,"He didn't look guilty, did he?",138
articulate,adjective,C2,She hasn't found an articulate way to express her feelings yet.,161
amorphously,adverb,C2,"She continued speaking amorphously, without a clear point.",170
alphabet,noun,B1,She had learned the whole alphabet by the time she was six.,122
bilingual,adjective,B1,My aunt grew up in a bilingual environment.,121
whichever,pronoun,B2,"You've tried both routes to the city centre, haven't you? - Yes, I've taken whichever was less crowded.",165
bolt,verb,B2,What did you do when the dog suddenly bolted?,163
elbow,noun,B1,My elbow hurt after I fell.,131
insular,adjective,C2,We are not allowed to join their insular community.,142
every,determiner,A1,Is it a toy for every child?,4
gum,noun,B2,This chewing gum can be disposed of in the bin.,147
countless,adjective,B1,Who was responsible for countless achievements?,137
acrobatics,noun,C2,You aren't allowed to try those difficult acrobatics without supervision.,142
breeding,noun,B1,My grandfather used to be very interested in dog breeding.,178
phantom,noun,C2,A phantom limb pain is not imagined.,157
short-term,adjective,B2,We won't be able to see the real benefits of this policy in the short-term.,141
prior,adjective,B2,You won't be allowed to enter without prior authorization.,142
bright,adjective,A1,Does the sun look bright today?,50
chat,verb,A2,May I chat with you for a moment?,98
her,pronoun,A1,What does she like about her cat?,51
wizard,adjective,B1,She claimed she had a wizard solution to the problem.,174
nucleus,noun,B1,It's crucial to understand the cell's nucleus.,182
timidity,noun,C2,His timidity meant a postponed proposal.,143
protect,verb,B1,They protected the fragile flowers from the strong wind.,121
ephemera,noun,C2,What sort of things have you collected? - Mostly just old ticket stubs and other ephemera.,163
parent,noun,A1,How much help does one parent have?,34
distinctly,adverb,B1,I distinctly heard the bell ring earlier today.,128
clam,noun,B2,My grandfather found a giant clam on the beach.,164
hopefully,adverb,B1,They hopefully sang a song at the party.,124
recall,noun,C1,What shade of blue do you recall the ocean being at sunset?,22
panoramic,adjective,C1,"We **saw** a breathtaking, panoramic view of the valley.",116
record,noun,B1,"You didn't break the speed record, did you?",138
fate,noun,B2,We are allowed to believe our fate can be changed.,142
order,noun,A1,One order has arrived.,24
popularize/popularise,verb,B2,They haven't managed to popularize this new app yet.,161
burden,verb,B2,The weight of his responsibilities has burdened him for years.,151
surely,adverb,B1,They surely ate the whole cake.,129
secondary,adjective,B2,"My primary concern is the main project, but I'm also attending to a secondary issue that arose this morning.",164
wonder,verb,A2,I wonder what we must do next.,93
uncontrollable,adjective,B1,"He tried to pull himself together, but the laughter was uncontrollable.",180
decay,verb,B2,A neglected orchard showed the fruit beginning to decay on the branches.,143
suit,verb,A2,You must suit your actions to your words.,90
ton,noun,B2,Have you ever eaten a ton of pasta?,162
outside,noun,B2,She dreams of living in the outside.,170
unobtrusively,adverb,C2,"If she hadn't been watching so attentively, she would have missed the subtle details, but she observed them unobtrusively.",139
shoal,noun,C2,The divers had their boat guided through the hidden shoal.,181
mortify,verb,B2,Have you ever been so embarrassed that it would mortify you to even think about it now?,162
taxi,noun,A1,one taxi - two taxis,25
succumb,verb,C2,She refused to succumb to despair.,170
whale,noun,B1,The diver spoke to the whale.,128
hug,noun,B2,Did anyone give you a hug?,172
contextually,adverb,C1,This statement is contextually relevant to our ongoing discussion.,5
pump,noun,B1,The mechanic found the flat tire needed a new pump.,128
transitional,adjective,B1,This transitional period felt longer than usual.,127
contact,verb,A2,What can we do to contact the company?,87
idol,noun,B1,Did she admire that pop star as her idol?,133
are,be-verb,A1,These apples are red.,24
displace,verb,B2,"That massive construction project will displace many families from their homes, won't it?",165
repertoire,noun,B2,She has just added a new song to her repertoire.,160
uninteresting,adjective,B1,He used to find the history lessons quite uninteresting.,178
except,preposition,A2,Everyone can join the game except for you.,100
sample,noun,A2,This cake sample tastes better than that biscuit sample.,109
superintendent,noun,B2,The entire building's renovation has been approved by the superintendent.,166
landing,noun,B2,The expensive rug has finally been laid on the landing.,166
dressed,adjective,A2,I'm not dressed yet.,73
humid,adjective,B1,It felt very humid when we walked outside that morning.,119
anybody,pronoun,A1,Does anybody want tea?,59
urban,adjective,B2,The city council has brought about significant improvements to the urban landscape.,149
sake,noun,A2,I can paint the room myself for goodness' sake.,101
boiling,adjective,B2,They intend to continue their search despite the boiling weather.,167
negatively,adverb,B2,"The new policy has negatively impacted employee morale, so we won't be allowed to implement it without further discussion.",142
repression,noun,B2,The artist felt the weight of the nation's repression in his work.,150
contest,verb,C1,What kind of argument did they contest?,23
absurd,adjective,B2,"This whole situation sounds completely absurd, doesn't it?",165
gorge,noun,B2,They plan to hike through the deep gorge tomorrow.,168
mutter,noun,B2,No one heard my muttered complaint.,157
instinctively,adverb,C1,"When is silence broken? - Instinctively, the cat pounced.",159
cooking,noun,A2,"In case the cooking is very spicy, I will get some milk.",104
measure,noun,B1,That measure helped us all.,129
peacefully,adverb,B2,The old man slept peacefully in his armchair.,150
rule,verb,B2,She has never ruled a country before.,161
quantity,noun,B1,We needed a large quantity of supplies.,127
married,adjective,A2,He can't help his wife because they are married.,85
requisition,noun,C2,Do you have any requisition forms for the new supplies?,172
expect,verb,A2,I expect I can finish this by tomorrow.,84
official,adjective,A2,The committee can't make an official decision yet.,85
philanthropy,noun,C2,His generous philanthropy is often recognized by the community.,144
too,adverb,A1,What has he got too?,18
estimate,verb,B1,We estimated the cost last week.,127
coat,noun,A1,How much coat do you have?,34
residence,noun,B2,The old university residence had been empty for years.,151
indolent,adjective,C2,My brother's indolent habits mean his chores are always done by someone else.,144
experiment,noun,B1,The team's experiment cost a lot of money.,116
sundial,noun,B1,"That wasn't a sundial in the garden, it was a bird bath.",134
given,adjective,A2,"Given the good weather, we will go to the park.",78
cloth,noun,A1,I don't use that cloth.,49
consume,verb,B1,I didn't consume much food yesterday.,132
a.m./A.M./am/AM,adverb,A1,One alarm rings at 7 a.m.,24
heel,noun,B1,What did she wear on her heel?,135
persuasive,adjective,B1,The speaker's words were very persuasive.,130
diameter,noun,B1,We didn't measure the exact diameter of the ball.,132
performance,noun,A2,We are watching the band's performance now.,72
dusty,adjective,B1,I felt the dusty book on the shelf.,120
salivate,verb,C1,The thought of a perfectly cooked steak doesn't make my mouth salivate as much as the aroma of freshly baked bread does.,110
which,pronoun,A1,"What is it, which is red?",8
come,verb,A1,Whose turn does it come?,62
chart,noun,A2,"After they finish the progress chart, they will have a meeting.",105
above,adjective,B1,Did you read the article mentioned above?,133
suggest,verb,A2,Who must help? Mum can suggest the best way.,94
vegetarian,adjective,B1,She didn't become a vegetarian last month.,132
teaching,noun,B1,"She was a dedicated teacher, and her teaching inspired many students.",122
hugely,adverb,B2,"She has been hugely influential in our team's success, hasn't she?",165
demolish,verb,B2,The old factory will be able to demolish next month.,141
point,verb,A2,What must we point out?,93
help,verb,A1,He helps his mother cook.,57
format,noun,B1,The new book format felt strange.,126
ozone,noun,B2,"We've learned about the protective ozone layer in science class, haven't we?",165
prompt,adjective,B2,I've just received a prompt reply to my email.,160
whilst,conjunction,C1,"The artist who painted this striking landscape, whilst also excelling in portraiture, has recently opened a new exhibition.",175
whichever,determiner,B1,She chose whichever dress she liked best.,124
millimeter/millimetre,noun,B2,"She continued measuring, ensuring every cut was within a millimeter.",170
sew,verb,A2,I must sew a button on my shirt.,94
affordable,adjective,B2,We will have to find an affordable place to live.,140
jewel,noun,B1,She found a forgotten jewel in her old box.,127
autonomously,adverb,C2,The new robot was designed to operate autonomously.,153
execute,verb,B2,We will be able to execute the plan effectively.,141
celebrate,verb,A1,We haven't got a cake to celebrate.,11
cat,noun,A1,Where does the cat sleep?,61
nonsense,noun,B1,He spoke such nonsense that I didn't understand anything.,124
metric,adjective,B2,The new initiative felt a significant metric difference in sales.,150
admiration,noun,B1,She watched the dancer with admiration after he finished his difficult routine.,114
useless,adjective,B1,"Did you find those old instructions, or were they useless?",133
necklace,noun,B1,She wore a beautiful necklace yesterday.,115
bolt,noun,B2,The window must have been secured with a heavy bolt; it's impossible to budge.,177
fascinate,verb,B1,The old books fascinated him for hours yesterday.,125
fortnight,noun,B1,She was a student for a fortnight.,122
stream,noun,B1,We woke to the sound of a stream nearby.,128
obligation,noun,B2,I felt an obligation to bring the forgotten umbrella.,152
polysyllabic,adjective,C2,The professor will have to explain that polysyllabic word again.,140
blister,noun,C1,The hike left me with a painful blister.,148
influential,adjective,B2,He has been influential in shaping the company's future.,141
hysterical,adjective,C2,He grew hysterical when the news was sung to him.,152
candle,noun,B1,That wasn't the candle I bought last week.,134
quarter,noun,A1,I live in the first quarter.,52
regulate,verb,B2,The traffic lights will regulate the flow of vehicles at the intersection.,146
twitch,noun,C1,He felt a slight twitch in his left eye after the long flight.,120
lap,noun,B2,What did you do after the race finished? - I sat down in the winner's lap.,163
east,adjective,A2,We can travel to the east coast.,84
lie,noun,B1,The lie that he told was very obvious.,175
dream,noun,A1,He has a dream.,14
frame,verb,B2,Have you framed the painting yet?,162
wing,noun,B1,The bird folded its wing.,127
mango,noun,B2,The table must have had a mango on it; I can still smell its sweetness.,177
daydream,verb,C1,I didn't daydream during the crucial board meeting.,132
receipt,noun,A2,I won't give you the receipt again.,79
intersection,noun,B2,The road was blocked for hours at the main intersection.,145
engrossing,adjective,C1,"She finished reading the book, finding it truly engrossing.",170
momentary,adjective,B2,The sudden silence felt like a momentary pause before the storm had sung its final note.,152
recycle,verb,A2,We mustn't forget to recycle our plastic bottles.,91
gram/gramme,noun,A2,"I will measure out the flour myself, just one gramme at a time.",101
pastoral,adjective,B2,She loves reminiscing about her childhood spent in a pastoral setting.,170
guide,verb,B1,"He guided you through the city last summer, didn't he?",138
slang,noun,B2,That informal slang expression isn't used much anymore.,157
able,adjective,B1,She was able to drive home by herself.,122
deterrent,noun,C2,"The increased security measures acted as a deterrent, didn't they?",165
radium,noun,B2,The scientist brought a small sample of radium to the laboratory.,149
liquid,noun,B1,The plant grew tall after it drank the liquid.,130
memorial,noun,B2,A beautiful stained-glass memorial was hung in the church.,152
welfare,noun,B2,"The government has introduced new measures to improve public welfare, haven't they?",165
babysit,verb,B1,My sister will babysit my children tonight.,180
magic,noun,A2,That was the magic trick with the most surprising outcome.,108
bankrupt,verb,B2,His risky investments eventually bankrupted him.,152
swap,noun,C1,Let's do a quick swap of these tasks so we can both finish by lunch.,180
triangle,noun,B2,We will have to form a triangle to solve this geometric problem.,140
motor,noun,B1,That old car had a noisy motor.,123
logical,adjective,A2,This idea is more logical than that one.,107
somehow,adverb,B1,"The vase, somehow, burst and shattered on the floor.",116
team,noun,A1,How many people are on the team?,31
forbid,verb,A2,My parents forbid me to go out late.,85
nation,noun,A2,Is the nation watching the game now?,74
race,noun,B1,He felt the excitement of the race building.,120
hibernate,verb,C1,This isn't a bear that hibernates in the attic.,6
weak,adjective,A2,"This explanation is weak, the next one will be better.",108
secret,adjective,B1,She kept her secret plans to herself.,118
thin,adjective,A1,Whose book is this? It's a thin book.,64
disposal,noun,B2,The city council is responsible for the proper disposal of all waste.,159
attentive,adjective,B2,The attentive student always takes good notes.,164
vicinity,noun,C2,The security guards were brought to the vicinity of the incident.,149
mask,noun,B2,The performer had sung the entire opera while wearing a shimmering mask.,152
publicize/publicise,verb,B2,The event was widely publicized by the local newspaper.,145
era,noun,B1,The digital era changed how we communicate.,125
protest,noun,B1,The protest which blocked the main road lasted for hours.,175
nine,number,A1,How many apples do you have? I have nine apples.,56
introduction,noun,B1,I didn't have any trouble with the book's introduction.,132
overwork,noun,B1,"The cause of his constant tiredness, the doctors explained, was the overwork that he had been experiencing for months.",175
acre,noun,C1,I will personally survey every acre of the land myself.,101
cigarette,noun,A2,He may ask for a cigarette.,96
undergo,verb,B1,Did the patient undergo the operation last week?,133
ore,noun,C2,The miners have just found a rich vein of iron ore.,160
OK/okay,adjective,A1,Is the park okay?,52
hang,noun,B2,The mood of the party took a sudden hang when the power went out.,155
initial,adjective,B2,She agreed to review the initial proposal.,168
territory,noun,B2,The explorers had already claimed the new territory.,151
certainty,noun,B1,He spoke with such certainty that everyone believed him.,115
durable,adjective,C1,This highly durable material will be able to withstand extreme weather conditions for decades.,141
design,noun,A1,This is a nice design.,5
condone,verb,C2,I wish my parents didn't condone my bad habits.,179
financially,adverb,B2,We had our business financially restructured to avoid bankruptcy.,181
necessary,adjective,A2,Who will find it necessary to study more?,82
politely,adverb,B1,He politely thought about how to ask for help.,118
whenever,adverb,B1,She felt happy whenever she saw her cat.,120
pumpkin,noun,B2,The baker has already sung the praises of his delicious pumpkin pie.,152
tenacious,adjective,C2,They have just completed a tenacious defense of their championship title.,160
vegetation,noun,C1,There is no visible vegetation on the barren island.,40
shortage,noun,B1,We drank a lot of water because of the shortage.,124
uniformity,noun,C1,The committee can only recommend a degree of uniformity in departmental procedures.,84
stomachache,noun,A2,I must rest if I have a stomachache.,90
slab,noun,C2,The sculptor felt a cold slab of marble.,150
stress,noun,B1,The unexpected news caused him a lot of stress.,114
abolish,verb,B2,The outdated law will soon be abolished.,166
duplicate,noun,B2,"The original signature has been confirmed, so a duplicate was not needed.",166
lift,verb,B1,He lifted the heavy box with ease.,120
cucumber,noun,B1,The farmer grew a giant cucumber last summer.,130
rule,noun,A1,Is it a good rule?,4
euro,noun,A2,Can you lend me one euro?,86
everyday,adjective,A1,He has an everyday job.,14
interviewer,noun,A1,I am the interviewer.,68
standby,adjective,B2,"You have left the camera on standby, haven't you?",165
lengthy,adjective,B2,Have you completed the lengthy application form yet?,162
charter,verb,C1,There isn't a governing body that has officially chartered this community initiative yet.,37
refugee,noun,B2,The refugee camp has been set up quickly.,166
untie,verb,B2,"I untied the knot, and the rope fell loose.",148
conservative,adjective,B1,My grandmother always wore a conservative dress.,115
square,noun,A2,This small town square is more peaceful than the city centre.,109
petrol,noun,A2,My car can go a long way on one tank of petrol.,84
integrate,verb,B2,The new software will integrate seamlessly with our existing systems.,143
slob,noun,C1,My brother won't be tolerated as a slob in my apartment any longer.,146
modest,adjective,B2,She has a modest but comfortable apartment.,164
neutralize/neutralise,verb,C1,She has never managed to completely neutralize the strong smell of burnt toast.,161
badly,adverb,A2,"After the concert, his ears will hurt badly.",105
carve,verb,B2,The sculptor did not carve the marble statue; the marble statue carved itself.,148
withdrawal,noun,B2,There was no mention of a withdrawal in his statement.,173
peculiar,adjective,B1,It's peculiar to see him wear a hat indoors.,182
gently,adverb,B2,She gently brushed the dust off the antique vase.,149
nominee,noun,B2,There were no other nominees for the award.,173
respect,verb,B1,We respected the old traditions.,130
rating,noun,A2,May I see your film rating?,98
presenter,noun,B2,The audience applauded the engaging presenter at the end of the talk.,159
science,noun,A1,Many students like science.,32
infect,verb,B2,What experiences have you had where a new idea could infect the whole team?,163
down,adverb,A1,What colour is the paint? It's blue down here.,22
stroke,noun,B2,He fought for the country and was awarded a medal for his brave stroke.,149
village,noun,A2,I am living in a small village.,70
wait,noun,B2,The long wait felt endless for the excited children.,164
nomad,noun,B2,Some ancient nomad tribes followed the seasons.,171
riddle,noun,B2,The mystery of her sudden departure remained a riddle.,157
spokesman,noun,B2,The company has decided to appoint a new spokesman.,167
thickness,noun,B2,The reported thickness of the ice has been underestimated.,151
concept,noun,B1,My teacher explained the complex concept.,136
life,noun,A1,Where does he find his life?,61
conscientiously,adverb,C1,This is the report that was conscientiously compiled by the new intern.,5
proportion,noun,B1,Did you notice the large proportion of students who were absent?,133
away,adverb,A1,Has she put the book away?,17
universe,noun,B1,It wasn't the entire universe.,134
oppose,verb,A2,Who will oppose the new plan?,82
console,verb,B2,Have you tried to console your friend after their bad news?,162
placid,adjective,C1,The lake has just become incredibly placid after the storm.,160
journal,noun,B1,"You wrote in your journal last night, didn't you?",138
toothbrush,noun,A2,My new toothbrush is longer than my old one.,106
superfluously,adverb,C2,"If you hadn't spoken so loudly, you wouldn't have interrupted the meeting so superfluously, but you did, and now everyone is annoyed.",139
crease,noun,B2,My grandmother ironed out the crease in the tablecloth.,164
ingredient,noun,B1,What was the main ingredient in her famous cake?,135
melodious,adjective,C2,She enjoys listening to the melodious chirping of the birds.,170
care,noun,A1,Is there any care for the plant?,38
antibacterial,adjective,B2,This hand gel must have an antibacterial agent; my skin feels much cleaner.,177
bang,verb,B1,The door went bang when I slammed it shut.,122
simple,adjective,A2,I can clean my room myself if it's a simple task.,101
crab,noun,B2,I've just caught a crab.,160
swimming costume,noun,A2,Who must wear a swimming costume?,94
simply,adverb,A2,May I simply have a glass of water?,98
flat,noun,A1,Who lives in a flat?,63
duration,noun,C1,I managed the intense training program's duration myself.,101
playground,noun,A2,Can we play at the playground?,86
withdraw,verb,B2,She had to withdraw her earlier statement due to new evidence.,149
start,verb,A1,There is a new day to start.,36
cry,verb,A2,The baby will cry if it is hungry.,78
nevertheless,adverb,B1,"She studied hard for the exam, nevertheless she did not pass.",125
November,noun,A1,We go to the park in November.,52
hypocritically,adverb,C1,"When she complains about others being late, she hypocritically arrives an hour after the agreed-upon meeting time.",103
suspicion,noun,B1,He felt a growing suspicion about their plans.,120
guitarist,noun,B1,The talented guitarist played a beautiful song last night.,117
contested,adjective,C1,"She finds it difficult, admitting the possibility of a contested outcome.",169
purpose,noun,A2,"If you work hard, you will achieve your purpose.",102
pale,adjective,B1,She looked pale yesterday after running the marathon.,125
allow,verb,A2,What must the teacher allow?,93
nearby,adverb,B1,She sang nearby for the happy crowd.,124
nostalgic,adjective,C2,Have you felt nostalgic recently?,162
workaholic,adjective,B2,"He's such a workaholic person, always putting in extra hours.",148
alike,adjective,B1,"The twins look so alike, it's hard to tell them apart.",180
thus,adverb,B1,"She didn't buy the tickets in advance, thus she missed the performance.",132
underwater,adverb,B2,What have you seen while diving so deeply underwater?,163
account,verb,B1,The artist accounted for the vibrant colors in his painting.,130
denotation,noun,C2,"The word's denotation, once spoken, has been widely broken.",154
touch,verb,B1,Who was too scared to touch the spider?,137
fresh,adjective,A2,You may eat this fresh apple.,99
rubber,noun,B1,He painted the door with rubber.,114
numb,verb,C1,"My fingers, once so sensitive, had begun to numb with the cold.",123
dynamic,adjective,B2,The team's dynamic approach has grown significantly since its inception.,155
inch,noun,A2,"What will you save, inch by inch?",81
fame,noun,B2,The actor's sudden fame brought him many unwanted invitations.,143
tea,noun,A1,I don't drink tea.,49
supervision,noun,B2,The project was carefully brought to completion under the strict supervision of the lead engineer.,149
compile,verb,B2,The necessary data has been compiled for the report.,166
surf,noun,A1,I like to surf.,52
bouquet,noun,C1,"She carefully arranged the fragrant bouquet, the scent of roses and lilies having meant so much to her grandmother.",153
hospitality,noun,B2,Our warm hospitality was greatly appreciated by our guests.,156
naked,adjective,B1,The surprised runner suddenly felt naked without his shoes.,120
thorough,adjective,B1,She gave me a thorough explanation.,127
mystify,verb,B2,The magician's tricks still mystify me; I've never figured them out yet.,161
handy,adjective,B1,This pocket knife proved very handy yesterday.,115
bureaucracy,noun,B2,My application was delayed by the sheer bureaucracy involved.,145
underground,adjective,B2,"You've travelled on the underground system before, haven't you?",165
multiple,adjective,B2,She often felt multiple emotions when recalling that day.,150
arrangement,noun,B1,It wasn't a good arrangement.,134
ready,adjective,A1,How much time are you ready for?,34
visit,verb,A1,Let's not visit them today.,48
complicate,verb,B1,Her arrival complicated the already difficult situation.,114
satisfy,verb,A2,You may satisfy your hunger with this sandwich.,96
squander,verb,C1,What a shame it is that some individuals will so carelessly squander their opportunities.,163
plural,noun,A2,"In case you need a plural, remember to add an 's' to the end of the word.",104
naivety,noun,C1,"His youthful naivety, however, rang alarm bells for the experienced manager.",124
coke,noun,A1,Whose coke is this?,21
cocoa,noun,B2,I have never tasted pure cocoa powder before.,161
emulsification,noun,C2,I wish I had learned more about the emulsification process in cooking class.,179
along,preposition,A2,I will walk the dog along the river myself.,101
reap,verb,C1,We will reap the rewards of our hard work in the coming months.,78
make,verb,A1,I make a friend.,68
during,preposition,A2,My friends are playing football during the summer.,76
plague,noun,B2,The persistent cough was a plague on his comfort.,157
rewrite,verb,B1,She rewrote the story last night.,129
shop,noun,A1,I am in the shop.,35
gangster,noun,B2,He won't be allowed to associate with any known gangster.,142
record,verb,A2,We won't record that meeting again.,79
villager,noun,B2,No villager has ever visited the capital city.,161
feed,noun,A1,We have a little feed for the chickens.,33
excellence,noun,B1,She felt a sense of excellence after completing the difficult project.,120
ninety,number,A1,Does he have ninety books?,59
inspect,verb,B2,The documents were carefully inspected by the auditor.,145
power,noun,A2,His idea had the most power.,108
highway,noun,A2,Must we drive on the highway?,92
depressed,adjective,B1,He used to feel depressed when it rained a lot.,178
copy,noun,A1,It isn't a copy.,3
smell,noun,A1,What does the flower do? It has a nice smell.,60
genomically,adverb,C2,The crops were genomically altered to grow faster.,155
physically,adverb,A2,She was the fourth person to arrive physically at the event.,113
temptation,noun,B2,The forbidden fruit's temptation had been spoken of for centuries.,154
merchant,noun,B1,The merchant sold us fresh fruit yesterday.,115
uniform,adjective,A2,The children are wearing their school uniform.,76
orchard,noun,C1,Let's not pick apples from that old orchard today.,48
betray,verb,B2,"She was allowed to keep the secret, but she felt she would betray her friend's trust by doing so.",142
former,adjective,B1,He bought a house from his former teacher.,118
compensation,noun,B2,The company's offer of compensation for the damage was generous.,153
what,pronoun,A1,Do what I say!,43
unravel,verb,C2,Did the detective unravel any clues at the crime scene?,172
burger,noun,A1,I don't eat a burger every day.,49
unkind,adjective,B2,She admits being unkind when she was younger.,170
equation,noun,B2,We will be able to solve this complex equation with more data.,141
full stop,noun,B1,She paused her story and added a full stop to the conversation.,114
skip,verb,B2,What part of the story did you skip?,163
draw,verb,A1,How many pictures do you draw?,56
cyclist,noun,B2,The determined cyclist fought through the strong headwinds to reach the summit.,149
humiliation,noun,B2,He won't be able to recover from the humiliation of the public defeat.,141
liner,noun,B2,The hull of the large ship was reinforced by a special protective liner.,156
bonus,noun,A2,"If I finish my project early, I will get a bonus.",102
conclude,verb,B1,We  conclude  our meeting at three o'clock.,128
soak,noun,B2,I need a good soak after that long hike.,168
mighty,adjective,B2,The mighty oak had weathered many storms.,153
charity,noun,B1,The old woman gave money to the charity last week.,115
convinced,adjective,B2,She will be convinced it was the right decision.,146
perspective,noun,B2,His story was told from a different perspective.,156
hike,noun,A2,We went on a long hike happily.,111
premier,adjective,C1,What kind of events do you prefer to attend? - I prefer premier cultural events.,53
tense,adjective,B1,The atmosphere in the room felt tense yesterday evening.,115
poetess,noun,C1,That is a renowned poetess whose verses have touched millions.,5
sign,noun,A1,We've got a sign.,10
geological,adjective,C1,How many geological formations have been identified in this region?,31
expected,adjective,B2,We're expected to arrive by lunchtime.,168
wrong,adverb,A2,I'm not doing anything wrong.,73
require,verb,B1,The journey required us to think hard about the best route.,118
legitimate,adjective,B2,I wish I had a legitimate reason to miss the meeting.,179
overwhelm,verb,B1,The bad news seemed to overwhelm him.,116
elect,verb,B2,The members will elect to form a new committee.,167
lassitude,noun,C2,My lassitude wasn't overcome by the coffee.,157
downfall,noun,B2,The company has just announced the downfall of its CEO.,160
brood,verb,C2,"She must be alone in the house, I can hear her brood.",177
review,verb,B2,The report wasn't reviewed by the committee.,157
staff,noun,A2,The new staff handled the busy shop happily.,111
smoke,verb,A2,This cigar smokes more fragrantly than that one.,107
urge,verb,B2,Have you ever felt an urge to travel somewhere completely new?,162
hide,verb,A1,One mouse can hide from many cats.,30
DNA,noun,B2,Scientists sequenced the DNA.,148
dance,verb,A1,I dance in the park.,35
inexplicable,adjective,C1,The sudden silence that fell over the bustling marketplace was truly inexplicable.,126
outlaw,noun,B1,The Sheriff declared him an outlaw and a bounty was put on his head.,124
tiresome,adjective,B2,She might be finding the long wait at the airport rather tiresome.,177
stimulation,noun,B2,Have you found the new research offers sufficient mental stimulation?,162
hint,noun,B2,We were given a hint that we would be allowed to enter the restricted area if we wore the correct badges.,142
butterfly,noun,A1,Who saw the butterfly?,63
wipe,verb,B2,She must have wiped the spilled coffee off the table before anyone noticed.,177
beneficiary,noun,C2,The new will ensures he is the sole beneficiary.,142
nutshell,noun,B2,"Please, try to explain it in a nutshell.",170
noticeable,adjective,B1,He mentioned that the improvement in his grades was quite noticeable.,174
lethargically,adverb,C1,Some of the students shuffled lethargically into the lecture hall after the break.,171
control,noun,A2,What will be the best control for the new robot?,81
depend,verb,A2,We cannot depend on the weather.,85
romp,verb,C2,The puppies are allowed to romp in the garden all day.,142
likely,adjective,A2,Will it be likely to rain this afternoon?,80
technique,noun,B1,She learned a new knitting technique last week.,125
stuff,verb,B2,I have stuffen my pockets with coins.,154
could,modal auxiliary,A1,Who could it be?,9
pudding,noun,B2,The chocolate pudding has been made for dessert.,166
spicy,adjective,B1,I woke up feeling a little sick after eating that spicy curry.,128
introduce,verb,A1,Is there a new teacher to introduce?,38
coalition,noun,B2,Was a new coalition formed to address the issue?,158
apology,noun,B1,He rang her with an apology.,124
duvet,noun,B1,I slept soundly under my warm duvet.,120
user,noun,B2,The company must consider improving the interface for the average user.,169
please,adverb,A1,"Can I have a few more cookies, please?",32
pallet,noun,B2,"You've worked with those boxes on the pallet before, haven't you?",165
debit,noun,B2,The recent debit from my account was unexpected.,148
voracity,noun,C2,The puppy's voracity has been noticed.,166
dramatist,noun,C1,Do you find that the modern dramatist often struggles with commercial viability?,50
tie,noun,A2,Who will wear that tie?,82
blush,noun,B1,She saw his kind smile and felt a warm blush.,119
nuclear,adjective,B1,The scientists broke the complex nuclear code.,128
truthfulness,noun,B2,We are allowed to investigate the witness's truthfulness regarding their previous statements.,142
reform,noun,B2,The proposed tax reform is often discussed by the committee.,144
ballot,noun,B2,I have just submitted my ballot.,160
now,adverb,A1,This is big now.,1
superfluous,adjective,C2,He had the superfluous decoration removed from the cake.,181
echo,noun,C2,We had the architect make sure the design had a slight echo in the main hall.,181
analogy,noun,B2,She considered making an analogy to explain the complex concept.,170
deeply,adverb,A2,She felt deeply sorry.,94
recently,adverb,A2,You may have seen this advertisement recently.,96
warm,verb,B1,The sun warmed my face.,130
stricken,adjective,B1,The king was stricken with grief after his queen had departed.,122
anthology,noun,C2,I have just finished reading the latest poetry anthology.,160
overnight,adverb,B1,The town changed overnight.,131
doorkeeper,noun,B2,"You've spoken with the doorkeeper about the event timings, haven't you?",165
level,noun,A2,The water level in the pool is not as high as I thought it would be.,110
interact,verb,B1,We interacted well during the group project.,127
near,preposition,A1,Stand near the door.,43
teen,noun,B1,"My younger brother, a busy teen, thought about his homework.",118
area,noun,A2,This area is warmer than that one.,106
affectation,noun,C2,She tries to feign an intellectual affectation to impress others.,168
fiendish,adjective,C1,"The intricate puzzle, with its fiendishly interlocking pieces, must have taken hours to solve.",177
caring,adjective,B2,I wish I had been more caring towards my neighbours.,179
take,noun,B1,The final take was a great success.,131
rapid,adjective,B1,He used to complain about the rapid changes in technology.,178
pasta,noun,A2,This pasta is tastier than the other pasta.,107
formality,noun,C1,Don't mistake that degree of formality for genuine respect.,44
weep,noun,A2,She can't hold back a weep.,84
sheriff,noun,B1,"The new sheriff arrived in town last Tuesday, didn't he?",138
spy,noun,A1,Whose secrets does the spy have?,62
climb,verb,A2,She can climb that tree.,84
today,noun,A1,What have you got for today?,13
verdict,noun,C1,The jury has just reached a guilty verdict.,160
cornet,noun,B2,He has just finished playing a beautiful melody on his cornet.,160
philosophy,noun,B1,It is challenging to explain my personal philosophy.,182
climate change,noun,B2,We will have to address climate change effectively.,140
wornout/worn out/worn-out,adjective,B2,She considered discarding the worn-out shoes.,169
home,noun,A1,Is this your home?,7
candy,noun,A1,Have you got any candy?,12
free,adverb,A2,What will you do this weekend? I'll spend it free.,81
foggy,adjective,A1,What kind of day is it? It's foggy.,23
gravitation,noun,B2,She seems to enjoy observing the subtle gravitation of dust motes in sunbeams.,169
purity,noun,C1,The athlete hasn't demonstrated a lack of purity in their performance.,15
waterproof,adjective,B2,The tent was broken and needed to be replaced with a waterproof one.,154
physicality,noun,C1,Is the physicality of the performance appreciated by the audience?,158
unmusical,adjective,C1,Whose off-key whistling is so unmusical?,21
gape,verb,C1,Ten windows began to gape open as the storm intensified.,27
clean,verb,A1,How many plates do you need to clean?,31
term,noun,B1,She explained that the long-term plan was to expand the business.,174
stage,noun,A1,What have you got on this stage?,13
ration,noun,B1,We bought a small ration of bread.,118
everything,pronoun,A1,Does she want everything?,59
manicure,noun,C1,What have you got there? - I've got a fresh manicure.,13
total,adjective,B1,The total damage from the storm cost a lot of money.,116
wallow,verb,C2,He might be wallowing in self-pity again — he didn't get the promotion he expected.,177
talkative,adjective,B1,She was very talkative at the party last night.,119
tuna,noun,B1,"Yesterday, I ate a can of tuna.",119
prefer,verb,A2,There isn't a coffee I prefer to this one.,37
facilitation,noun,C1,There are significant benefits from the facilitation of cross-departmental collaboration.,39
monotonous,adjective,C1,The repetitive assembly line work had become so monotonous that he often lost track of time.,116
mild,adjective,B1,The weather felt mild yesterday.,127
currently,adverb,B1,Sarah currently works at the library.,136
hard,adverb,A1,How many workers work hard?,56
already,adverb,A1,I have already a nice house.,1
despite,preposition,B1,"He managed to get up early, despite feeling very tired.",180
chaotically,adverb,C1,The children played chaotically in the park all afternoon.,119
continual,adjective,B1,The continual rain worried the farmers.,136
ground floor,noun,B1,The old shop on the ground floor closed last year.,131
correspond,verb,B2,The updated report was confirmed to correspond with the original findings.,145
ornament,noun,B2,This Christmas tree ornament was found in the attic.,159
rhetoric,noun,C2,His eloquent rhetoric had rung true.,152
pressurize,verb,C2,"We are allowed to pressurize the system, but they aren't allowed to.",142
gasp,noun,B2,"If the magician had vanished the rabbit, it would have been a gasp from the audience.",139
annoy,verb,A2,I'm not trying to annoy you.,73
next to,preposition,A2,She is sitting next to her friend.,71
washbowl,noun,B1,He broke the old washbowl yesterday.,128
eventually,adverb,B1,She studied hard and eventually passed the exam.,129
extra,adverb,A2,She may not work extra hours.,97
supply,verb,B2,The company was supplied with all the necessary materials.,149
tropical,adjective,B1,I didn't see any tropical fruit at the market last week.,132
bureaucratic,adjective,C1,"Who may approve these changes? - Only the most senior, bureaucratic officials may.",100
linen,noun,B2,Where is the clean linen usually kept?,159
real estate,noun,B2,What are your thoughts on the current state of the real estate market?,163
skateboard,noun,B2,The scratched and worn skateboard had been thrown against the wall.,155
state,noun,A2,The country is currently in a stable state.,112
infant,noun,B2,The crying infant is being comforted by its mother.,144
filter,noun,B1,He rang the doorbell and someone slid a letter through the filter.,124
kit,noun,A2,You may not open the first-aid kit.,97
arduous,adjective,C2,She has never embarked on such an arduous journey.,161
envy,noun,A2,Her friends feel envy when she gets a new phone.,76
living,noun,B2,She enjoys the challenge of living a simple life.,170
donate,verb,B2,The old clothes have been donated to charity.,166
builder,noun,B1,It's necessary to hire a good builder for the renovation.,182
breakfast,noun,A1,What have you got for breakfast?,13
rebellious,adjective,B2,Her rebellious streak meant she often clashed with authority.,153
fine,adjective,A1,How many people do you have in your fine family?,56
toothpaste,noun,B1,"Yesterday, I brushed my teeth with a new kind of toothpaste.",114
indulge,verb,B2,Would you like to indulge in any of these delicious pastries?,172
loudly,adverb,A2,The baby cried loudly when it was hungry.,109
HIV,noun,B1,Who was diagnosed with HIV?,137
gossip,noun,B1,Please don't spread gossip about your colleagues.,180
paint,noun,A1,Whose paint is this?,55
prescriptive,adjective,C2,The new rules will be strictly prescriptive.,146
identification,noun,B2,The security guard requested photo identification from everyone who entered.,155
CD player,noun,A1,a set of CD player,42
fall,noun,B1,He was a strong student until his last fall from his bike.,122
properly,adverb,B1,I didn't clean the room properly.,132
venerate,verb,C1,Future generations will undoubtedly venerate the scientific breakthroughs of this era.,146
camera,noun,A1,Who is in the camera?,9
clutter,noun,C1,Too much clutter makes finding things a real challenge.,32
paperwork,noun,B2,"If I had more time, I would sort through all that paperwork, but unfortunately, I'm buried under deadlines.",139
injured,adjective,B2,"The injured runner hasn't been able to train for weeks, has he?",165
interruption,noun,B2,The sudden interruption meant that our lesson's progress was disrupted.,148
hospital,noun,A1,I haven't got a hospital.,11
brim,verb,C2,The cup wasn't brimmed with coffee.,157
involved,adjective,B1,I was involved in the project last week.,115
existing,adjective,B2,She enjoys improving the existing software.,170
recourse,noun,C2,We will have no recourse if we don't follow the rules.,140
isolation,noun,B1,It's hard to overcome feelings of isolation.,182
cost-effective,adjective,C1,"If we invested in renewable energy sources, it would be a more cost-effective long-term solution for our energy needs, but we are currently prioritizing short-term gains.",139
available,adjective,B1,She would often tell us stories when books were not available.,178
me,pronoun,A1,Give me one apple.,24
peach,noun,B2,The stain has been washed off the peach.,166
sentimental,adjective,C1,What kind of trinkets does he always keep? - His collection is rather sentimental.,163
lecture,noun,B1,I used to attend a long lecture every Monday.,178
bandage,noun,B1,I didn't put the bandage on the cut.,132
defy,verb,B2,The protesters vowed to defy the new regulations.,154
fox,noun,B2,The farmer realized the chicken coop had been foxed.,151
band,noun,A1,Whose favorite music is rock? - My favorite band.,64
splatter,verb,C1,Be careful not to splatter paint on the walls when you're decorating.,180
genomic,adjective,C2,The patient's genomic data will be analyzed by the research team.,146
toughness,noun,C1,The climbers are demonstrating remarkable toughness in the face of the blizzard.,75
whatever,determiner,A2,You can choose whatever colour you like for your room.,93
flavor/flavour,noun,B1,The chef sang about the amazing flavor of the stew.,124
backyard,noun,B2,There were no toys in the backyard for the children to play with.,173
disable,verb,B1,The police didn't disable the alarm system.,132
infernally,adverb,C2,"This is infernally difficult, isn't it?",165
overcoat,noun,B2,She felt relief when she found her lost overcoat.,150
from,preposition,A1,That is a gift from my mother.,5
May,noun,A1,Let's not start the May flowers yet.,48
mineral,noun,B1,My body needs to take in more mineral.,180
camel,noun,B1,Where did you see a camel on your trip last year?,135
heal,verb,B1,What kind of methods did they use in the past to heal the sick?,135
photo,noun,A1,She shows me the photo.,46
nascent,adjective,C2,The nascent project can be completed with careful planning.,147
distribute,verb,B1,We distribute the flyers last week.,127
succulent,adjective,C1,The ripe mango was as succulent as a perfectly aged cheese.,110
postural,adjective,C2,She managed to correct her postural habits.,167
colloquial,adjective,C2,She enjoys using colloquial expressions in informal conversation.,170
down,adjective,B2,The price of the stock went down.,152
west,noun,A2,The sun sets in the west.,94
frontier,noun,B2,Scientific discovery often happens on the frontier of knowledge.,159
comedian,noun,B1,The young comedian felt nervous before his first show.,120
pay,verb,A1,I pay one euro.,28
printer,noun,A2,"In case the printer is out of ink, we will buy more.",104
divert,verb,B2,Some police officers had to divert traffic around the accident.,171
run,noun,A1,He is a good run.,66
soil,noun,B2,Plants will be able to grow much better in this enriched soil.,141
frostily,adverb,C1,Has he got the courage to face her frostily?,17
arctic,adjective,B2,"The explorers were amazed by the vast, arctic wilderness.",145
candidly,adverb,C1,"Candidly, who is it that the mysterious stranger keeps looking at?",9
prime,adjective,B2,"If this were the prime opportunity to act, we would have moved by now, but the circumstances aren't right.",139
informative,adjective,B1,"The documentary, which was very informative, taught me a lot about the ocean.",175
beginning,noun,A2,What will be the beginning of the film?,81
skillful/skilful,adjective,B2,I wish I had been more skillful at playing the piano when I was younger.,179
active,adjective,B1,She remained active in the community for many years.,119
slavery,noun,B1,Did they fight against slavery?,133
monitor,noun,B1,The doctor brought a new blood pressure monitor.,126
canon,noun,B2,The author often avoids deviating from the established canon of her fictional universe.,169
moderate,adjective,B1,Who was the moderate one?,137
fabled,adjective,C2,The fabled lost city has been discovered.,164
identity,noun,B1,The spy thought he lost his identity when he ran away.,124
menace,noun,C2,"Have you seen the stray dog, a real menace?",162
dead,adjective,A2,This is the deadest situation I've ever seen.,108
runway,noun,B1,The plane landed on the wet runway.,129
bike,noun,A1,It is my bike.,66
scroll,noun,C2,He had only just sprung from his slumber when his hand reached for the ancient scroll.,152
bra,noun,A2,Can you see my white bra?,86
effectiveness,noun,B2,We evaluated the effectiveness of the new marketing campaign.,143
folk,noun,B1,It's common for folk to share stories around a campfire.,182
prophet,noun,C1,The villagers revered the old man whom they believed was a prophet.,114
central heating,noun,B1,Please switch on the central heating because it is getting cold.,180
pillowcase,noun,B2,"The hotel room was tidied, and a fresh pillowcase was put on my bed.",145
fat,noun,B2,Who added so much fat to the soup?,164
knee,noun,A1,I have little pain in my knee.,33
youthful,adjective,B2,"She always avoids admitting her mistakes, despite her youthful appearance.",169
phantom,adjective,B1,"The bell, a phantom echo of the past, rang in the empty hall.",124
correlation,noun,C2,The study revealed a strong correlation between increased study time and improved exam scores.,143
organ,noun,B1,The organist played a beautiful melody at the church yesterday.,125
fair,adjective,A1,Who has a fair smile?,63
viewpoint,noun,B1,"You understood his viewpoint on the matter, didn't you?",138
ribbon,noun,A1,I don't have a blue ribbon.,49
redo,verb,B2,She must have to redo the presentation because the feedback was quite negative.,177
portable,noun,C1,We haven't got a portable.,11
benevolent,adjective,B2,The benevolent king had long since grown accustomed to the people's praise.,155
clammy,adjective,C1,"They haven't got a dry towel, and their hands feel clammy.",11
controversial,adjective,B1,The politician discussed a controversial subject during the meeting.,114
outer,adjective,B1,I didn't see the outer wall.,132
persecute,verb,C1,Don't persecute them for their beliefs.,44
trivial,adjective,B2,My concerns about the slight delay seemed trivial to my colleagues.,155
helpless,adjective,B1,She felt helpless when the storm hit without warning.,119
bed,noun,A1,They are in the bed.,67
disagreement,noun,B1,A disagreement started between the two friends.,117
achieve,verb,A2,I am not achieving my goals today.,73
leaflet,noun,B2,"If the council had distributed a leaflet about the new recycling program, more people would know what to do with their old electronics.",139
that,pronoun,A1,Has he got that?,17
trek,noun,B2,"If we had more time, we would attempt the long trek to the summit.",139
commercially,adverb,C1,"The company had previously conducted its operations entirely on a philanthropic basis, but recently decided to explore selling its innovative technology commercially.",150
elderly,adjective,A2,You may not visit the elderly neighbor today.,97
large,adjective,A1,How many large apples do you have?,56
retain,verb,B1,Who was able to retain their focus during the long lecture?,137
health care,noun,B2,I have just received excellent health care at the new clinic.,160
nature,noun,A2,He was the first person to study the nature of the stars.,113
temperate,adjective,B2,The climate in that region has been described as temperate.,166
wickedly,adverb,C1,There is a wickedly delicious cake on the table.,36
avian,adjective,C2,These old barns are often used for roosting by avian species.,144
dimension,noun,B2,I've never encountered such a complex dimension of human behaviour before.,161
gross,adjective,B2,I imagine feeling gross after eating so much.,170
bear,verb,A2,What will the strong winds bear tomorrow?,81
good night,interjection,A1,"What colour sky, good night?",54
gymnastic,adjective,B2,The young acrobat's gymnastic performance was truly breathtaking.,155
disgusting,adjective,B1,The food we ate last night was disgusting.,130
weigh,verb,A2,We are weighing the vegetables for the soup.,76
devil,noun,B2,She has never met such a charming devil before.,161
bench,noun,A2,"This park bench is the oldest one, and it's the worst.",108
imply,verb,B2,The sudden silence seemed to imply that my idea was not well-received.,145
plumage,noun,C2,The rare bird's vibrant plumage can be admired from a distance.,147
experiment,verb,B2,We experimented with different colours for the mural.,143
pay,noun,A1,This is a good pay.,16
agile,adjective,C2,The agile cat is allowed to jump onto the counter.,142
last,adverb,B1,We would always eat dinner together last.,178
department store,noun,A2,I am shopping at the department store today.,70
underestimate,verb,B2,I have never underestimated the importance of learning from mistakes.,161
research,verb,B2,Is it researched by the university?,158
derisive,adjective,C2,She hasn't yet uttered a derisive remark about his cooking.,161
o'clock,adverb,A1,How many dogs are there at two o'clock?,31
camp,noun,A1,"One camp, many camps.",24
dip,verb,B2,She decided to dip her toes in the shallow water to see if it was too cold.,169
plausibly,adverb,C1,"If the evidence aligns, the detective could plausibly build a strong case.",102
ridge,noun,B2,The muddy path can be followed along the mountain ridge.,147
tact,noun,C1,Her sensitive feedback was delivered with surprising tact.,145
basin,noun,B1,I didn't fill the basin with water.,132
different,adjective,A1,Whose book is this? This is a different book.,21
overjoyed,adjective,B1,She wasn't overjoyed to hear the bad news.,132
individual,adjective,B1,The individual effort helped our team win.,129
amplifier,noun,B2,"He loves fiddling with the amplifier, often experimenting with different settings.",170
regarding,preposition,B1,I was worried regarding the important meeting yesterday.,115
owl,noun,B2,This beautiful feather was found under an old oak where an owl often rests.,156
stuffy,adjective,C1,How many of the old books in the attic feel stuffy?,56
ponder,verb,B2,Is the meaning of this ancient text still pondered by scholars?,158
abandoned,adjective,B2,She has never visited that abandoned factory before.,161
digital,adjective,B1,My parents dreamt of a future with digital communication.,126
poetry,noun,B1,That wasn't my poetry I showed you.,134
deficiency,noun,B1,The report mentioned a deficiency in the project's resources.,121
dam,noun,A2,This small dam is not as tall as the big dam we saw yesterday.,109
religious,adjective,B1,She prayed for them with a deep religious feeling.,127
behavior/behaviour,noun,A2,I won't change my behavior tomorrow.,79
personality,noun,A2,"If you show kindness, you will see a person's true personality.",102
cause,verb,A2,"This rain is causing traffic problems, isn't it?",77
flea,noun,A2,"This flea is smaller than that flea, but it's the smallest flea in the box.",106
inexorably,adverb,C2,"She started admitting her mistakes inexorably, one by one.",169
fry,noun,A2,The fourth fry was the crispiest.,113
volume,noun,B1,She spoke with a low volume so no one else would hear.,128
cloistered,adjective,C2,She has just emerged from her cloistered life.,160
particular,adjective,B2,The idea grew from a particular seed of doubt.,155
can,modal auxiliary,A1,How many apples can you pick?,56
misdemeanor/misdemanour,noun,C2,That minor misdemeanor was a silly mistake.,164
incurable,adjective,B2,"What a difficult situation, to face such an incurable disease.",163
anxiously,adverb,B1,He anxiously rang the bell for the third time.,124
contradiction,noun,B2,It's a contradiction that he's allowed to enter the restricted area when his access was previously denied.,142
recovery,noun,B1,"The patient's recovery took a long time, didn't it?",138
basic,adjective,A2,May I ask a basic question?,98
describe,verb,A1,What does the book describe?,60
mesmeric,adjective,C2,I wish I could have seen the magician's truly mesmeric performance again.,179
thumb,noun,B1,Did you break your thumb last week?,133
bow,noun,B1,He used to wear a red bow tie to every party.,178
entire,adjective,B1,The entire team celebrated their win.,136
mourn,verb,B1,The townspeople mourned their lost leader.,136
shampoo,noun,A2,This shampoo is more expensive than the other one.,107
masterpiece,noun,B2,I wish I had been able to see that artist's original masterpiece in person.,179
quickly,adverb,A1,This doesn't move quickly.,6
luck,noun,A1,Let's not depend on luck.,48
senior,adjective,A2,"If you are a senior student, you can use the library study rooms.",102
agreement,noun,B1,It's good to reach an agreement quickly.,182
cola,noun,A2,You may have some cola.,96
attack,verb,A2,The cat is attacking the toy mouse now.,71
perfume,noun,A2,Is she wearing her favourite perfume today?,74
creek,noun,B2,Do you know of any small creeks nearby where we can skip stones?,172
context,noun,A2,"When you understand the context, you will know what to do.",103
demise,noun,C1,How much hope do we have for reversing the impending demise of the coral reefs?,34
element,noun,B1,He used to be a key element in their team's success.,178
mistrustful,adjective,B2,"If they weren't so mistrustful of outsiders, they would probably find more allies.",139
catch,verb,A1,There are fish to catch in the river.,39
swim,noun,A1,"That morning swim was nice, wasn't it?",65
dive,noun,B1,She was a competitive swimmer and her favorite part of training was the practice dive.,122
cease,verb,B2,The noisy construction nearby will cease by the end of the week.,144
outweigh,verb,B1,The advantages of living in the city outweigh the disadvantages.,180
intrude,verb,B2,My quiet thoughts were intruded upon by a loud car horn.,155
rage,noun,B1,"The director, who rarely showed his rage, suddenly shouted at the actor.",175
adult,noun,A2,Is that woman an adult?,74
loose,adjective,A2,"This knot is a bit loose, isn't it?",89
click,noun,B1,My phone's camera app made a satisfying click when I took the picture.,126
glean,verb,C1,"From the fragmented reports, she managed to glean the essential details of the upcoming merger.",181
middle-aged,adjective,B1,My middle-aged uncle visited us last weekend.,127
repute,verb,C1,The respected judge reputes the defendant's testimony to be unreliable.,57
remit,verb,C2,The debt has been remitted.,143
tonight,noun,A2,I will finish the project myself tonight.,101
aborigine,noun,B1,The aborigine brought the spear to the gathering.,118
eminent,adjective,C2,The architect had flown in from abroad to discuss the eminent new skyscraper.,155
originate,verb,B2,Where do these ideas originate?,158
stingy,adjective,B2,He always felt stingy with his praise.,148
allotment,noun,C2,My garden plot is a small allotment.,144
inexorable,adjective,C2,"We were granted permission to continue, despite the inexorable march of time.",142
postman,noun,B1,He was a postman before he retired.,123
irrevocable,adjective,C2,Was there any irrevocable damage to the property?,172
begin,verb,A1,There are new lessons to begin.,39
hence,adverb,C1,"They won't be attending the conference, hence they will not be able to present their research.",79
familiar,adjective,A2,I'm finding this street very familiar.,70
utterly,adverb,B2,What a strange place you've been to; the silence there was utterly unnerving.,163
acknowledgment/acknowledgement,noun,B1,The artist received an acknowledgment for her great work.,117
impulse,noun,B2,He had always been known for his strong impulse control.,151
cleverness,noun,C1,Her cleverness proved more valuable in solving the puzzle than brute force.,107
influence,verb,B2,My decisions are often influenced by my parents' advice.,144
shrimp,noun,B1,I thought about eating the shrimp.,118
accuracy,noun,B1,The student's answer showed good accuracy in the exam.,115
keep,verb,A1,Let me keep my bag here.,47
nerves,noun,B2,The singer's nerves had rung hollow before the performance.,152
charge,verb,B1,She didn't charge me for the extra coffee.,132
fragment,noun,B1,She only caught a fragment of the conversation before the door slammed shut.,118
firework,noun,B1,"Last night, there was a beautiful firework display.",123
stack,noun,B2,"If the police hadn't found a stack of evidence, the suspect would have walked free.",139
cascade,verb,C2,Some colourful ribbons cascade down the wall.,171
renown,noun,C1,"The artist, whose work had once brought her great renown, felt a deep sense of neglect as her fame dwindled.",120
supermarket,noun,A1,Are there any supermarkets in this town?,41
ad,noun,B1,She mentioned that she saw an interesting ad online.,174
industrial,adjective,B1,"Yesterday, the company opened a new industrial park.",119
content,noun,B1,He used to find great content in reading books.,178
text,verb,A2,You mustn't text her late at night.,91
hidden,adjective,B1,The treasure map revealed a hidden path.,129
snore,verb,B2,He doesn't snore when he's tired.,157
interrupt,verb,B1,"He tried to interrupt her, but she continued speaking.",125
striking,adjective,B2,Has that striking design been noticed by many?,158
dismay,verb,C1,The prolonged silence dismayed him.,1
stressfully,adverb,C1,The team has decided to work stressfully through the night to meet the demanding deadline.,167
tire,verb,B1,Did the long walk tire you?,133
deal,verb,B1,She dealt with the problem effectively yesterday.,115
robot,noun,B1,The robot walked slowly.,131
next door,adverb,B1,My neighbour next door often plays loud music.,121
tale,noun,B1,The old sailor told a long tale.,129
animal,noun,A1,Who sees the animal?,63
option,noun,B1,I didn't have any other option.,132
descriptive,adjective,B2,"The artist's use of color was highly descriptive, making us feel as if we were standing right there.",153
buy,verb,A1,What colour bag do you buy?,54
sanctity,noun,C1,She is defending the sanctity of her beliefs.,71
trailer,noun,B2,We bought a used trailer for our camping trips.,149
incense,noun,B2,The sweet incense had been burned in the temple for hours.,152
stultifyingly,adverb,C2,The endless repetition of the same task was stultifyingly boring.,145
expressive,adjective,B2,"If the actor were more skilled, their performance would be more expressive.",139
implement,noun,B2,The committee discussed the final implement for the new policy.,153
enough,pronoun,A2,"If you have enough, you can share some.",102
note,verb,A1,I don't note any problems.,11
treachery,noun,C2,His betrayal was a deep treachery.,150
inspiration,noun,A2,I must find inspiration for my project.,90
procedural,adjective,C2,I wish I had followed the procedural steps more carefully.,179
complicated,adjective,B1,Who was so complicated?,137
correctness,noun,B2,The students were tested on the correctness of their past participle forms.,149
handshake,noun,B1,He felt a firm handshake when they met.,120
cup,noun,A1,This is a cup.,19
drain,verb,B2,The constant worry had completely drained her energy.,152
lake,noun,A2,"When we go to the lake, we will swim.",103
forlorn,adjective,C2,"The little puppy must be forlorn, as it hasn't seen its owner all day.",177
aerobics,noun,B1,It's good for your health to do aerobics regularly.,182
integral,adjective,C1,The company's commitment to sustainability was considered an integral part of its operational strategy.,145
marble,noun,B1,He dreamt of a huge marble statue.,126
pace,noun,B1,The old man walked at a slow pace.,131
club,noun,A1,Whose club do you like?,55
milieu,noun,C2,He had never before experienced a social milieu where such casual kindness was spoken.,154
blindly,adverb,B2,The company wasn't following the new regulations blindly.,157
stretch,verb,B1,I didn't stretch my legs on the long journey.,132
breeze,noun,A2,The fourth flower felt a slight breeze.,113
adoption,noun,B2,The committee has fought for the adoption of new safety regulations.,149
domestication,noun,C1,Who truly appreciates the long process of animal domestication?,63
rapturous,adjective,C2,His performance wasn't met with rapturous applause.,157
exhaust,noun,B2,We had the car's exhaust system checked before the long journey.,181
buyer,noun,B1,The initial buyer cut the price.,116
mustard,noun,B1,I remembered to buy the mustard at the shop yesterday.,114
till,preposition,A2,I am not eating till dinner.,73
partisan,noun,B2,The desperate **partisan** had sung his last song of rebellion.,152
done,do-verb,A2,This work isn't as easily done as the other one.,110
distribution,noun,B1,Last week they managed the distribution of the food.,119
visibly,adverb,B2,She was visibly upset after hearing the bad news.,151
ignore,verb,B1,I didn't ignore his question.,134
pension,noun,B2,The pension is paid into my bank account monthly.,159
concession,noun,B2,The landlord had his property manager make a significant concession on the rent.,181
outlook,noun,B2,"Despite the recent setbacks, the company maintained an optimistic outlook.",155
unexpectedly,adverb,B1,"I was a student at that school, but then I unexpectedly moved away.",123
claim,verb,A2,Who can claim the last piece of cake?,88
aubergine,noun,B2,There are some aubergines in the vegetable drawer.,171
globe,noun,A2,Who must protect the globe?,94
back,verb,B1,He **back** the car into the garage.,124
exhibition,noun,A2,Must we buy tickets for the art exhibition?,92
senator,noun,B2,The senator wishes he had voted differently on that important bill.,179
baseball,noun,A1,I haven't got a baseball.,11
television,noun,A1,This is a television.,19
uncertain,adjective,A2,She is feeling uncertain about her next move.,71
tub,noun,B2,What have you bought recently? - A large inflatable tub for the garden.,163
circus,noun,B1,Who was excited about the circus?,137
vocabulary,noun,A2,I must learn new vocabulary.,90
abnormal,adjective,B1,The doctor said his heart rate was abnormal yesterday.,123
reminiscent,adjective,C1,"What is it? - It's a melody, quite reminiscent of that old jazz tune.",8
puzzle,noun,B1,He spoke about the difficult puzzle.,128
piano,noun,A1,What have you got? I've got a piano.,13
occur,verb,B1,That incident did not occur during the meeting.,134
output,noun,B2,Did the factory produce any defective output last month?,172
redundant,adjective,B2,The original information felt redundant.,143
flax,noun,B2,The farmers have always let the flax plants grow and then harvested the stalks.,148
downsize,verb,B2,The company has decided to downsize its operations.,167
seek,verb,A2,We seek the best solution.,108
wind,noun,A1,The garden doesn't get much wind.,58
peep,noun,B2,We're granted permission to take a peep at the final draft.,142
reliable,adjective,B1,"The old car, which I bought last year, has proven to be a reliable vehicle.",128
revelation,noun,B2,Some unexpected revelation made him change his mind.,171
hindrance,noun,C2,His constant interruptions were a hindrance to our progress.,148
lamb,noun,B1,The shepherd found his lost lamb.,129
slow,adjective,A1,Is it a slow car?,4
retell,verb,B1,Please retell the story from the beginning.,180
hesitate,verb,B1,What did she hesitate to say at the meeting?,135
irritation,noun,B2,The constant buzzing was causing him a lot of irritation.,166
burial,noun,B2,I wish I had been there for the burial.,179
below,adverb,A1,What colour is the picture below?,22
narcissistic,adjective,B2,There was no narcissistic behavior in his speech.,173
curious,adjective,B1,I'm curious about what you're looking up.,180
corner,noun,A1,I walk around the corner.,52
potential,noun,B1,The company is looking for employees who have the potential to become leaders.,175
wrapping,noun,B1,She kept the colourful wrapping paper by the scissors.,121
split,noun,B1,The wood split cleanly down the middle.,124
give,verb,A1,I give one apple.,25
railway,noun,B1,They sang songs on the old railway.,124
carbon,noun,B2,The sample had been thoroughly carbon dated.,154
an,determiner,A1,There is an apple on the plate.,36
mention,noun,A2,What mention must I make of this situation?,93
although,conjunction,A2,"I'm feeling tired, although I slept well last night.",75
gather,verb,A2,Can you gather your toys after playing?,86
counter,noun,B2,Your coffee will be prepared at the counter.,146
first language,noun,B2,My first language isn't spoken by many people in this country.,157
overstep,verb,B2,My concerns about the budget were not intended to overstep my responsibilities.,157
shamble,verb,C2,"He shambled along the street, didn't he?",165
fellow,adjective,B2,He felt a strong connection with his fellow students.,150
startle,verb,B2,Have you ever been startled by a sudden loud noise?,162
strong,adjective,A1,Who is that? That's a strong man.,9
contradictory,adjective,B2,"If his actions matched his words, he wouldn't be making contradictory statements.",139
figuratively,adverb,C2,He figuratively dreamt of a different life.,153
teller,noun,B1,"Yesterday the bank teller counted the money, today he is helping customers.",125
stipulation,noun,C2,The contract included a stipulation that we had our invoices paid within thirty days.,181
explosion,noun,B1,The loud explosion startled everyone.,127
eleven,number,A1,What have you got? I've got eleven apples.,13
district,noun,B1,Did you visit the old town district last year?,133
blue,noun,A1,Where does she find the blue?,61
chess,noun,A2,My younger sister is better at chess than I am.,109
uncle,noun,A1,My uncle has much time.,33
fighting,noun,B2,"You've heard about the fighting in that region, haven't you?",165
undemonstratively,adverb,C2,She had to leave the party undemonstratively to avoid causing a scene.,140
goodwill,noun,B2,"The community has shown great goodwill towards the new shelter, haven't they?",165
father-in-law,noun,B2,My father-in-law has just arrived for his visit.,160
capture,noun,B1,The artist's sketch was a detailed capture of the bustling market.,114
singing,noun,A2,I will try singing more often.,78
revive,verb,B2,The community plans to revive the old town square with a series of cultural events.,167
entertainment,noun,A2,We mustn't expect too much entertainment from the meeting.,91
ocean,noun,B1,We didn't see the entire ocean yesterday.,132
company,noun,A2,This company isn't as big as the other company.,110
neglectful,adjective,C1,What is it that shows such a lack of care for a vulnerable pet? It's a neglectful owner.,8
stake,noun,B2,"The outcome of the competition has already been decided, with the winner's reputation at great stake.",166
folder,noun,A2,This folder is thicker than that one.,106
sensitive,adjective,B2,The data can be compromised if the system is too sensitive.,147
innocent,adjective,B1,What did the child seem like then? - He seemed innocent.,135
ache,verb,B2,I wish my head didn't ache so much after that long meeting.,179
breakdown,noun,B2,The unexpected breakdown of the main generator caused a significant power outage.,143
jog,verb,B1,I wasn't jogging when you saw me.,134
shock,noun,A2,"This news is a big shock, isn't it?",89
pretty,adjective,A1,Is there a pretty flower in the garden?,38
inscription,noun,B1,It was interesting to read the ancient inscription.,182
access,noun,B1,She thought she had access to the secret files.,118
profile,noun,B2,Has your online profile been updated recently?,158
letter,noun,A1,I see a letter on a small desk.,35
adverb,noun,B1,The teacher explained how to use an adverb to describe an action.,115
hypothesis,noun,C2,The initial hypothesis was based on what was meant by the previous findings.,153
cave,noun,B1,The guide explained that the ancient drawings were found deep inside a dark cave.,174
graceful,adjective,B1,It's lovely to watch the swans swim so graceful.,182
cube,noun,B2,I have just finished solving the Rubik's cube.,160
sketchbook,noun,C1,a worn leather sketchbook,1
else,adverb,A1,"I see one foot, but where is else?",30
skim,verb,B2,The surface of the pond was skimmed by the gentle breeze.,156
lifelong,adjective,B1,She pursued lifelong learning for personal growth.,119
gusto,noun,C1,I have never approached a challenge with such gusto.,161
paddle,verb,C1,Let's not paddle out too far with this storm brewing.,48
gym,noun,B1,Did you go to the gym yesterday?,133
persist,verb,B2,The rain continued to persist throughout the night.,152
fog,noun,A2,Who can see through the fog?,88
sector,noun,B2,The company has just expanded into the renewable energy sector.,160
black,noun,A1,It's a black car.,2
accompany,verb,B1,The music seemed to accompany my thoughts.,127
chrysalis,noun,C2,The caterpillar had brought its life to a pause within its chrysalis.,149
drug,noun,A2,I am reading about a new drug.,70
closely,adverb,B1,We watched the film closely.,127
columnist,noun,B1,He used to be a regular columnist for a local newspaper.,178
naval,adjective,B2,The admirals have been briefed on the upcoming naval exercises.,151
ethnic,adjective,B2,The museum displayed artifacts from various ethnic groups that were once a part of the ancient empire.,149
prevention,noun,B2,Successful disease prevention is crucial for public health.,152
swan,noun,B2,We are allowed to observe the majestic swan gliding across the lake.,142
furnish,verb,B1,Did the hotel furnish you with towels?,133
misunderstand,verb,B2,I have just misunderstood your instructions.,160
dust,noun,A2,This is a table. The table has some dust.,19
stain,verb,B2,Has the carpet been stained by the wine?,158
unenviable,adjective,C1,"After he broke his leg, he felt in an unenviable position, unable to participate in the crucial competition.",120
advisory,adjective,C1,The committee provided advisory recommendations to the council regarding the children's welfare.,30
plug,verb,B2,We'll be allowed to plug in our devices at the conference.,142
unhappy,adjective,A2,She felt quite unhappy.,112
depart,verb,B1,The train will depart in five minutes.,115
monument,noun,B1,We visited the ancient monument yesterday.,115
disparagingly,adverb,C2,He had his work spoken disparagingly of by his colleagues.,181
battle,noun,B1,They won the last battle decisively.,119
straight,adjective,A2,He is looking straight ahead.,71
victory,noun,B1,Our team celebrated a hard-won victory.,129
fruition,noun,C2,Their efforts have finally been brought to fruition.,166
maple,noun,B1,That big tree was a maple.,123
political,adjective,A2,What is happening now? - There are many political discussions.,75
tights,noun,A2,"After I put on my dress, I will wear my new tights.",105
biotechnology,noun,B2,New frontiers in biotechnology aren't fully understood yet.,157
institute,noun,B1,The committee institute new rules last year.,130
emperor,noun,B1,The people celebrated when the wise emperor returned.,136
dude,noun,B1,My dude went to the store.,131
firearm,noun,B2,The stolen firearm was found by the police.,145
myriad,adjective,C2,There were no myriad stars visible through the thick cloud cover.,173
instinctive,adjective,C1,"Having witnessed the danger, their escape felt almost instinctive, a desperate flight they had not consciously planned.",155
environmentally friendly,adjective,B2,We decided to purchase an environmentally friendly car for our family.,167
experience,verb,B1,She experienced a strange feeling when she heard the bell.,124
vary,verb,B1,My opinions didn't vary much last week.,132
craftsman,noun,B2,The ancient craftsman's skill had cost him dearly in his youth.,148
immortal,adjective,B2,His legend was made to seem immortal by the poets of the age.,145
consider,verb,A2,I may not consider that a good idea.,97
contaminate,verb,B2,"You've accidentally let something from outside contaminate the sterile environment, haven't you?",165
sure,adverb,A2,"You'll be there tomorrow, surely.",83
depressive,adjective,C2,I wish I wasn't feeling so depressive today.,179
homely,adjective,C1,She sang a homely lullaby that soothed the crying child.,124
methodology,noun,C2,The old research methodology had been revised.,151
middle,noun,A2,He is standing in the middle of the room.,71
clutch,verb,C1,Where does she clutch her phone?,61
interested,adjective,A1,How much information are you interested in?,34
expansion,noun,B2,The company had its market expansion planned for the next fiscal year.,181
bull,noun,B1,The farmer bought a strong bull.,120
another,pronoun,A2,We need another cup of tea.,93
limit,noun,B1,They reached their credit limit last month.,119
compellingly,adverb,C2,She argues compellingly for implementing new recycling programs.,170
offshore,adjective,B2,She has never worked on an offshore oil rig.,161
heat,noun,A2,I'm feeling the heat from the sun.,70
movie,noun,A1,one movie - two movies,25
exist,verb,A2,Dinosaurs can exist in museums.,84
mobile,noun,A1,Let's not buy a new mobile.,48
ordinary,adjective,B1,I felt an ordinary sense of relief when the exam was over.,120
deputy,noun,B2,The director decided to appoint a new deputy.,167
welcome,interjection,A1,"Welcome, is this your new bike?",7
practice/practise,verb,A1,I practice the guitar every day.,27
disorder,noun,B2,The room had just been put in order after the children's apparent disorder.,166
organized/organised,adjective,A2,My desk isn't organized now.,73
video,noun,A1,He doesn't watch the video.,58
statement,noun,A2,What kind of statement may I make?,99
northwest,noun,B1,The wind blew from the northwest.,136
ink,noun,B1,"The artist dreamt of vivid colours, but only had black ink.",126
taste,noun,B1,"Last night, the chef added a special spice that changed the whole taste of the stew.",119
commonwealth,noun,B2,The athletes have just arrived for the commonwealth games.,160
pizza,noun,A1,There isn't a pizza in the box.,37
video game,noun,A2,I cannot finish this video game today.,85
granny,noun,A2,"I can bake this cake myself, just like my granny taught me.",101
including,preposition,B1,"It's useful to learn new things, including how to fix common problems.",182
consciousness,noun,B2,His near-death experience brought his consciousness to a new level.,153
backup,noun,B2,A reliable backup of your important files can be made regularly.,147
rightly,adverb,B2,She will rightly have to consider the consequences of her actions.,140
hull,noun,C2,Was the ship's hull repaired?,158
antipollution,noun,B2,"The new factory equipment must be a significant antipollution upgrade, judging by the much cleaner air in town.",177
connection/connexion,noun,B1,She felt a strong connection to the place where she grew up.,122
deer,noun,B2,The faint rustling in the woods must be a deer.,177
mineral water,noun,A2,Can you get me some mineral water from the shop?,86
grocery store,noun,A2,I may go to the grocery store later.,99
impervious,adjective,C1,"Does he remain impervious to criticism, even when it's constructive?",50
stereotype,noun,B2,Have you heard the stereotype about the weather in this city?,162
truck,noun,A1,Whose toy truck does the child play with?,62
fright,noun,B1,He thought the sudden noise was a great fright.,118
boast,noun,C1,Is that achievement widely acknowledged as their greatest boast?,158
relinquish,verb,C1,I wish I could relinquish this constant feeling of obligation.,179
venue,noun,B2,We are considering changing the venue for our next concert.,169
crudely,adverb,C1,The suspect crudely etched the symbols onto the wall.,136
beam,noun,B2,A single beam of light is reflected by the mirror.,144
impeccably,adverb,C2,The carefully prepared presentation was delivered impeccably.,155
modernism,noun,C2,The art students were allowed to study modernism in greater detail for their project.,142
also,adverb,A1,Is there also an apple in the basket?,38
upheaval,noun,C1,Whose sudden resignation led to such widespread societal upheaval?,21
church,noun,A1,"One church, two churches.",27
calamity,noun,C2,Have you ever witnessed such a calamity?,162
surreptitiously,adverb,C2,He had his wallet surreptitiously removed from his pocket.,181
old-fashioned,adjective,B1,My grandmother grew up in an old-fashioned village.,130
residential,adjective,B1,"That area became purely residential after the factory closed, didn't it?",138
literary,adjective,B1,"The author, whose novels are full of literary references, is very famous.",175
understand,verb,A2,I won't understand your problem if you don't explain.,79
nationality,noun,A1,Whose nationality is it?,21
excellent,adjective,A1,She has excellent handwriting.,57
undiminishing,adjective,C2,Her undiminishing enthusiasm meant she kept trying new things.,153
ecstasy,noun,B1,The crowd felt pure ecstasy when their team won.,130
chew,verb,B2,She loves slowly chewing her food to really taste it.,169
external,adjective,B2,Who fixed the broken fence? The external repairman.,164
princess,noun,A1,What kind of doll do you want? I want the princess doll.,53
pickle,noun,B2,I found myself in a bit of a pickle when I realized I had forgotten my keys.,151
screen,verb,B2,"You've screened that film before, haven't you?",165
assignment,noun,B1,She completed the difficult assignment yesterday.,114
excited,adjective,A1,The cat doesn't seem excited.,58
next-door,adjective,B1,The neighbour who lives in the next-door house is always friendly.,175
inspire,verb,B1,Her kindness inspired us to help others.,115
imagine,verb,A1,He doesn't imagine flying.,58
theater/theatre,noun,A1,There are no good theaters in my town.,40
behest,noun,C2,I have never attended a formal ball at the behest of royalty.,161
photocopy,noun,B1,She didn't make a photocopy of the report.,132
nervousness,noun,B1,He felt a great deal of nervousness before his presentation.,120
chuckle,noun,B1,It wasn't a deep chuckle.,134
that,conjunction,A1,I didn't know that you had many apples.,31
conjunction,noun,B2,Have you seen any interesting conjunctions in that report?,162
penny,noun,B1,He dreamt of finding a lost penny.,126
pharmacist,noun,B2,The prescription has been checked by the pharmacist.,166
professor,noun,B1,What did the professor teach last semester?,135
portraiture,noun,C2,"Over time, I will be able to appreciate the nuances of classical portraiture.",141
rebel,noun,B2,The rebel will be apprehended by the authorities.,146
wheelchair,noun,A2,Who can help me with this wheelchair?,88
extensive,adjective,B2,We plan to conduct extensive research into the project's feasibility.,167
ballad,noun,B2,I enjoy listening to a good ballad.,170
infected,adjective,B2,The plant was infected with a new type of virus.,145
principal,noun,B2,The principal kept the students after school for a surprise.,150
small,adjective,A1,I have a small dog.,45
contrive,verb,C2,They contrived a plan to escape the maze.,155
alive,adjective,A2,"This plant looks alive, doesn't it?",89
giveaway,noun,B2,"The free concert was a real giveaway, offering incredible music to everyone.",154
kilometer/kilometre,noun,A2,We must run another kilometer.,90
citation,noun,C1,She thought her previous research provided enough of a citation for the new claim.,118
quiz,noun,A2,I'm doing a quick quiz now.,70
sparkle,noun,B1,The festive lights added a lovely sparkle to the Christmas tree.,119
unobtrusiveness,noun,C2,The aim of the design was unobtrusiveness.,159
declaration,noun,B1,He used to make a loud declaration every time he won a game.,178
value,noun,A2,May I have the **value** of this item?,98
poison,verb,B2,The environment is being slowly poisoned by industrial waste.,156
compose,verb,B1,She composed a beautiful song last week.,119
attachment,noun,B1,I bought a new phone and made sure to transfer my old contact list attachment.,118
germ,noun,B2,She tries to avoid spreading any germ by washing her hands frequently.,169
leader,noun,A1,One leader helps many people.,30
weather,noun,A1,This is good weather.,5
flash,noun,B2,The photograph can be improved by adjusting the flash.,147
provide,verb,A2,We will provide food for the party.,78
somberly/sombrely,adverb,C1,There is a shadow that falls somberly across the abandoned theatre.,36
cherry,noun,B2,We're allowed to pick a cherry from the tree if we ask first.,142
overseas,adjective,B2,I wish I could have had an overseas adventure before starting work.,179
brother-in-law,noun,B2,I wish my brother-in-law would visit more often.,179
procrastination,noun,B1,My procrastination cost me a good grade.,116
platform,noun,B1,"They stood on the train platform, didn't they?",138
orange,noun,A1,What does the fruit seller sell? - He sells an orange.,60
gentle,adjective,A2,"Her touch was gentle, more gentle than a feather.",107
jersey,adjective,C1,This bright blue jersey is brighter than the faded one from last season.,106
innovation,noun,B2,The company celebrated the successful implementation of a groundbreaking innovation.,143
rubble,noun,B2,"After the earthquake, the rescuers dug through the rubble.",150
pink,adjective,A1,a box of pink crayons,42
summary,noun,A2,May I have a summary of the meeting?,98
pollute,verb,A2,We must carefully not pollute our rivers.,112
barometer,noun,B2,The falling barometer must mean a storm is approaching.,177
difference,noun,A1,Is there a difference between the two colours?,38
father,noun,A1,This isn't my father.,6
layer,noun,B1,She explained that the cake had a delicious cream cheese layer.,174
donation,noun,B2,We plan to make a substantial donation to the local animal shelter.,167
radar,noun,B2,I wish I had spotted the problem on the radar sooner.,179
redundantly,adverb,C2,Have you asked that redundantly?,162
least,adverb,B1,I least expected them to arrive.,127
robin,noun,A2,Is that robin singing in the tree?,74
rally,noun,B2,Have you ever attended a political rally?,162
exploitation,noun,C1,What must governments address to prevent the exploitation of vulnerable workers?,93
education,noun,A2,Who can help with my education?,88
bidding,noun,B2,They are now able to increase their bidding amount.,141
friend,noun,A1,How many friend do you have?,56
brandish,verb,C2,The knight had to brandish his sword to defend the castle.,140
part-time,adverb,B1,She is looking for a job that she can do part-time.,175
drabness,noun,C2,I have just escaped the drabness of my old office.,160
most,determiner,A1,Who likes pizza the most?,63
though,adverb,B2,"What did you think of that unusual restaurant, though?",163
commonly,adverb,B1,This type of metal was commonly cut into smaller pieces.,116
following,preposition,B2,We were alerted to the situation following the emergency broadcast.,145
tremble,verb,B1,The little bird trembled with cold.,129
continuous,adjective,B1,The training wasn't continuous last month.,134
gorilla,noun,B1,We saw a gorilla at the zoo yesterday.,127
acrobatic,adjective,C2,Have you seen the performer's acrobatic moves?,162
half,pronoun,A2,I won't eat half of it for dinner.,79
discipline,noun,B2,She will appreciate developing more discipline in her work habits.,169
resort,noun,B1,She explained that the hotel was a beautiful resort.,174
beforehand,adverb,C1,Thoroughly understanding the complex concepts beforehand made the advanced material significantly more approachable than the introductory topics had been.,107
fiber/fibre,noun,B2,The sample was thoroughly tested for its fiber content.,145
this,determiner,A1,Who broke this vase?,63
beneficial,adjective,B2,Regular exercise is not considered unimportant; it's highly beneficial.,157
often,adverb,A1,Does he often visit his grandma?,17
indent,verb,B2,I'm having the text on the page indented by the designer.,181
achievable,adjective,B2,I wish I had set more achievable goals for myself last year.,179
study,verb,A1,I study a little English every day.,33
profitable,adjective,B2,The company found that their new strategy was incredibly profitable.,150
booking,noun,B1,She dreamt she had made a very expensive booking.,126
interfere,verb,B2,Your work won't be interfered with by anyone.,146
fare,noun,A2,Who will pay the fare?,82
photograph,noun,A2,"When I see the beautiful sunset, I will take a photograph.",103
egg,noun,A1,What kind of egg do you want?,53
humorous,adjective,B1,He thought the story was very humorous.,118
field,noun,A1,This isn't a small field.,6
unsuccessful,adjective,B2,The team had been unsuccessful in their attempts to win the championship.,151
bent,adjective,B1,The old metal ruler was bent.,128
traitor,noun,B2,The general decided to expose the traitor.,168
lyricist,noun,C2,The songwriter was granted permission to work with the famous lyricist.,142
full-time,adjective,B1,She felt tired after her full-time job.,120
train,verb,A2,You are training for the marathon now.,72
verily,adverb,C2,His good deeds were verily rewarded by the community.,145
morality,noun,B2,"He felt a pang of guilt, questioning his own morality after the incident.",150
daisy,noun,B1,She bought a beautiful daisy.,118
convict,verb,C1,The jury must have had overwhelming evidence to convict him so swiftly.,177
ambiguous,adjective,B2,"The instructions for assembling the furniture were ambiguous, and I struggled with them for hours.",149
spirit,noun,B1,"He joined the team with a great spirit, didn't he?",138
teenage,adjective,A2,She may not borrow her older sister's teenage clothes.,97
tacitly,adverb,C2,"You have tacitly agreed to the plan, haven't you?",165
scorn,noun,C1,How much scorn did he face for his radical ideas?,56
outset,noun,C1,Is there a clear plan at the outset of this project?,38
emotionally,adverb,B1,He felt emotionally drained after the argument he had.,126
case,noun,A1,Has she got a case?,17
internationally,adverb,B1,It's useful to understand how things are done internationally.,182
dissection,noun,C1,The careful dissection of the ancient text has revealed a previously unknown historical connection.,152
attempt,verb,B1,It's brave to attempt climbing that mountain.,182
broadcast,noun,B1,"Yesterday, the radio broadcast was very interesting.",128
polite,adjective,A2,He is being very polite to the customers.,75
white,adjective,A1,a bag of white rice,42
reading,noun,A1,One reading - many readings,25
inside,preposition,A1,Where do you play inside?,52
substitute,verb,B2,Some volunteers can substitute for the main performers if needed.,171
pleasant,adjective,A2,What kind of day can we have? A very pleasant day.,87
furthest,adverb,B1,I walked furthest yesterday.,125
spring,noun,A1,Whose flowers grow in the spring?,62
originally,adverb,B2,We originally had to leave earlier.,140
worse,adjective,A2,What kind of weather must we expect? - It will be worse.,93
wealth,noun,A2,"In case of an emergency, we have a great wealth of resources.",104
bill,verb,B1,They billed us for the extra service last week.,123
microphone,noun,B2,I've never spoken into a microphone on a stage before.,161
share,noun,A2,My brother wants his share.,94
unashamedly,adverb,B2,The children unashamedly shared their entire bag of sweets with their friends.,159
border,noun,B1,The river formed the border.,116
hazardous,adjective,B2,We must consider reducing exposure to hazardous waste.,169
sprawl,noun,C1,"As a child, I remember the city's relentless sprawl extending further than I could have ever imagined.",122
less,pronoun,A2,"I'm not eating much, I'm eating less.",73
insect,noun,A2,I can see a tiny insect.,84
food,noun,A1,Let us eat food.,47
patronize/patronise,verb,C2,He always patronized the local baker.,154
proportionally,adverb,C2,I have never proportionally experienced such a drastic change.,161
sleepy,adjective,A2,He is feeling very sleepy.,71
eternity,noun,B1,I thought about my future for what felt like an eternity.,118
engender,verb,C2,Misunderstandings can engender conflict.,154
baggage,noun,B1,Her emotional baggage wasn't the reason for the delay.,134
submit,verb,B2,The project proposal was finally submitted on time.,156
pilgrim,noun,A2,The first pilgrim arrived at dawn.,113
roam,noun,B2,The fenced area allowed for the roam of their sheep without them wandering too far.,143
lamp,noun,A2,Where must I put the lamp?,93
scheduled,adjective,B2,"If the meeting wasn't scheduled for tomorrow, we would have time to prepare the presentation this afternoon.",139
chat show,noun,B1,It's fun to watch a chat show on a Friday night.,182
justify,verb,B2,She has never managed to justify her decisions.,161
screen,noun,A2,I won't look at the screen for too long tonight.,79
buffoon,noun,C1,You may be excused for thinking he's a buffoon.,96
tower,noun,A1,Is it a tall tower?,4
reluctantly,adverb,C1,Have you reluctantly agreed to the new proposal?,162
pit,noun,B1,We dug a large pit in the garden.,121
dense,adjective,B2,The information will be presented in a dense report.,146
trophy,noun,B2,She hoped to win the championship trophy.,168
occupation,noun,A2,May I ask about your occupation?,98
elusive,adjective,C1,Does the elusive artist ever reveal their inspiration?,59
imposition,noun,C2,"I've just finished my work, so it's no imposition to help you now.",160
physiological,adjective,C2,Were the physiological responses noted?,158
olive,noun,B2,"The tree had already been watered and pruned with care, yielding a surprisingly large crop of olives.",154
oath,noun,B2,He had already taken an oath.,151
armed,adjective,A2,The guard is armed.,71
reward,verb,B2,I have just finished the marathon and my body will reward my effort with extreme fatigue.,160
orchestral,adjective,B2,There was no orchestral music playing at the cafe.,173
commander,noun,B2,There was no commander at the scene to give orders.,173
corruption,noun,B2,We must actively fight corruption to ensure a fair society.,170
impressionist,noun,B2,That painting was done by a renowned impressionist.,156
message board,noun,B1,I didn't see your post on the message board yesterday.,132
volunteer,verb,B1,I volunteered to help at the animal shelter last weekend.,118
cyberspace,noun,B2,I have never explored the depths of cyberspace.,161
rejection,noun,B2,She intends to overcome the feeling of rejection.,168
thanks,noun,A1,Are there any thanks in the letter?,41
droop,noun,B2,"The flowers showed a noticeable droop after the heatwave, didn't they?",165
desert,noun,A2,Will we see a desert on our trip?,80
flexible,adjective,B2,The new schedule was designed to be more flexible for employees.,156
bedroom,noun,A1,It isn't a bedroom.,3
motorbike,noun,B2,My uncle rode his motorbike to work this morning.,155
jam,verb,B2,My car's engine got jammed yesterday.,159
showy,adjective,C1,Her latest performance was more showy than her previous ones.,109
increasingly,adverb,B1,The ancient trees grew increasingly taller each year.,130
knock,noun,A2,"There was a loud knock, wasn't there?",95
store,noun,A1,one store - five stores,28
Mediterranean,noun,B1,We explored the Mediterranean last summer.,114
persistent,adjective,B2,My neighbor is often offered a discount on his purchases due to his persistent loyalty.,144
goodness,interjection,B1,"Goodness, I dreamt of flying last night.",126
software,noun,A2,"You are using the new software, aren't you?",77
sugar,noun,A1,How much sugar do you want?,31
mention,verb,B1,He forgot to mention the extra cost.,121
applaud,verb,B1,The audience loudly applaud the excellent performance.,115
telephone,verb,A2,He telephoned the shop about the smallest present.,106
gradual,adjective,B2,"This has been a gradual improvement, hasn't it?",165
kid,verb,B1,She kidded me about my new haircut.,118
stringent,adjective,C2,They are considering implementing more stringent rules for safety.,169
puritanical,adjective,C2,His puritanical upbringing made him fear dancing.,159
slice,noun,A2,I cut the pizza slice neatly.,111
pollutant,noun,B1,My car produces a harmful pollutant.,136
visa,noun,B1,What kind of visa did she need for her trip?,135
benefit,noun,B1,The old man saw a benefit from his daily walk.,117
quirky,noun,C1,She had a certain quirky that made her stand out in the crowd.,122
obviously,adverb,B1,He obviously dreamt of winning the competition.,126
dowry,noun,B2,She decided against demanding a dowry as part of the marriage.,170
consult,verb,B2,They decided to consult a lawyer before signing the contract.,167
outrage,noun,B2,The public expressed outrage to see the company continue its harmful practices.,168
legislator,noun,B2,The proposed bill can be amended by any legislator.,147
perch,noun,C2,You are allowed to sit on the old wooden perch.,142
yogurt/yoghurt,noun,A1,There is no yogurt in the fridge.,40
circumnavigation,noun,C2,Their ambitious circumnavigation will be completed next year.,146
general,noun,B1,The general led the troops to victory.,131
issue,verb,B2,He must have been issued a new ticket – I saw him talking to the officer earlier.,177
northwestern,adjective,B1,Who was from the northwestern part of the country?,137
unequivocal,adjective,C2,My apology for my mistake has been unequivocal.,160
grill,verb,B1,"Last weekend, we grilled delicious burgers in the garden.",119
query,verb,C1,Could you query what the intern has brought in for discussion?,18
alongside,preposition,B2,The painting was displayed alongside the sculpture.,151
landlady,noun,B2,I've never met my landlady before.,161
dissatisfied,adjective,B2,"He was dissatisfied with the way his presentation was organized, so he had it redone.",181
beef,noun,A1,What colour is the beef?,22
restriction,noun,B2,The lifting of the travel restriction has been widely spoken about.,154
unbelievable,adjective,B1,The price we paid for the concert tickets was unbelievable.,126
refresh,verb,C1,Has the system got the ability to refresh the data automatically?,17
charter,noun,C1,Who may operate an air taxi service? - Only companies with an approved charter may.,100
encumbrance,noun,C2,My car is still an encumbrance.,160
sneeze,verb,B2,The child was allowed to sneeze loudly when he had a cold.,142
three,number,A1,This is three apples.,5
diamond,noun,A2,She will wear a diamond ring to the party.,78
each other,pronoun,A1,They look at each other in the big house.,35
firewall,noun,C1,What do we implement to secure our network? We implement a firewall.,51
trauma,noun,C1,Childhood trauma can have lasting effects.,19
tray,noun,B2,The dirty dishes will be cleared from the tray.,146
accustomed,adjective,C1,I am accustomed to the constant noise of the city.,68
evidently,adverb,B2,Some new members have evidently joined the club recently.,171
recess,noun,C1,Who can organize the children's recess activities?,88
fast food,noun,A2,What kind of lunch must we buy? We must buy fast food.,93
very,adjective,B2,Was that report considered very important?,158
rose,noun,A1,This is a red rose.,9
waitress,noun,A1,The waitress brought our food.,30
inquiry/enquiry,noun,B1,The police made an inquiry into the strange noise that grew louder.,130
sand,noun,B1,I was building a sandcastle on the beach last summer.,123
glum,adjective,C1,You may find the mood rather glum after such news.,99
intravenous,adjective,B2,Have you ever required an intravenous drip?,162
sunflower,noun,A2,Can you see that tall sunflower?,86
magnanimously,adverb,C2,She had been magnanimously offered a second chance.,151
oxygen,noun,B1,The doctor explained that the patient needed more oxygen.,174
new,adjective,A1,Have you got a new car?,12
create,verb,A2,"After we finish the project, we will create a presentation.",105
favorite/favourite,noun,A1,He has got a favorite toy.,14
economical,adjective,B2,This particular model of car is known for being very economical.,156
membership,noun,B1,"You cancelled your gym membership last week, didn't you?",138
horse,noun,A1,It's a brown horse.,2
demonstration,noun,B1,The group's peaceful demonstration cost them nothing in terms of arrests.,116
relieved,adjective,B2,She will be relieved when the difficult project is finally finished.,146
inchoate,adjective,C2,The politician avoided addressing the inchoate criticisms from the opposition.,169
eternal,adjective,B1,She felt an eternal longing for the sea.,120
picturesque,adjective,B2,The village had been considered quite picturesque by the early travelers.,151
adrenaline,noun,C1,His rush of adrenaline seemed to create multiple surges.,29
reissue,verb,C2,"If the library had more copies, they would reissue the book, but it's out of print.",139
roll,verb,B2,The children had rolled down the grassy hill.,151
smile,noun,A1,Let's not lose our smile.,48
torture,verb,B2,His constant interruptions tortured my patience.,153
criminal,adjective,B2,The politician had meant to avoid any criminal associations.,153
healthy,adjective,A1,What has she got? She has got a healthy apple.,18
prosperous,adjective,B1,My grandparents' farm used to be very prosperous.,178
plate,noun,A2,You mustn't leave the dirty plate on the table.,91
confused,adjective,A2,"The instructions were not as clear as I hoped, and I am confused.",110
voraciously,adverb,C1,"If you don't provide her with enough stimulating material, she will devour books voraciously.",102
barely,adverb,B1,I can barely make out the road in this fog.,180
finish,verb,A1,There are many tasks to finish.,39
diffuse,verb,C2,Have you seen how the light will diffuse through the curtains?,162
tracksuit,noun,B1,I didn't wear my tracksuit to the party.,132
exclamation mark,noun,B2,I wish I hadn't forgotten to use an exclamation mark in my enthusiastic message.,179
insecurely,adverb,C1,Whose job was it that he held so insecurely?,21
till,conjunction,B1,She waited till the music finished.,114
exceptional,adjective,B2,His ability to find solutions to seemingly impossible problems has always been exceptional.,148
subsist,verb,C2,The monks subsisted on bread and water.,150
autopilot,noun,C2,There was no autopilot available for the small aircraft.,173
durable,noun,C1,May I rely on this material for its durable?,98
exert,verb,C1,We intend to exert our influence to ensure fairness.,168
intuitive,adjective,C1,My nephew's intuitive understanding of complex coding languages has always impressed his teachers.,164
lyrically,adverb,C2,No one spoke lyrically about the quiet night.,173
shopping,noun,A1,Are there any good shopping bags?,41
placidly,adverb,C1,Let the gentle stream flow placidly through the meadow.,47
diver,noun,B1,The brave diver explored the deep ocean floor.,115
federal,adjective,B2,Some federal agencies are working together on this project.,171
so,conjunction,A1,"You are tired, so we will rest.",67
strait,noun,B2,They decided to avoid entering the narrow strait during the storm.,169
caution,noun,B1,He showed great caution before entering the dark room.,131
personally,adverb,B1,"Yesterday, I personally saw the train arrive.",131
mutinously,adverb,C2,The exhausted crew had to work mutinously to finish the ship's repairs.,140
degradation,noun,C1,Has the committee addressed the environmental degradation in the region?,17
affect,verb,B1,What did the long journey do to the travelers' mood? It seemed to affect their energy levels.,135
frustration,noun,B1,Who was showing frustration? I was.,137
scholarship,noun,B1,She received a scholarship for her studies.,117
strike,verb,B1,The lightning strike hurt the old tree.,126
struggle,noun,B1,She understood the struggle when the competition grew fierce.,130
chemotherapy,noun,B2,Where does chemotherapy take place?,159
compound,noun,B1,She finally escaped from the prison compound.,114
cabinet,noun,B2,The keys must be in the kitchen cabinet.,177
coffee,noun,A1,Does she drink coffee every morning?,59
check,verb,A2,I will check it carefully.,111
mutton,noun,B2,The lamb was roasted until it became delicious mutton.,159
rainy,adjective,A1,The cat doesn't like rainy days.,58
ability,noun,A2,Her ability to learn languages is better than mine.,109
autonomous,adjective,C2,Some researchers are developing autonomous robots.,171
does,do-verb,A1,The cat does a little jump.,1
guidance,noun,B1,She went to the library for guidance on her research paper.,122
pub,noun,B1,I didn't go to the pub last night.,132
underpants,noun,B1,I didn't buy any underpants yesterday.,132
mechanize/mechanise,verb,B2,The company plans to mechanize its production line to increase efficiency.,167
arrival,noun,B1,The welcome announcement of their arrival made everyone cheer.,124
recuperative,adjective,C2,She will have to take a long recuperative break.,140
commend,verb,C1,"After the team successfully completes the project ahead of schedule, the manager will commend their dedication and hard work.",105
gateway,noun,B2,The ancient city gate was a gateway to a world of forgotten stories.,151
load,noun,A2,You may need to help with this load.,99
superb,adjective,B2,He's going to be able to produce a superb performance at the concert.,141
joke,verb,B1,He often joked about his terrible singing.,124
subconscious,adjective,B1,She explained that her subconscious mind had a strong influence on her dreams.,174
solitude,noun,C2,He will be able to find peace in solitude.,141
anonymity,noun,C2,She enjoyed the anonymity of the bustling city.,170
ingratiatingly,adverb,C2,She tried ingratiatingly charming them.,170
try,noun,A1,What colour is this try?,22
afraid,adjective,A1,What kind of people are afraid of dogs?,53
wonderful,adjective,A1,My teacher is wonderful.,64
tick,verb,B1,"She thought the clock had stopped, but it had just started to tick again.",118
push,verb,A1,I push a little sand.,33
hover,verb,B2,My drone has just hovered over the park for a few minutes.,160
fax,verb,B1,I faxed the document yesterday.,116
foul,adjective,B2,I imagine tasting something foul in the air.,170
whatever,pronoun,B1,He sang whatever song came into his head.,124
mathematics,noun,B1,She studied mathematics for two hours yesterday.,114
enforce,verb,B2,New regulations are being enforced to improve air quality.,144
delighted,adjective,B1,Did she seem delighted with the gift?,133
elite,noun,B2,"The club's members can be relied upon to support its initiatives, as they are considered the elite.",147
per,preposition,B1,"You finished the report last week, per our agreement, didn't you?",138
model,adjective,B1,"That's a really beautiful, model-like dress, isn't it?",138
sandstone,noun,B2,The ancient temple walls are carved from local sandstone.,144
broad,adjective,B1,He dreamt of a broad future.,126
ID,noun,A2,This ID is more useful than that one.,107
divide,verb,A2,We should divide the cake as equally as possible.,110
plus,preposition,A2,"Who may come in? - You may, plus anyone you bring.",100
blossom,noun,B2,The first blossom promised a beautiful spring.,168
carpenter,noun,C1,"The carpenter's been working on that new bookshelf all morning, hasn't he?",77
capture,verb,B1,The camera that I bought will capture the whole event.,175
strain,noun,B1,She felt a great strain after she fought to lift the heavy box.,118
painstaking,adjective,C2,Your application will be reviewed with painstaking attention to detail.,146
kilogram/kilogramme,noun,A2,"If the box weighs more than one kilogram, you will need to pay extra.",102
legacy,noun,C1,Who must protect the artistic legacy?,94
offhand,adverb,B2,She often rang offhand for her old friend.,152
bargain,verb,B2,We were told that the price had been successfully bargained down.,145
intention,noun,B1,She explained that her intention was to help everyone.,174
wind,verb,B2,The curtains will wind shut on their own if the window is left open.,159
harvest,verb,C1,Who diligently works to harvest the ripe apples before the frost?,63
extremely,adverb,A2,Is he working extremely hard today?,74
promise,noun,A2,We are seeing the promise of a better future.,72
member,noun,A2,Only a registered member may enter.,100
torturous,adjective,C1,She can endure the torturous ascent to the summit with sheer determination.,84
materialization/materialisation,noun,C2,The sudden materialization of the ghost must have been terrifying for the children.,177
scholar,noun,B1,The young scholar studied hard for his exams.,114
patronizing/patronising,adjective,C2,Her patronizing tone had been spoken with before.,154
date,verb,B1,We dated in college.,130
math/maths,noun,A1,Is it hard maths?,4
these,determiner,A1,These are my books.,67
treat,noun,B1,Yesterday my friends gave me a nice treat.,131
sliver,noun,B2,A sliver of light cut through the darkness.,148
purify,verb,B1,We used special filters to purify the water last night.,125
support,noun,A2,They won't give their support to the new plan.,79
prowl,verb,C1,"He had been the one to prowl the alleyways, a solitary figure in the fading light.",122
treaty,noun,B2,The nations **felt** the treaty would bring lasting peace.,150
prompt,noun,B2,The teacher's prompt helped me to start writing my essay.,152
showcase,noun,B2,The museum presented an impressive showcase of ancient artifacts.,150
cycling,noun,A2,Cycling is more popular now than it was ten years ago.,107
developing,adjective,B2,We are working on a developing project.,72
deliberate,verb,C2,Have you deliberate your next step carefully?,162
premier,noun,C1,The premier of the country decided to step down from his position.,180
lyrical,adjective,C2,The poet's prose has always been lyrical.,151
allude,verb,C2,Some say the book alludes to real events.,171
terrific,adjective,B1,My friend said she had a terrific time at the party.,174
everywhere,adverb,A1,I don't see my cat everywhere.,49
precede,verb,B2,"The heavy rain must have preceded the strong winds, as the trees look completely battered.",177
popularization,noun,C1,This is the rapid popularization of social media that has changed communication.,5
weapon,noun,B1,That wasn't a weapon I recognized.,134
demanding,adjective,B2,No one found the demanding project easy.,173
pattern,noun,B1,He drew a strange pattern.,130
tackle,verb,B2,"You've tackled this problem before, haven't you?",165
rugby,noun,A2,I will play rugby at the park this afternoon.,78
suffer,verb,B1,He used to suffer from bad headaches when he was younger.,123
duplication,noun,B2,I wish there hadn't been such duplication in the project's early stages.,179
indirectly,adverb,B1,The loud music **indirectly** woke the dog.,117
song,noun,A1,Whose favourite song is this?,64
butter,noun,A1,Let's not use butter.,48
battery,noun,A2,"The phone's battery is almost dead, isn't it?",89
salty,adjective,B2,The sea air made my skin feel slightly salty.,153
applicant,noun,B2,The committee continues interviewing each applicant until they find the best fit.,170
retreat,noun,B2,The hikers decided on a strategic retreat from the storm.,164
talent,noun,A2,They won't show their talent at the party tonight.,79
surround,verb,B1,I used to live in a house that the trees would surround.,178
perspiration,noun,B2,She dislikes acknowledging the amount of perspiration that comes with such strenuous exercise.,169
package,noun,B1,My brother received a small package last week.,123
bombard,noun,B2,The villagers endured a heavy bombard of arrows from the enemy.,152
cheat,verb,B2,Was the game cheated?,158
trainee,noun,B2,The new trainee has sung the opening number many times.,152
drop,verb,A1,Have you got any news to drop?,12
enable,verb,B1,The coach explained that the new equipment would enable the team to train more effectively.,174
traverse,noun,B2,Was this traverse completed on schedule?,158
scream,noun,A2,What will we hear from the spooky house? We will hear a scream.,81
soothe,verb,B1,The warm bath soothed her sore muscles.,116
outback,noun,B2,They dreamt of exploring the vast outback.,153
cow,noun,A1,This isn't a brown cow.,6
precious,adjective,B1,She thought her grandmother's old watch was very precious.,118
conclusion,noun,B1,"You didn't reach that conclusion yourself, did you?",138
logo,noun,B1,The company announced that they were changing their logo.,174
credibly,adverb,C1,Are you credibly suggesting that this obscure artifact is the key to unlocking ancient secrets?,74
how,adverb,A1,She shows how she likes her tea.,57
electron,noun,B1,The scientist watched how the electron burst through the field.,116
categorization/categorisation,noun,B2,What about the categorization of your library books?,163
mercenary,noun,C2,A mercenary is hired to fight in wars.,144
grand,adjective,B2,There are some grand plans for the city's new park.,171
bewilderment,noun,B2,"I'm struggling to understand the sudden shift in his attitude, and my bewilderment only seems to grow.",168
hindsight,noun,C2,I have never understood the value of hindsight.,161
list,verb,B2,She enjoys listing her daily tasks to stay organized.,170
euphoria,noun,C2,That initial euphoria wasn't felt by everyone.,157
rabbit,noun,A1,The rabbit doesn't eat carrots.,58
trouble,noun,A2,Who must get into trouble?,94
pose,noun,B2,A serious threat will be posed by the new regulations.,146
fix,verb,B1,It's good to fix problems quickly.,182
meteorology,noun,C2,What is your favorite part of studying meteorology?,163
boss,noun,A2,I am talking to my boss now.,70
stamp,noun,A2,What will the postman put on the letter? He will put a stamp on it.,81
devote,verb,B2,She decided to devote more time to her studies.,154
piece,noun,A1,Where is the piece of cake?,20
advertising,noun,A2,She will study advertising at university.,78
tuberculosis,noun,B2,The new hospital wing will be dedicated to treating tuberculosis patients.,146
stock,noun,B2,The market had seen a steady stock of goods since the holiday rush.,151
experienced,adjective,B1,She experienced a sudden drop in temperature yesterday.,118
account,noun,A2,What is happening with my bank account at the moment?,75
travel,verb,A1,Many people travel two hundred miles.,26
darkroom,noun,C1,His childhood obsession with photography led him to spend countless hours developing negatives in the dimly lit darkroom.,66
natural,adjective,A2,This isn't a natural way to behave.,73
artistry,noun,B2,The singer's artistry truly shone through her performance.,155
inventor,noun,B2,Do you know any famous inventors who designed flying machines?,172
sausage,noun,A2,Can you cook the sausage for dinner?,86
spinach,noun,B1,I was eating spinach last night.,123
self-worth,noun,C1,One person's consistent effort can build many children's self-worth.,30
left-hand,adjective,A2,"After using the left-hand door, you will see the stairs.",105
sweep,verb,B2,She avoids sweeping the floor until absolutely necessary.,169
squad,noun,B2,The entire rescue squad can be deployed immediately.,147
dirty,adjective,A1,This is my cat. The cat is dirty.,16
lifestyle,noun,A2,What kind of lifestyle will you have in retirement?,81
correct,verb,B2,Who has corrected your essay?,164
meager/meagre,adjective,C2,"His diet must have been meager, judging by how thin he looked.",177
primary,adjective,B2,The primary reason he bought the house was its proximity to the river.,149
occasion,noun,B1,We used to dress up for every special occasion.,178
should,modal auxiliary,A1,One book should be enough.,28
avid,adjective,C1,"Whose extensive collection of rare stamps is this, the avid collector's?",21
educational,adjective,A2,This program will be very educational.,78
formal,adjective,B1,She wore a formal dress to the wedding.,126
dilemma,noun,B2,Was this moral dilemma resolved by the committee?,158
pack,verb,A2,I will pack my own lunch.,101
something,pronoun,A1,What do you want something?,51
audience,noun,A2,Who can hear the audience?,88
completely,adverb,B1,He completely forgot the important meeting.,126
walk,verb,A1,We've got a nice park to walk in.,10
mythological,adjective,C1,I've never encountered a mythological creature in my travels.,161
good,noun,B2,The children's drawing showed the good from the story.,143
core,noun,B2,We are getting the core of the computer system updated.,181
most,adverb,A2,I am feeling most happy today.,70
ladder,noun,B1,It was dangerous to climb that ladder without help.,182
type,verb,B1,It's fun to type quickly on a keyboard.,182
allegation,noun,B2,The senator must have known about the serious allegation before the press conference.,177
chemist,noun,B1,The woman who works at the local chemist gave me some good advice.,175
future,noun,A1,I am the future.,68
please,verb,B1,She pleased him with her excellent performance.,116
crime,noun,A2,Who will solve this crime?,82
gloomy,adjective,B2,The forgotten garden had grown rather gloomy over the years.,155
sentient,adjective,C1,"This is a creature, and the creature appears to be surprisingly sentient.",16
relatively,adverb,B1,What was the weather like in the mountains last week? It was relatively mild for the season.,135
pedestrian,noun,B2,"This street has seen many pedestrians, hasn't it?",165
worse,noun,B2,The situation wasn't made worse by his arrival.,157
hack,noun,C1,The team's innovative strategy was a brilliant hack that completely changed the game.,149
present,adjective,B1,"Yesterday they gave her a gift, today she is present for the meeting.",125
hairdryer,noun,B1,She dreamt her old hairdryer was stolen.,126
handrail,noun,B2,The broken handrail should be repaired immediately.,147
benign,adjective,C1,The gardener saw that the strange new plant had only grown a few benign leaves.,155
rendering,noun,C1,Is the final rendering of the architectural design complete?,158
destruction,noun,B1,The storm caused widespread destruction.,129
trifle,verb,C2,She trifled with his affections.,149
cybercafe/cybercafé,noun,B2,My login details were not saved by the cybercafe.,157
venomous,adjective,C2,Some snakes are venomous.,171
collaboration,noun,C1,This project's success is not as dependent on individual brilliance as it is on effective collaboration.,110
navy blue,adjective,B1,That wasn't my navy blue coat.,134
wool,noun,A2,Must I wear this wool scarf?,92
choose,verb,A1,There is one fruit to choose.,36
opponent,noun,B2,"If she had trained harder, she might have beaten her opponent.",139
rise,noun,B1,"Yesterday, the sun's slow rise brought a warm light to the mountains.",120
constant,adjective,B2,The constant rainfall wasn't enjoyed by anyone.,157
knot,noun,B2,There is a knot in this rope.,171
blight,noun,C2,"The early blight was a blight on his farming career, but he was able to overcome it.",141
invariably,adverb,B2,The team has decided to invariably focus on user feedback for future updates.,167
necessity,noun,B2,She has never considered a career change a necessity until now.,161
vice president,noun,B1,The company vice president felt very proud of the team's success.,120
vote,verb,B1,We dreamt we would vote for a better future.,126
confront,verb,B2,When do you have to confront your fears?,159
twitch,verb,C1,No one could have predicted the sudden way his eye would twitch.,173
profession,noun,B1,My uncle wasn't a doctor by profession.,134
determiner,noun,B2,The article's grammatical function as a determiner has been clearly explained.,166
unimaginably,adverb,B2,Is there any place unimaginably beautiful left to explore on this planet?,172
reverberate,verb,C2,The loud applause continued to reverberate through the concert hall.,164
practicality,noun,B2,She always considers the practicality of her decisions before acting.,170
raspberry,noun,B1,She ate a delicious raspberry tart.,129
hunt,noun,B1,We went on a treasure hunt in the park last weekend.,180
plead,verb,B2,The children had pleaded with their parents for a pet for months.,151
thick,adjective,A1,What kind of soup is this? It's thick.,23
remarkable,adjective,B1,She sang a remarkable song at the concert.,124
polo,noun,B2,He had always dreamt of playing professional polo.,153
comedy,noun,B1,He enjoyed the comedy last Saturday.,121
main,adjective,B1,The main reason I was late was the heavy traffic.,121
addition,noun,A2,"This will be a good addition to the team, won't it?",83
benignly,adverb,C1,The usually overbearing politician isn't speaking benignly about his opponents today.,73
midday,noun,A2,Who may take a nap then? - A lot of people may at midday.,100
orderly,adjective,B1,She went to the market in an orderly fashion.,122
opposite,preposition,A2,My little sister's room is opposite mine.,109
conjecture,noun,C2,The police have a conjecture about who committed the crime.,181
refrain,noun,B2,Some members of the audience made a refrain from clapping during the quietest part of the performance.,171
garment,noun,B1,That wasn't the garment I bought last week.,134
recruit,verb,B2,The manager had to recruit more staff for the busy season.,154
dominant,adjective,C1,Is that a dominant species of plant?,7
circle,verb,B1,The birds circled overhead.,130
intellectual,noun,B2,The starving intellectual was not fed.,157
seminar,noun,B2,She intends to present at the international seminar.,168
spectator,noun,B1,A child waved to the nearest spectator.,136
comprehensive,adjective,B2,Some students are conducting a comprehensive review of the latest research.,171
divorce,verb,B2,They divorced after only a year of marriage.,150
chauffer,noun,C1,"When the chauffer arrives, we will depart for the airport.",103
powerful,adjective,A2,Must the engine be very powerful?,92
thrilling,adjective,B2,He had the whole team cheering during the thrilling final match.,181
vibrate,verb,B2,The phone must vibrate silently because I didn't hear it ring.,177
rift,noun,C2,The widening rift had been spoken of by many.,154
kill,verb,A1,Whose dog will kill the rat?,64
drill,verb,C1,Where did they drill for oil last summer?,135
sweat,verb,A2,You must sweat if you work outside in the summer.,93
veteran,noun,B2,The community center had its entrance renovated for the veteran visitors.,181
corpse,noun,C2,They were allowed to examine the ancient corpse.,142
endangered,adjective,A2,What may be done to help endangered species?,99
anchor,noun,B2,What did you see from the boat when the anchor was dropped?,163
sarcastically,adverb,C1,"His compliments were always delivered sarcastically, implying the opposite of what was said.",156
bathe,verb,B1,He bathed the dog yesterday.,118
sharp,adjective,B1,It's sharp to notice such small details.,182
fix,noun,A2,We will get a fix on the problem later.,78
operator,noun,B2,The skilled operator set the complex machinery to cut the metal precisely.,148
someday,adverb,A2,Who is going to travel the world? - I will someday.,76
shoplifter,noun,B2,Have you ever seen a shoplifter being caught?,162
thunderstorm,noun,A2,"After the thunderstorm, the sun will come out.",105
inhabit,verb,B2,I wish I could inhabit a quiet cabin in the mountains.,179
slot,noun,B1,She bought a new phone from the vending machine's top slot.,118
generalization/generalisation,noun,B2,"A hasty generalization about his character was made, based on his initial awkwardness.",149
date,noun,A1,one date - two dates,25
virtual,adjective,B1,The students sang along to the virtual concert.,124
fireplace,noun,B2,"You've sat by this warm fireplace before, haven't you?",165
crush,noun,B1,Yesterday the news caused a big crush.,131
flour,noun,A2,The baker mixed the flour very carefully.,111
gambit,noun,C2,He was able to see the gambit before it was too late.,141
vehicle,noun,B1,The mechanic found a strange part in the vehicle's engine.,124
pharmacy,noun,B1,She said that she needed to go to the pharmacy.,174
butcher,noun,B1,The butcher sliced the meat carefully.,117
radiation,noun,B1,The doctor explained that the new treatment uses careful amounts of radiation.,174
neighborhood/neighbourhood,noun,B1,My neighbor helped clean up the entire neighborhood.,136
elephant,noun,A2,"If I see an elephant at the zoo, I will take a picture.",102
angry,adjective,A1,One angry dog chased two angry dogs.,27
footballer,noun,A2,He is watching a famous footballer play.,75
alphabetical,adjective,B2,They had the entire customer database sorted into alphabetical order.,181
apostle,noun,C2,He has just become an apostle of the new technology.,160
blast,verb,B2,The speakers blast music at a very high volume.,148
uneasily,adverb,B2,She agreed uneasily to postpone the meeting until next week.,167
assign,verb,B1,The teacher assigned a new project.,129
stumble,verb,B1,He stumbled over the rug and almost fell.,118
giant,adjective,B1,Who was the giant panda?,137
via,preposition,B1,She communicated the news via email.,114
handle,noun,A2,The postman must use the left handle.,94
bulletin,noun,B1,We checked the latest weather bulletin yesterday.,114
work,noun,A1,I haven't got any work.,11
same,pronoun,A1,You and I are the same.,67
prostrate,verb,C2,The fallen soldier prostrated himself on the battlefield.,155
guidebook,noun,A2,We are using the guidebook to find the museum.,72
shower,verb,B2,We were showered with gifts on our wedding day.,144
capsule,noun,B1,He took a small capsule before the long flight.,121
seldom,adverb,B2,"Rarely, I was seldom offered such a thoughtful gift.",145
its,determiner,A1,The cat doesn't clean its paws.,49
arm,noun,A1,Are there any arms on the robot?,41
patient,noun,A2,The patient may rest now.,96
crawl,verb,B2,The injured spider was found to crawl slowly across the floor.,156
retard,verb,B2,The heavy rain will retard the progress of the construction.,148
navigation,noun,B2,They decided to improve their boat's navigation system.,168
physics,noun,B1,The lecture that I attended yesterday was about theoretical physics.,175
entirely,adverb,B1,What was the house like when they first bought it? It was entirely covered in ivy.,135
complete,verb,B1,We complete the project last week.,116
punch,noun,B2,"He landed a solid punch, and the opponent stumbled back.",151
glory,noun,B1,He dreamt of his future glory.,126
preventive,adjective,B2,What kind of measures are you taking as preventive actions?,163
inexpensive,adjective,A2,I can paint this room inexpensive myself.,101
partner,noun,A1,There is a new partner in my company.,36
prominence,noun,B2,There was no obvious sign of the building's former prominence.,173
tremendously,adverb,B2,The new library has tremendously improved access to information for local residents.,143
obscure,verb,C1,Must these details obscure the main point?,92
bloody,adverb,B2,I haven't bloody gone through this much paperwork yet.,161
nose,noun,A1,There are no noses on the table.,40
essay,noun,A2,"This essay is interesting, but another essay was more interesting.",107
stipulate,verb,C2,Were the conditions clearly stipulated?,158
resuscitation,noun,C2,The patient required immediate resuscitation.,156
composition,noun,B1,She wrote a beautiful composition for her English class yesterday.,115
agility,noun,C2,His surprising agility had been evident since he was a child.,151
so,adverb,A2,Is he cooking dinner so nicely?,74
fear,verb,B2,"You have never feared heights before, have you?",165
however,adverb,A2,"Who is arriving soon? My aunt is arriving, however, she is coming alone.",76
intermediate,adjective,B1,My understanding of the language reached an intermediate level after I read a lot of books.,116
traditionally,adverb,B1,"Traditionally, the villagers spoke in a dialect that was difficult for outsiders to understand.",128
bustle,verb,B2,Shoppers bustle through the crowded market every Saturday.,148
gambling,noun,B2,My uncle's recent gambling habit has caused him financial problems.,164
sword,noun,B1,The knight raised his sword.,136
usually,adverb,A1,I usually sit on a red chair.,35
rain,noun,A1,This is the rain. The rain is cold.,19
whistle,verb,B2,I have just whistled for a taxi.,160
yes,adverb,A1,"Yes, it's a big house.",2
van,noun,B1,That wasn't the van I saw earlier.,134
any,pronoun,A1,There are not any books here.,40
frequently,adverb,B1,I didn't frequently visit that shop before it closed.,132
radio,noun,A1,This isn't a loud radio.,6
dash,noun,B2,We will have to make a dash for the train.,140
box,noun,A1,"One box, many boxes.",30
forensic,adjective,C1,The detective hasn't got a forensic kit readily available.,15
yourself,pronoun,A1,How much coffee do you make for yourself?,34
grievance,noun,C2,When was the grievance filed?,159
southern,adjective,B1,Last year the southern coast flooded.,131
elsewhere,adverb,A2,This book is more interesting than the others found elsewhere.,107
still,adverb,A2,She may still be at home.,96
dealer,noun,B1,The art dealer sold the painting last week.,117
bump,verb,B1,I bumped into my old friend at the supermarket this morning.,115
quotable,adjective,B2,This speech is so quotable that I'll have to remember some of it.,140
chat,noun,B1,My sister started a nice chat with her new neighbour.,136
recognizable/recognisable,adjective,C1,Are there any recognizable landmarks from this vantage point?,41
prehistoric,adjective,B2,She imagines exploring prehistoric caves.,170
fault,noun,A2,It won't be my fault if you forget.,79
judgment/judgement,noun,B1,My friend's poor judgment was the reason he went to the wrong city.,122
president,noun,B1,The president rang the bell for the meeting.,124
edit,noun,B2,Your final edit will be completed tomorrow.,146
doze,noun,B1,A short doze helped me feel better.,115
tinker,verb,C1,"When I have a spare hour, I like to tinker with my old radio to see if I can improve the reception.",103
lose,verb,A2,He is losing his keys.,71
thing,noun,A1,That thing doesn't help.,58
frugal,adjective,B2,"My grandmother, who had been very frugal throughout her life, left us a surprisingly substantial inheritance.",151
desire,verb,B2,Some people desire a peaceful retirement.,171
tyranny,noun,B2,The people's voices will no longer be silenced by tyranny.,146
recitation,noun,C2,The recited poem was a beautiful recitation.,143
medicine,noun,A1,What do you take for medicine?,51
panic,noun,A2,The sudden noise caused a mild panic.,109
evident,adjective,B1,Did his interest in the project seem evident during the meeting?,133
workman,noun,B2,The homeowner had the workman replace the broken window.,181
expensive,adjective,A1,This car is expensive.,45
personal,adjective,A1,This is my personal bag.,5
total,noun,B1,He would pay a total of ten pounds for a coffee.,178
parental,adjective,B1,It's important to consider parental guidance.,182
sneak,verb,B2,I wish I hadn't tried to sneak that extra piece of cake.,179
globally,adverb,B2,"The company must be performing well globally, given their recent expansion.",177
train,noun,A1,What kind of train do you like?,53
plenty,pronoun,B1,There were plenty to eat at the party.,123
grouping,noun,B1,The teacher's careful grouping of students helped the less confident ones participate.,115
time,noun,A1,This is my time.,16
reception,noun,B1,"The hotel's reception was very helpful, wasn't it?",138
age,noun,A1,Has he got a good age?,17
miracle,noun,B1,"She finally finished the difficult task, and it felt like a miracle.",114
shore,noun,A2,Can you see the sandy shore from here?,86
novel,noun,A2,I may not read that novel.,97
regret,noun,B2,My deepest regret is not telling her how I felt.,164
public transport,noun,B1,"Who was late? I was, because of the delayed public transport.",137
stammer,verb,B2,She began to stammer telling the truth.,169
impersonal,adjective,C1,He found it increasingly difficult to maintain an impersonal demeanour when discussing such sensitive matters.,141
comparative,noun,A2,Who may use the comparative?,100
dump,verb,B1,I didn't dump my old clothes in the attic.,132
factor,noun,B2,The weather will be a significant factor in our decision.,146
virtual reality,noun,B2,Many people will soon be able to experience more advanced virtual reality.,141
second-hand,adjective,B1,It's smart to buy good quality second-hand furniture.,182
summarize/summarise,verb,B1,I thought I should summarise the main points of the meeting.,118
forbidden,adjective,B1,The old path was forbidden to travelers after the rockslide.,122
primarily,adverb,B1,It's primarily important to practice regularly to improve your language skills.,182
dribble,verb,C2,My dog likes to dribble water everywhere.,164
persuasively,adverb,C1,"You didn't explain why you wanted that job so persuasively, did you?",138
daydream,noun,C1,Her persistent daydream about winning the lottery preoccupied her thoughts throughout the afternoon.,115
urge,noun,B1,What was his strong urge when he saw the ocean?,135
apt to,verb,C1,What has this situation apt to produce but further complications?,13
craft,verb,C1,How many intricate models does he craft?,56
yearn,verb,B2,He doesn't yearn to be understood.,157
grip,verb,B2,The tight rope seemed to grip him.,168
gout,noun,C2,He must have gout — he's complaining about his foot again.,177
godly,adjective,B2,"She has always lived a rather godly life, hasn't she?",165
under,preposition,A1,One book is under the table.,24
socialize/socialise,verb,B2,I need more time to socialize with my colleagues before the meeting.,148
transportation,noun,B1,The city's new public transportation system improved yesterday.,131
permeate,verb,B2,I wish the smell of baking bread would permeate the whole house.,179
beautifully,adverb,B1,She beautifully sang a song that night.,128
march,verb,B1,Last week the soldiers marched in the parade.,131
separate,adjective,A2,We will keep our bedrooms separate.,78
eloquent,adjective,B2,"The speaker's address was incredibly eloquent, leaving the audience deeply moved.",160
sap,noun,C1,What kind of substance is that sticky liquid dripping from the tree? - It's sap.,23
disapprove,verb,B2,What do your parents disapprove of regarding your career choices?,163
see,verb,A1,I see no dogs here.,40
considerable,adjective,B1,What problems did they face in their early business? - They had considerable financial issues.,135
money,noun,A1,This isn't your money.,6
slowly,adverb,A2,Are you walking too slowly?,74
recollection,noun,B2,"My childhood was filled with happy moments, but the clearest recollection I have is of learning to ride my bike.",145
nomination,noun,B2,My nomination for the award has been submitted.,166
toil,verb,B2,He toiled tirelessly through the night.,152
journalism,noun,B2,This type of investigative journalism isn't always appreciated.,157
coach,verb,B2,The team must have played well; their coach looks exhausted.,177
skirt,noun,A1,Wearing a blue skirt.,69
believably,adverb,C1,The ancient prophecy wasn't believably fulfilled.,157
peer,noun,B2,The idea was met with approval by his peers.,156
distillation,noun,C2,We will have to master the distillation of water for survival.,140
tangle,noun,C1,Several small tangles became a vast tangle of fishing line.,27
broadly,adverb,B2,They broadly consider launching a new product line next year.,169
perseverance,noun,B2,His perseverance kept him going through the tough times.,150
elegantly,adverb,B2,The dancer's movements were elegantly executed.,144
safeguard,verb,B2,We have not yet implemented measures to fully safeguard our digital information.,161
dove,noun,B2,A white dove was released at the wedding ceremony.,154
ship,noun,A1,It isn't a toy ship.,3
family,noun,A1,There are no cats in my family.,40
convenience,noun,A2,May I have a quiet room for my convenience?,98
highlight,verb,B1,The teacher highlighted the important parts of the text.,117
consultation,noun,C1,"After the initial consultation, the architect felt confident about the project's direction.",121
rudiments,noun,C1,Learning the rudiments of a new language is often simpler than mastering its most complex idioms.,106
deficient,adjective,C2,His report was found to be deficient in several key areas.,145
exude,verb,C2,Has he always managed to exude such confidence?,162
deserve,verb,B1,She felt she deserved a rest after all the work she had done.,122
rest,verb,B1,"After they had walked for hours, they decided to rest by the river.",122
vacant,adjective,B2,Have you noticed any vacant apartments in the neighborhood?,162
blank,adjective,A1,The paper is blank.,58
emerge,verb,B1,The lost hiker emerged from the dense forest cautiously.,115
abroad,adverb,A2,I may study abroad next year.,96
diverse,adjective,B1,The trees in the forest grew into a diverse canopy.,130
toenail,noun,B2,I wasn't able to see the ingrown toenail clearly without a magnifying glass.,141
colon,noun,B2,"The punctuation mark, a colon, has been used to introduce a list.",151
plant,verb,B1,It's satisfying to plant a seed and watch it grow.,182
euphemism,noun,C2,"His boss felt that ""downsizing"" was a gentler euphemism for firing people.",150
schoolchild,noun,A2,The schoolchild won't forget his homework again.,79
liaison,noun,C1,There are several vital liaison officers between the two departments.,39
wash,noun,A1,He needs a wash.,57
cashpoint,noun,B1,My friend mentioned that she needed to find a cashpoint.,174
acceptance,noun,B1,His full acceptance of the situation surprised everyone.,127
radically,adverb,B2,The idea for the new eco-friendly packaging has **radically** changed how we approach sustainability.,155
repel,verb,C1,What challenges has your company's new marketing strategy managed to repel?,163
alcoholism,noun,B2,"You have witnessed the devastating effects of alcoholism on families, haven't you?",165
person,noun,A1,Where does that person go?,61
disguise,noun,B2,The true identity of the spy has been hidden under a clever disguise.,166
regard,verb,B1,He regarded the old photograph with a wistful smile.,124
inclusion,noun,C1,His earlier struggles underscored the importance of inclusion in all future community initiatives.,122
formidably,adverb,C2,She imagines facing her opponents formidably.,170
plum,noun,B2,The delicious plum must have fallen from the tree overnight.,177
beak,noun,B2,The parrot nibbled the seed with its sharp beak.,164
sketch,verb,B2,I wish I had sketched that idea in my notebook before it disappeared from my mind.,179
email,verb,A2,"I will email you tomorrow, won't I?",83
worldwide,adverb,A2,Where will the concert be held? It will be held worldwide.,81
bite,noun,A2,I can take a big bite of this apple.,84
blur,verb,B2,"With practice, I will be able to blur the background in my photos.",141
hardly,adverb,A2,He is hardly eating anything today.,71
reproach,verb,C2,She won't be reproached for her actions.,146
outmoded,adjective,C2,I wish I hadn't bought that outmoded phone.,179
written,adjective,B1,The letter written by my grandmother is very old.,121
altar,noun,B2,Did you see any offerings left at the altar?,172
corps,noun,C1,The entire diplomatic corps will be briefed on the new policy tomorrow.,146
but,conjunction,A1,"I haven't got a pen, but I have a pencil.",15
distortion,noun,B2,There seems to be some distortion in the speaker's voice.,171
impulsive,adjective,B2,She often bought impulsive gifts without thinking about the cost.,149
travel agent,noun,B1,He planned his holiday with a travel agent.,121
circulation,noun,C1,His constant exercise promotes healthy blood circulation.,57
junk,noun,A2,What will happen to all this old junk?,81
rely,verb,B1,She could always rely on her friends for help.,123
deprive,verb,B1,The storm deprived them of any fresh food for weeks.,119
sufficient,adjective,B1,The baker made sufficient bread for everyone.,117
address,noun,A1,Let me write the address.,47
orphan,noun,A2,The orphan is playing in the garden now.,75
yell,noun,B1,He used to give a big yell when he was happy.,178
lead,adjective,B1,They didn't have lead pipes in this house.,132
hysterically,adverb,C2,The comedian's jokes will be told hysterically by the next performer.,146
zoologist,noun,C2,The zoologist has agreed to study the rare birds.,167
all right,adjective,A1,Has the cat got all right food?,17
probable,adjective,B2,It is probable that the team has been practicing diligently for the upcoming competition.,151
lastly,adverb,B2,"Lastly, the report was submitted on time.",156
powerfully,adverb,B2,I have never felt so powerfully moved by a piece of music.,161
succeed,verb,A2,They are trying hard to succeed.,76
orchid,noun,B2,Was that beautiful orchid given to you as a gift?,158
confirmation,noun,B1,She waited for the confirmation of her booking.,115
transitive,adjective,B2,"Many common verbs are transitive in their primary usage, requiring a direct object to complete their meaning.",153
corporal,adjective,B2,The soldier began avoiding corporal punishment after his first offense.,169
blanket,noun,A2,She can use the warm blanket to stay cozy.,84
strive,verb,B2,They must have forgotten to leave their lights on when they went inside; they usually strive to be energy efficient.,177
shelf,noun,A1,There are books on the shelf.,39
desertion,noun,C1,The soldier was charged with desertion after he failed to report back to his unit.,180
awake,adjective,A1,How many people are awake?,56
selfless,adjective,B2,She enjoys offering selfless help to those in need.,170
extract,verb,B2,The miner had to extract the valuable ore from deep underground.,153
Friday,noun,A1,How many Fridays are there in the week?,31
break,verb,A1,Have you got a break?,12
comment,verb,B2,The politician made no comment about the new policy.,173
hourly,adjective,B2,What kind of shifts are you working? - My current role involves hourly pay and irregular hours.,163
gymnastics,noun,B1,That wasn't gymnastics she was doing.,134
leave,verb,A1,Whose toys does the child leave?,62
cassette,noun,A2,I will load the cassette myself.,101
determine,verb,B1,We could not determine who had taken the last biscuit.,123
chart,verb,C1,There are no existing trends to chart in this nascent market.,40
gratitude,noun,B1,The children showed gratitude for the gift.,131
mine,pronoun,A1,What colour is mine?,22
man,noun,A1,This is a man. The man is tall.,19
cherish,verb,B1,She cherished the memories of their time together.,128
hurriedly,adverb,B1,She hurriedly left the room.,117
enviable,adverb,C1,She will have to enviable manage her time given the circumstances.,140
recommend,verb,B1,I recommend we start earlier next time.,127
delete,verb,B1,I didn't delete your message earlier.,132
forlornly,adverb,C2,She had to look forlornly at the empty train station.,140
wed,verb,B2,They must have decided to wed sooner than expected; I just saw the engagement announcement.,177
predecessor,noun,C1,Whose work established the foundational principles? My predecessor's.,64
mangle,verb,C2,Have you ever seen a dog mangle a favourite toy?,162
temper,verb,C2,She tried to temper her anger.,148
mechanic,noun,B1,"The car broke down, so we found a mechanic.",120
hurry,noun,A1,What kind of hurry do you like?,53
canoe,noun,C1,Where may I launch the canoe?,99
headteacher,noun,A2,Our headteacher is the best at organizing school events.,108
childhood,noun,A2,"We'll remember our happy childhood, won't we?",83
sunshine,noun,A1,How much sunshine do you get?,56
psychology,noun,B2,Have you studied any psychology before?,162
last minute,noun,B2,We survived on a string of last minute decisions.,143
taste,verb,B1,I like the soup that you taste.,175
interaction,noun,B1,Did you observe their interaction at the party?,133
hold,noun,A1,There are no holds on the tickets.,40
heartbreaking,adjective,B2,The news of their struggle was truly heartbreaking to hear.,145
view,noun,A2,I'm not taking that view.,73
bearing,noun,B2,"They agreed to continue their discussions, but the outcome was still bearing no clear direction.",167
untangle,verb,C1,What kind of knot are you trying to untangle?,23
identity card,noun,B1,"You didn't show me your identity card earlier, did you?",138
animatedly,adverb,C1,The children discussed animatedly what colour balloons they would buy for the party.,54
pig,noun,A1,There isn't a pig in the house.,37
depressing,adjective,B1,The weather yesterday was quite depressing.,136
madam,noun,B2,The lady who helped me at the shop was a very kind madam.,164
well,adverb,A1,What has the boy got well?,18
tornado,noun,B1,The people thought about the tornado and felt scared.,118
shaky,adjective,B2,His hands felt shaky after he had dealt with the emergency.,153
semicolon,noun,B2,He must avoid misusing the semicolon in his writing.,169
reject,verb,B1,She rejected his offer yesterday.,131
preparation,noun,B1,They explained that the preparation for the event was almost complete.,174
atmospheric,adjective,C1,"The old library, with its dusty shelves and flickering gas lamps, *felt* deeply atmospheric.",126
gravy,noun,B1,My brother spilled the gravy.,136
euphoric,adjective,C2,She felt no euphoric rush after the victory.,173
biscuit,noun,A1,How much biscuit do you want?,34
isle,noun,B1,"Last summer, we sailed to a small, rocky isle.",131
rife,adjective,C2,Misinformation wasn't rare; it was rife.,157
unfortunately,adverb,A2,"Unfortunately, I can't finish this project on time, can I?",89
inhabitant,noun,B1,Did the new inhabitant like the quiet village?,133
gown,noun,B1,She was a princess in that beautiful gown.,123
menacing,adjective,C2,The approaching storm looked menacing.,141
stunning,adjective,B1,My sister painted a stunning landscape.,136
courageous,adjective,B1,The soldier made a courageous stand.,117
ramp,noun,B2,The construction crew has just finished building the wheelchair ramp.,164
acoustically,adverb,C1,The concert hall was designed acoustically to amplify the orchestral sounds.,170
newsworthy,adjective,B2,There was no newsworthy development to report from the committee meeting.,173
helm,noun,C2,The ship can be steered from the helm.,147
quiver,noun,C2,The archer's quiver was full of arrows.,151
empty,adjective,A2,Will this box be empty later?,80
shout,noun,A2,Will that loud shout be from a child?,80
crew,noun,B2,The entire flight crew had flown to dozens of international destinations before.,155
lock,noun,A2,I can't find the lock for this suitcase.,85
critical,adjective,B1,Her timely intervention was critical to the project's success.,125
bag,noun,A1,Who is it?  It's a bag.,9
proscribe,verb,C2,"Under the new law, certain activities will be proscribed in public parks.",159
resist,verb,B1,She resisted the temptation to eat another cookie.,114
mount,verb,B2,The small bird mounted its perch.,154
media,noun,B2,The new film was widely discussed by the media.,145
deceit,noun,C1,The subtle deceit he employed in his dealings gradually grew into a monumental problem.,130
assembly,noun,B2,She considered attending the school assembly.,169
wondrous,adjective,B2,The garden was wondrous where the magical creatures played.,159
suitable,adjective,A2,We must find a suitable place to eat.,90
handicapped,adjective,A2,"The project won't be handicapped, will it?",83
contribution,noun,B1,My sister made a great contribution to the project.,136
intrinsic,adjective,C2,She considers understanding people intrinsic to good leadership.,169
rise,verb,B1,Did the sun rise early this morning?,133
insightful,adjective,C1,It's insightful to observe how people adapt to new technologies.,182
haven,noun,B1,The old lighthouse was a haven for sailors during the storm.,122
shape,verb,B1,My past experiences shaped my current outlook on life.,123
euphemistic,adjective,C2,"You haven't used a euphemistic term for their job loss, have you?",165
divorce,noun,B2,"If they hadn't argued so much, they might not be facing a divorce.",139
apprehensive,adjective,C1,What must the new recruits do about the challenging training regimen? They must approach it feeling apprehensive but determined.,93
thigh,noun,B2,Have you ever bruised your thigh during sports?,162
ivory,noun,B1,She was a skilled artist who painted with ivory brushes.,123
plaster,noun,C1,"You covered the wall with plaster last week, didn't you?",138
exploration,noun,B1,Our brief exploration revealed some interesting findings.,117
shave,verb,B1,He shaved his beard this morning.,115
why,adverb,A1,Why is it a cat?,9
brief,verb,C1,What have you got to briefly explain the situation?,13
unknown,adjective,A2,"After the meeting finishes, the team will start the unknown project.",105
hospice,noun,B2,Her grandmother is being cared for at a local hospice.,144
envelope,noun,A2,What can you put in the envelope?,87
ventilation,noun,C1,"The building's old ventilation system needed a thorough overhaul last year, but the new one operates much more efficiently.",125
characteristic,noun,B1,Her bright smile was a characteristic of her happy personality.,125
battlefield,noun,B2,The old battlefield is preserved as a historical monument.,144
rebuke,verb,C2,The player was sharply rebuked for his unfair play.,156
election,noun,B1,What kind of election did the country have last year?,135
provoke,verb,C1,"This course of action could provoke unrest, couldn't it?",95
confide,verb,C1,He decided to confide in his closest friend about the twenty-three secret plans he had meticulously drafted.,26
fiction,noun,A2,He is reading a book of fiction now.,71
inscrutable,adjective,C2,The chef's expression remained inscrutable.,157
hometown,noun,A1,Is there a famous landmark in your hometown?,38
replace,verb,A2,You must replace the old battery.,93
professional,noun,B2,Have you worked with a professional before?,162
banishment,noun,C2,Is banishment a common punishment?,158
attend,verb,B1,She attended the meeting yesterday.,115
bit,noun,A2,May I have a bit of your cake?,98
faith,noun,B2,"She hasn't lost her faith, even after all that has happened.",161
supporter,noun,B1,He would always be a loyal supporter of the local team.,178
repaint,noun,B2,"If we had the budget, we'd do a full repaint of the house, but right now we can only afford a touch-up.",139
strictly,adverb,B2,The rules were strictly followed.,157
interweave,verb,C2,"The threads of their stories seem to interweave, don't they?",165
pitch,noun,B2,The ball's pitch has just been altered.,166
sadly,adverb,A2,"Sadly, not everyone may attend the party.",100
least,determiner,A2,Who can help me with the least amount of trouble?,88
solitary,noun,C2,The solitary must have been feeling quite alone last night.,177
recessive,adjective,C1,What has he got? He's got a recessive gene.,18
implicate,verb,C1,We must all be careful to avoid actions that could implicate us in their wrongdoing.,90
carelessness,noun,B1,It's dangerous to ignore such carelessness.,182
evolution,noun,B2,Have you noticed the evolution of technology in recent years?,162
rearrange,verb,B1,We had to rearrange the furniture after the party.,123
domesticate,verb,C1,We are currently trying to domesticate our new rescue cat.,72
stuffily,adverb,C1,May I request you not to speak so stuffily when discussing this sensitive matter?,98
remorselessly,adverb,C1,"The old king had ruled remorselessly, his heart a stone that had long since ceased to feel guilt.",148
note,noun,A1,Whose note is this?,21
jade,noun,B1,That wasn't the jade statue we saw.,134
this,pronoun,A1,This is a good book.,45
socialization,noun,C1,One aspect of childhood development involves extensive socialization.,28
pray,verb,A1,What kind of people pray?,53
diligent,adjective,B1,He sang a diligent song.,124
assault,noun,B2,The victim recounted the violent assault that she had endured.,150
invoke,verb,B2,The speaker invoked a powerful image to stir the audience's emotions.,149
decade,noun,B2,The price of technology has drastically fallen over the past decade.,148
hysteria,noun,C2,The crowd's excitement turned into hysteria when the band finally appeared.,152
genetically,adverb,B1,They discovered the plants were genetically modified.,127
cheap,adjective,A2,I am buying this cheap t-shirt.,70
melt,verb,B1,The ice cream melted quickly in the hot sun.,117
official,noun,B2,The ball had been thrown by the official.,155
remark,noun,B2,A thoughtless remark has been made.,166
estimated,adjective,B2,The total cost of the project has not yet been estimated.,161
pendulous,adjective,C1,He is carefully adjusting the pendulous chandelier.,71
mark,noun,A2,He won't leave a mark on the floor.,79
neophyte,noun,C2,The neophyte has just finished his first training session.,160
pleasure,noun,A1,Whose garden gives you pleasure?,55
few,determiner,A2,Few people were in the third row.,113
revolve,verb,B2,The story can be revolved around the main character's journey.,147
babble,verb,C2,The brook will babble on the rocks.,159
outbreak,noun,B2,The next outbreak of the virus can be contained with strict measures.,147
impersonate,verb,C1,The suspect was reportedly seen trying to impersonate a police officer.,145
devoted,adjective,B2,The library's rare manuscripts can be devotedly studied by researchers.,147
man,verb,C1,Have you man-aged to find a decent place to stay yet?,162
controversy,noun,B2,The committee's decision to approve the project sparked a considerable controversy.,152
clock,noun,A1,a tick of the clock,42
underwear,noun,B2,He had shrunk his favourite pair of underwear in the wash.,152
furniture,noun,A2,This sofa is more comfortable than the old furniture.,109
novelist,noun,B1,The famous novelist wrote many stories.,131
approach,verb,B2,The council is having the new library complex approached by a pedestrian-friendly walkway.,181
bureaucratically,adverb,C1,The committee has bureaucratically assigned the funds to me.,46
denunciation,noun,C2,His public denunciation was expected by many.,145
characteristic,adjective,B2,The friendly dog's wagging tail was characteristic of its happy nature.,164
ending,noun,A2,Who will see the story's ending?,82
contemptuously,adverb,C2,She contemptuously dismissed their suggestions.,169
bowl,verb,B1,She bowled the ball gently.,120
rapidly,adverb,B1,The company's profits grew rapidly last year.,120
tactfully,adverb,C1,"If you need to deliver some bad news, you will have to phrase it tactfully.",102
endanger,verb,B1,That decision could endanger our progress.,123
telescopic,adjective,C2,What amazing sights can you see with that telescopic lens?,163
vowel,noun,B1,The spelling test **meant** I had to remember every single **vowel**.,126
alternatively,adverb,B2,"She might be able to finish the report tomorrow; alternatively, she could ask a colleague for help.",141
dock,noun,B2,They intend to dock the ship at the pier.,167
exactness,noun,B2,"The precise measurements showed a remarkable exactness, far beyond what we'd previously achieved.",152
marked,adjective,B1,He said the test results were marked clearly.,174
budget,adjective,B2,The company decided to budget spending on unnecessary equipment.,148
tycoon,noun,C1,Where is the absent tycoon?,20
sincerity,noun,B2,Was that offered with genuine sincerity?,158
cruise,verb,B2,My parents are being taken on a luxury cruise for their anniversary.,144
lackluster/lacklustre,adjective,C1,Don't exhibit such a lacklustre performance again.,44
daze,noun,B1,She went home in a daze after the surprise party.,122
graphic,adjective,B1,The book wasn't a graphic novel.,134
catchy,adjective,B2,"That song has a really catchy tune, hasn't it?",165
depict,verb,C1,We are often depicted as being overly reliant on technology.,67
offer,verb,A2,We must offer help to our neighbours.,90
reveal,verb,A2,He is revealing his new painting.,71
protest,verb,B2,The workers have just protested the unfair working conditions.,160
thesis,noun,B2,My thesis was presented in the university library.,159
mistake,noun,A2,Who will make a mistake in the exam?,82
patronizingly/patronisingly,adverb,C2,The little dog's enthusiasm was sometimes patronizingly acknowledged by its owner.,147
nerve,noun,B2,She will have to find the nerve to tell him the truth.,140
amplify,verb,B2,The sudden applause amplified the feeling of excitement among the audience.,154
antique,noun,B1,That old shop sold a beautiful antique.,123
above,adverb,A1,One bird flew above the tall trees.,24
seaweed,noun,B1,We ate seaweed at the beach yesterday.,127
employment,noun,B1,The company offered new employment last month.,117
Saturday,noun,A1,Have you got a plan for Saturday?,12
warship,noun,B2,Was that huge warship spotted near the coast?,158
ultimately,adverb,B2,"With consistent practice, he will ultimately be able to perform the complex piece of music.",141
cruel,adjective,B1,He was a cruel man in his youth.,122
one,determiner,A1,I am one person.,68
legal,adjective,B1,My brother signed the legal document last week.,115
disquieting,adjective,C1,The increasing prevalence of deepfake technology is a disquieting trend that many experts are beginning to acknowledge.,169
investigate,verb,B2,The detectives carefully investigated the crime scene for any clues.,149
human,noun,B1,The scientist thought the alien was a disguised human.,118
blister,verb,C1,Who will blister their fingers trying to fix that leaky pipe tomorrow?,82
throat,noun,B2,Do you have any sore throat lozenges?,172
plaster,verb,C1,The wall must have been uneven; he had to plaster over a significant patch.,177
companion,noun,B1,He was my best companion for many years.,123
miss,verb,A1,What kind of ball do you miss?,23
diet,noun,A2,"When I start my new diet, I will eat more vegetables.",103
vindication,noun,C2,"If they had listened to my advice, there would be vindication now, but they didn't, so now there's only regret.",139
mosque,noun,A2,Who can help us find the mosque?,88
province,noun,B2,We will have to travel across the entire province for the event.,140
painful,adjective,B1,My brother used to have a painful cough every winter.,178
brag,noun,B2,"I've just finished a big project, and I can't help but brag a little.",160
eyelid,noun,B2,My tired eyelid was noticed by everyone in the room.,156
end,verb,A2,I will end this meeting myself.,101
preoccupy,verb,B2,"This same worry has been preoccupying you for weeks, hasn't it?",165
voracious,adjective,C1,I wish I hadn't had such a voracious appetite as a teenager.,179
suburban,adjective,C1,Residents of this suburban neighborhood may organize a community garden.,96
student,noun,A1,This is a student.,5
sailor,noun,A1,What is it? It's a sailor.,8
clothing,noun,B2,They have decided to buy new clothing for the trip.,167
tedium,noun,C1,He is enduring the tedium of the long meeting.,71
endorsement,noun,C1,Was that official endorsement significant?,7
weekend,noun,A1,I don't go out at the weekend.,49
migration,noun,B2,We intend to study the patterns of bird migration this spring.,168
superficial,adjective,C1,Who is it? - It's a superficial analysis.,9
campaign,noun,B2,"The team fought hard, and their successful advertising campaign was the result.",149
unequivocally,adverb,C2,"If the evidence pointed unequivocally to his guilt, he would be arrested immediately, but it does not.",139
anticlimactic,adjective,C1,The entire build-up to the proposal felt rather anticlimactic after they'd already discussed marriage at length.,124
leg,noun,A1,You have a strong leg.,67
place,verb,B1,The accident placed many people in danger.,131
product,noun,A2,This product works perfectly.,112
coin,noun,A2,What can you do with this old coin?,87
comfortably,adverb,B2,Your luggage will be comfortably stored in the locker room.,146
appreciation,noun,B1,Who was feeling appreciation?,137
excessive,adjective,B2,The band's use of loud drums during their performance was excessive.,152
trash,noun,B1,I need to take out the trash before the bin collectors come.,180
common sense,noun,B1,She brought her common sense to the difficult situation.,124
meat,noun,A1,Where does he buy meat?,61
because,conjunction,A1,It isn't my phone because it is too big.,3
perpetuate,verb,C1,I am actively trying not to perpetuate outdated stereotypes through my casual conversations.,70
teacher,noun,A1,This isn't my teacher.,3
backpacking,noun,B1,Who was excited about backpacking?,137
level,verb,B2,The music was suddenly leveled by the sound engineer.,145
disappointed,adjective,A2,"I am disappointed, but my friend is more disappointed.",108
awe,noun,B2,I wish I could have felt the awe of seeing the Northern Lights in person.,179
exit,verb,B1,He quickly exited the building.,117
shop assistant,noun,A2,The shop assistant isn't helping me now.,73
them,pronoun,A1,This is a book. I like them.,19
physique,noun,C1,"The boxer's lean physique had been meticulously maintained, he dreamt.",153
resident,adjective,B1,The resident cat slept on the warm mat all afternoon.,115
half-price,adverb,A2,"In case you need some extra food, the shop is selling cakes half-price today.",104
vandal,noun,C2,There was no vandal at the park.,173
nephew,noun,B1,My nephew learned to ride his bike last summer.,125
mountain,noun,A1,He hasn't got a mountain.,15
sonnet,noun,B2,A beautiful sonnet was written for her birthday.,144
reward,noun,B1,The hard work that he put in brought him a great reward.,175
peace,noun,A1,Are there any signs of peace in this area?,41
derelict,adjective,C2,The old factory has been left derelict for years.,166
conglomerate,noun,C2,The small business will have to join a conglomerate to survive.,140
dearly,adverb,B2,The expensive mistake was dearly paid for.,166
moon,noun,A1,Does the rocket go to the moon?,59
way,noun,A1,What way is this road?,23
terrorism,noun,B1,The news about the terrorism attack hurt many people.,116
burst,verb,B1,"The little boy, who was always very shy, suddenly burst into laughter during the school play.",122
turret,noun,C2,The ancient castle's main turret will be restored next summer.,146
hostess,noun,C1,She will consider hiring a new hostess for the restaurant.,169
image,noun,A2,This old image looks older than the new image.,106
volunteer,noun,B2,The lost dog was found by a kind volunteer.,154
traveler/traveller,noun,A2,Can this traveler use the train pass?,86
excuse,noun,A1,This is an excuse.,5
socially,adverb,B1,He behaved awkwardly socially at the party.,121
running,noun,A2,May I go for a running?,98
worry,noun,A1,What kind of worry is this?,23
minor,adjective,B1,He was a minor actor in the play last year.,122
fanatically,adverb,C1,She guarded her collection of rare coins fanatically.,115
naive,adjective,C1,She must have been incredibly naive to believe such an obvious lie.,177
early,adjective,A2,I will wake up early for the flight.,78
farther,adverb,B1,She thought she could walk farther but her legs ached.,118
harm,verb,A2,Who is causing harm now?,76
strategic,adjective,B1,She made a strategic decision.,136
basis,noun,B1,It's helpful to have a clear basis for your decisions.,182
express,noun,A2,The artist's express is very interesting.,76
repay,verb,B1,My friend said that he would repay the money next week.,174
crumb,noun,C1,"The table was swept clean, not a single crumb remaining.",144
cream,noun,A1,"You like ice cream, don't you?",65
if,conjunction,A1,I don't know if he has a pen.,17
west,adverb,A2,The sun cannot be seen going west.,85
stockpile,noun,B2,A large stockpile of essential supplies was secretly built up by the local government.,145
slack,verb,C1,The rope slackened after we cut it.,129
interpersonal,adjective,B2,She enjoys developing her interpersonal skills through group activities.,170
criticism,noun,B2,There was no criticism of the proposal from the audience.,173
tightly,adverb,B1,Did you hold the rope tightly?,133
bellow,verb,B2,The coach was allowed to bellow instructions from the sideline during the game.,142
rental,noun,B2,Was the new rental property advertised online?,158
historical,adjective,B1,The city museum displayed a historical artifact.,131
wave,noun,A2,I must catch that wave.,90
obedient,adjective,B2,What kind of pets have you owned? - I've only ever had very obedient dogs.,163
imperceptibly,adverb,C2,He was imperceptibly allowed to borrow the book.,142
champagne,noun,A2,Will there be champagne at the party?,80
creepy,adjective,B2,He was able to make the whole situation seem a little creepy.,141
standard,noun,B1,The meeting standard was agreed upon by everyone.,137
eagerly,adverb,B2,The letter wasn't eagerly awaited by anyone.,157
volleyball,noun,A1,She teaches me volleyball.,46
tailor,noun,C1,Must the tailor be at the fitting by noon?,92
definite article,noun,B1,The student forgot the definite article.,136
bold,adjective,B1,The explorer made a bold decision.,131
winding,adjective,B2,"We had our old road, winding through the hills, resurfaced last spring.",181
ax/axe,noun,B2,I wish I hadn't lost the old **axe** my grandfather used for camping trips.,179
farce,noun,C1,The entire trial has become a complete farce that we must bring to a swift conclusion.,90
antics,noun,C1,They won't stop their silly antics at the party.,79
root,noun,A2,What will be the root of the problem?,81
lean,adjective,B1,"The thin, lean boy ran quickly.",116
inflammation,noun,B2,The doctor recommended further tests for the persistent inflammation.,170
major,adjective,A2,I am not wearing a major hat today.,73
sentimentally,adverb,C1,He sentimentally cherished the old photographs he discovered.,114
disagree,verb,A2,They disagree with the prohibition.,91
thermometer,noun,B2,He will be able to read the temperature accurately with the new thermometer.,141
following,adjective,A1,She gives me the following book.,46
rapport,noun,C1,There isn't a rapport between the rival teams.,37
linear,adjective,C1,The twelfth student in the linear arrangement received the top prize.,113
conference,noun,B2,The delegates had already flown to the conference before the snow began.,155
juvenile,noun,C1,That juvenile can't have stolen the entire cake – there's still a slice left.,177
writer,noun,A1,What has the writer got?,18
long,adjective,A1,It isn't a long road.,3
we,pronoun,A1,We are friends.,19
edifice,noun,C2,They will have to preserve the ancient edifice.,140
double,verb,B2,The team will double their efforts to finish the project on time.,151
habitation,noun,C2,I wish they had found a suitable habitation before the winter began.,179
strapping,adjective,C1,"He would always seem so strapping in his early days, full of youthful vigour.",178
damn,interjection,B2,"Damn, that music has sung its last note.",152
fatal,adjective,B2,No one escaped the fatal consequences of the accident.,173
delicious,adjective,A1,This isn't a delicious cake.,6
keeper,noun,B2,He'll be a good keeper of secrets for the team.,141
rash,adjective,B2,He will be able to afford a better car if he doesn't make any more rash decisions with his money.,141
snowboard,noun,B1,I'm excited to try out my new snowboard tomorrow.,180
about,adverb,A1,Is there a cat about the house?,38
DVD,noun,A1,What does he buy? - He buys a DVD.,60
repeatedly,adverb,B1,She asked me to help her repeatedly.,125
trace,verb,B2,We had the ancient manuscript's origins traced by the historians.,181
pinnacle,noun,C1,She vowed to reach the pinnacle of her career.,168
bet,verb,B1,I didn't bet on that horse.,134
confabulation,noun,C2,His wild confabulation about encountering a unicorn was truly unbelievable.,154
fabrication,noun,C2,"The committee was shown the fabrication, which was then dismissed.",150
stamina,noun,C1,I am running low on stamina during this marathon.,70
maggot,noun,C2,I wish that tiny maggot hadn't been in my sandwich.,179
lovely,adjective,A1,There isn't a lovely cat in the garden.,37
cheer,verb,A2,Who may cheer for the team?,100
entrepreneur,noun,B2,She enjoys being an entrepreneur and creating new businesses.,170
envisage,verb,C1,"We will envisage a significant improvement in efficiency, won't we?",83
trunk,noun,B2,She denied leaving her keys in the car trunk.,169
pedicure,noun,C1,Are there any readily available pedicure appointments for this afternoon?,41
road,noun,A2,This old road isn't as wide as the new road.,110
commensurately,adverb,C2,"She is allowed to take more responsibilities, and her pay will commensurately increase.",142
pal,noun,A2,"If you need help, my pal will be there.",102
vestigially,adverb,C2,The old building's decorative carvings are vestigially appreciated by architectural historians.,144
imagination,noun,A2,Her imagination is truly wonderful.,112
potentially,adverb,B2,This new medication could potentially cause some side effects.,159
spectacle,noun,B2,I wish I hadn't made such a spectacle of myself at the party.,179
fuel,noun,B1,The truck needed more fuel yesterday.,115
hearing,noun,B1,She lost her hearing after that loud concert.,119
disapproval,noun,B2,They didn't intend to show their disapproval.,168
incumbent,noun,C2,The incumbent will be able to continue their work if re-elected.,141
mouse,noun,A1,The cat watches the mouse.,57
deduction,noun,B2,We are allowed to make a deduction based on the available evidence.,142
sponsor,noun,B1,The charity was seeking a new sponsor for the upcoming event.,126
packed,adjective,B2,The train will have to be packed for me to consider taking it.,140
underline,verb,B1,She underlined her name on the list.,128
geography,noun,B1,She studied the geography of ancient civilizations.,114
idle,adjective,B2,My hands are still idle from finishing the report.,160
calculate,verb,B1,She calculated the cost of the trip.,129
spare,verb,B2,"You haven't managed to spare any time for that project, have you?",165
dig,noun,A1,What colour dig do you want?,54
fund,noun,B1,"You didn't forget about the charity fund, did you?",138
historic,adjective,B1,The old library was a historic building in our town.,123
mobility,noun,B2,My grandmother's improved mobility has allowed her to rejoin her gardening club.,164
mediocrity,noun,C2,What kind of work is acceptable? - Anything but mediocrity.,163
careful,adjective,A1,There are no careful students in this class.,40
delicate,adjective,B1,The vase that my grandmother gave me is very delicate.,175
attendance,noun,B2,Our teacher noticed an improvement in student attendance throughout the semester.,141
progress,noun,B1,Who was satisfied with the team's progress?,137
rudely,adverb,B1,He rudely thought about leaving the party early.,118
month,noun,A1,This is a month.,19
remembrance,noun,B1,The quiet ceremony offered a moment of remembrance for everyone.,115
absentee,noun,B2,The company had the absentee voter's ballot processed immediately.,181
postpone,verb,B2,Our meeting was postponed until next week.,145
fold,verb,B1,She folded the letter carefully.,129
startlingly,adverb,C1,"His speech, delivered unexpectedly, was startlingly effective.",125
abhor,verb,C2,What have you seen that you absolutely abhor?,163
chicken,noun,A1,I've got a chicken.,10
aristocracy,noun,B2,What did you learn about the local aristocracy?,163
